"id","political_party","tweet","nrc_lexicon","robertuito_transformer","gemini_llm"
"1335270210018938880","ciudadanos","🤥 Sánchez mintió sobre el comité de expertos.  🤦‍♂️ Mintió sobre la derrota del virus.  🤯 Y ahora Transparencia confirma que también mintió sobre el informe de la Universidad Johns Hopkins...   ⁉ ¿Cuántas mentiras más?  https://t.co/G2rbLTD7Qw","negative","negative",NA
"1335238751048650755","ciudadanos","⚠ Espían a nuestros hijos en Cataluña y ahora quieren hacer lo mismo en Baleares.   ❌ Basta ya de imponer el modelo separatista en la educación.   🍊 Defenderemos el #EspañolEnTodaEspaña  🗞  https://t.co/EgiokkfqYW  https://t.co/4M3NhwayH9","neutral","negative",NA
"1335193453379153921","ciudadanos","⛔ En España nunca más se volverá a esterilizar a una niña o una mujer en contra de su voluntad.   🍊Gracias a la ley #STOPEsterilizaciónForzosa impulsada por Cs hemos acabado con esta práctica aberrante.   👉 Seguimos trabajando por la igualdad de las personas con discapacidad.  https://t.co/t9CoQ3QUr4","negative","negative",NA
"1335145639777329154","ciudadanos","👋 #BuenosDías.   🍊 Desde Cs estamos orgullosos de lo que hemos conseguido en el camino de los presupuestos.   ✅ Además de frenar una subida de impuestos a las familias y dejar a Sánchez en evidencia...  💪 Hemos conseguido la #TarjetaSanitariaÚnica  https://t.co/SarnZZRiHE","positive","neutral",NA
"1334914114179780608","ciudadanos","En el día en que el Supremo revoca el tercer grado a los presos del 'procés'...  📽 @CarrizosaCarlos da esta lección a la izquierda que pacta con separatistas:  👉 Llamen por su nombre a lo que piden para los condenados: privilegios.  ⚖ Respeten de una vez a los jueces.  https://t.co/P6Dn5hK6hV","positive","negative",NA
"1334883157141667840","ciudadanos","🙋‍♂️ ¿Tienes entre 18 y 35 años y eres afiliado o simpatizante de Cs?  🏆 ¡Apúntate al #TorneoDeOratoriaCs!  🗓️ Rellena este formulario para inscribirte antes del 13 de diciembre 👉  https://t.co/xP0hsdXw0e  📽️ ¡Descubre todos los detalles en este vídeo! 👇  https://t.co/wzhEiiCwU4","positive","neutral",NA
"1334854804405882880","ciudadanos","El día de la Constitución española, los socios de Sánchez pretenden pisotearla con un acto por una 'república vasca'.  🇪🇸La España de iguales, de la que Euskadi forma parte, es más fuerte que sus ataques.  ❌ El PSOE los podrá llamar 'patriotas', pero no engañan a nadie...  https://t.co/JkfWYZIt2P","neutral","negative",NA
"1334832389961502723","ciudadanos","🍊 @InesArrimadas ""Nuestro objetivo es que Cataluña vuelva a ser una tierra próspera"" #ActualidadCs  🗳💪 El 14 de febrero queremos abrir una nueva etapa de futuro.  ✅ Vamos a dar carpetazo al 'procés'.  https://t.co/wQPlcS6Yk9","positive","neutral",NA
"1334832090463023104","ciudadanos","🤯 En medio de una gran crisis, ERC negoció los presupuestos pensando en el 'procés' y en los privilegios.  🍊 @InesArrimadas ""Ya basta de que la Generalitat piense más en Junqueras que en los comerciantes afectados por la pandemia"" #ActualidadCs  https://t.co/s7K95ANlJr","negative","negative",NA
"1334831210489667585","ciudadanos","❌ La Generalitat de Cataluña desprecia a autónomos y pymes.  😓 Crearon una supuesta web de ayudas que era una auténtica chapuza.  🍊 @InesArrimadas ""Proponemos dar ayudas de hasta 4.000 euros, como se hace en otras CCAA"" #ActualidadCs  https://t.co/DCbI8YxR3w","neutral","negative",NA
"1334830500834390016","ciudadanos","🚨 Nou Barris es uno de los distritos más abandonados por el Ayuntamiento de Barcelona.  ⛔️ Los comerciantes han tenido que cerrar y no les han dado ayudas.  🍊 @InesArrimadas ""Presentamos hoy un plan de contingencia para autónomos y pymes"" #ActualidadCs  https://t.co/XaUb3fNqtg","neutral","negative",NA
"1334828539489751041","ciudadanos","🍊 @InesArrimadas se encuentra hoy de visita en Nou Barris junto al equipo de @CiutadansCs.  ✅💪 Trabajamos para dar carpetazo al 'procés' y abrir una nueva etapa en Cataluña.  📡 No te pierdas #EnDirecto su intervención.  https://t.co/B3qiNNYrgg","positive","neutral",NA
"1334807627474350080","ciudadanos","📚 Con la 'Ley Celaá', en Andalucía deberán conocer el catalán...  📺 @CarrizosaCarlos ""Y el idioma que toda España habla no se podrá hablar en Cataluña"" en @elprogramadear  🍊 ¡Basta ya! Defenderemos el #EspañolEnTodaEspaña  https://t.co/qpMqtHgF47","positive","negative",NA
"1334806393073889281","ciudadanos","👉 En 2017 demostramos que la mayoría de los catalanes no son independentistas.  📺 @CarrizosaCarlos ""Somos rehenes de una ley electoral injusta que le da la mayoría a los secesionistas cuando no la tienen"" en @elprogramadear  https://t.co/FdcFgDfZTF","positive","negative",NA
"1334804745920405506","ciudadanos","❗️El Supremo revoca el tercer grado a los presos del 'procés' porque es un tratamiento penitenciario privilegiado.  📺 @CarrizosaCarlos ""Lo de estos señores es un agravio para los presos en Cataluña que no tienen de amiguita a la consellera de Justicia"" en @elprogramadear  https://t.co/PGPtxVuYBx","positive","negative",NA
"1334803631019855873","ciudadanos","🤦‍♂️Es lamentable que el PSOE haya optado por la vía radical.  📺@CarrizosaCarlos ""Hablan de reconstruir. ¿Reconstruir qué con quienes quieren destruir España?"" en @elprogramadear  ❌ Jamás podrán decir que no tuvieron una opción moderada con Cs para ayudar a las familias.  https://t.co/vapBq2yl88","negative","negative",NA
"1334803256141361152","ciudadanos","⁉️ ¿Te perdiste la participación de @CarrizosaCarlos en el debate de @elprogramadear?  😉 ¡Descuida!  📽 A continuación te resumimos lo mejor.  https://t.co/JN3hQ0CQed","positive","neutral",NA
"1334785834852233221","ciudadanos","👋 #BuenosDías.   🍊 Llegamos al viernes orgullosos del trabajo realizado en los presupuestos.   ✅ Hemos frenado una subida de impuestos a las familias ✅ Hemos conseguido la #TarjetaSanitariaÚnica  ✅ Hemos dejado a Sánchez en evidencia   📻 @BalEdmundo en @esRadio  https://t.co/cew6bLzN57","positive","neutral",NA
"1334581167253762048","ciudadanos","🤔 ¿Los que quieren romper nuestro país apoyarían unos Presupuestos buenos para los españoles?   ❌ Está muy claro que no.  🤦‍♀️ Sánchez pudo haber seguido la vía moderada de Cs, pero prefirió la radicalidad de Bildu y ERC.  🏛 @InesArrimadas hoy en #Pleno  https://t.co/jTc0IMwrzv","negative","negative",NA
"1334558413657939969","ciudadanos","🏅 Hoy entregamos a Rafa Nadal la Gran Cruz de la Orden del Dos de Mayo.  🎾 Además de ser un gran ejemplo en la pista, ha logrado que los ciudadanos creamos que imposible es solo una opinión.  👏 ¡Grande, @RafaelNadal!   https://t.co/a9zWrkUCJn","neutral","positive",NA
"1333391127588851716","ciudadanos","❌ El Gobierno se ha equivocado de socios.  ⛔️ El separatismo ya está sacando pecho en lugar de ser frenado por la moderación.  📡 @BalEdmundo ""Los amigos de Pedro Sánchez son los que hablan de una república vasca y de un referéndum en Cataluña"" #ActualidadCs  https://t.co/jopTVW4MZZ","negative","negative",NA
"1333389477121826817","ciudadanos","📡@BalEdmundo atiende a los medios de comunicación tras la reunión del Comité Permanente de Cs.  🍊 ¡Mantente al día de la #ActualidadCs!  🔛 Sigue la declaración #EnDirecto  https://t.co/2hSqNfU22E","positive","neutral",NA
"1333381968839516160","ciudadanos","🍊🇪🇺Desde Cs seguimos trabajando para reforzar el proyecto común europeo.  🏛@InesArrimadas, @MarinaBS_Cs y @BalEdmundo se han reunido en el @Congreso_Es con el secretario de Estado de Asuntos Europeos de Francia, @CBeaune, y el embajador de Francia en España, Jean-Michel Casa.  https://t.co/mAjfuBXuPf","positive","neutral",NA
"1333358713223188480","ciudadanos","🚨El PSC mira hacia otro lado ante la corrupción de ERC.  📡@CarrizosaCarlos ""Lo que quieren es un tripartito para que todo siga igual"" #ActualidadCs  🔴🔵El bipartidismo ha negado a los catalanes una plataforma unitaria, pero Cs es la opción para acabar con el separatismo.  https://t.co/qUxouyaPL5","negative","negative",NA
"1333358349556080641","ciudadanos","⛔️ Laura Borràs pedía falsificar facturas y presupuestos para asignar contratos a dedo...  🎗 ... Pero al separatismo no le importa, la nombran candidata a la Generalitat.  📡 @CarrizosaCarlos ""Les da igual la corrupción, lo tapan todo con la bandera"" #ActualidadCs  https://t.co/SjktnJGDWn","negative","negative",NA
"1333357115654762497","ciudadanos","🚉La mala gestión del separatismo genera un sobrecoste de 5.000 millones en las obras de la línea 9 del metro de Barcelona  📡@CarrizosaCarlos ""El equivalente a un año de presupuesto de educación totalmente dilapidado"" #ActualidadCs   ❌Otro ejemplo de la corrupción del 'procés'  https://t.co/GPh0ZVVdS3","neutral","negative",NA
"1333355683350188034","ciudadanos","😷 El #COVID19 y las restricciones merman los ingresos y generan despidos y cierres de comercios.  📡 @CarrizosaCarlos ""Es urgente que desde las instituciones se tomen medidas para dinamizar la actividad económica"" #ActualidadCs  https://t.co/8K2De2ZwdD","negative","negative",NA
"1333352495943475200","ciudadanos","📡 @CarrizosaCarlos visita Santa Coloma para conocer las preocupaciones de los vecinos y comerciantes.  🔛 Sigue su declaración #EnDirecto en este enlace:  https://t.co/KeFZ8FijJk  https://t.co/9NjmxGF7jy","neutral","neutral",NA
"1333329203656347649","ciudadanos","👋#BuenosDías, Ciudadanos  📹Empezamos la semana con una nueva entrega del #VlogDeMel  📚@MelisaRguezH explica las claves de la 'Ley Celaá' 👉Atropella el #EspañolEnTodaEspaña 👉Ataca la educación especial 👉Arremete contra la concertada  ▶️¡Dale al play!  https://t.co/S2cBPTJLWn","positive","negative",NA
"1333148732775403526","ciudadanos","✒@lugaricano ""Madrid no roba a nadie, no se beneficia de una situación privilegiada. Su contribución al Fondo de solidaridad lo desmiente"".   ⚠Es lamentable que el Gobierno insulte a los ciudadanos aceptando tesis independentistas.    En @elespanolcom ▶  https://t.co/Ie6aG8EMv8  https://t.co/mNiieXvI4p","negative","negative",NA
"1333104571758108679","ciudadanos","🎭La cultura salva estados de ánimo. No podíamos abandonarla en estos duros momentos.   💸La @ComunidadMadrid destinará 2M de € en patrocinios que beneficiarán a 41 espacios escénicos.  📽️¡Lo cuentan @ignacioaguado y @CiudadanaMartaR! #LaCulturaEsSegura    https://t.co/IMuQp3ZXGZ","positive","positive",NA
"1333065130846859264","ciudadanos","🤦‍♂️ Cuando se unen el PSOE y el nacionalismo para gobernar, pasan cosas como esta...  ❌ Las mascotas son parte de la familia, pero cuando hay colas del hambre y miles de personas muriendo por una pandemia, un concierto para perros no es una prioridad.   ▶  https://t.co/YD5Y8CSM6z  https://t.co/KA1UKIyZBk","neutral","negative",NA
"1333024738176856065","ciudadanos","🍊 La tramitación de los #PGE llega a su fin y Cs ha cumplido: ✅ Frenamos locuras económicas de Podemos. ✅ Evidenciamos que Sánchez tenía la opción moderada de Cs para sacar estas cuentas.  🇪🇸 @InesArrimadas ""España es un gran país y merece la pena seguir luchando por él"".  https://t.co/euVoVsCCqJ","positive","neutral",NA
"1332981717238484994","ciudadanos","🌤 ¡Buenos días y #FelizDomingo!   ⚠️ En el Gobierno #EligenRadicalidad para los Presupuestos, algo éticamente inaceptable y aritméticamente innecesario.   📻 @BalEdmundo ""Cs ha cumplido con su deber por los españoles. Sánchez jamás podrá decir que no tenía otra opción"" en @COPE  https://t.co/6KPDdu3Xse","negative","negative",NA
"1332804291380252673","ciudadanos","Juan de Dios Román es una leyenda de nuestro balonmano, el alma, guía y emblema de una selección que nos dio muchas alegrías a todos los españoles. Su legado quedará siempre entre nosotros y nunca le olvidaremos.  Nuestro más sentido pésame a aus familiares y amigos. DEP🖤🇪🇸","negative","negative",NA
"1332769479709757440","ciudadanos","❗️ Es increíble que Sánchez quiera lavar su imagen visitando el Hospital de la Paz cuando lleva muriendo gente desde marzo.   📽 @begonavillacis ""No ha llamado a Madrid en toda la pandemia. Debe ser más presidente y menos sectario"" #ActualidadCs   👉 Los ciudadanos lo merecen.  https://t.co/cJONUVhc1n","positive","negative",NA
"1332768472867082240","ciudadanos","🍊Lo fácil era quedarse en la crítica, pero ha sido Cs quien ha conseguido: ✅ Dejar en evidencia a Sánchez.  ✅ Evitar subidas de impuestos a las familias, pymes y autónomos.   📽 @begonavillacis ""Sánchez jamás podrá decir que no tuvo otra opción"" #ActualidadCs  https://t.co/BasyM0LcRQ","negative","negative",NA
"1332767969655578625","ciudadanos","📡 Hoy @begonavillacis ha atendido a los medios de comunicación tras inaugurar el Belén de Madrid.   👉 ¡Te dejamos un resumen de sus declaraciones! #ActualidadCs  https://t.co/aSw7OwF2u8","neutral","neutral",NA
"1332734735605501952","ciudadanos","❌ #LaEspañaQueNosMerecemos NO es una en la que nuestro futuro lo eligen Otegi y Rufián.   🚨 El apoyo al separatismo es éticamente inaceptable y, gracias a Cs, era aritméticamente innecesario.   👉 #EligenRadicalidad y no la moderación. Los españoles merecen una explicación.  https://t.co/83Rz2j6ASX","negative","negative",NA
"1332689933996322819","ciudadanos","🚨El Gobierno escogió sacar los presupuestos con ERC y Bildu:  ❌Eligen chantajes en vez de igualdad y libertad para los españoles.  ❌Eligen privilegios en vez de congelar el sueldo a los políticos. ❌#EligenRadicalidad en vez de la moderación de Cs.  👎🏻 Sánchez quedó retratado.  https://t.co/IdVVvnoPYx","negative","negative",NA
"1331547189689143296","ciudadanos","‼️ Quieren obligar a las familias a enviar a sus hijos a las escuelas que les toca según su territorio.  👨‍🏫 @JosepmPrats ""Esta #LeyCelaá un ataque muy grave y una agresión"" #EspañolEnTodaEspaña  https://t.co/ZVRluON0i6","negative","negative",NA
"1330860123812663298","ciudadanos","⛔️ La semana pasada se aprobó la octava contrarreforma educativa sin ningún tipo de consenso.  🚨 @InesArrimadas ""Es un ataque a la libertad: las familias que quieren que sus hijos vayan a una escuela especial tienen el derecho de que así sea"" #ActualidadCs  https://t.co/r04cMcFtFR","positive","negative",NA
"1330858400943644676","ciudadanos","¡No te pierdas la rueda de prensa de @InesArrimadas tras la reunión del Comité Permanente de Cs! Síguelo #EnDirecto  https://t.co/g6FhkwRztp","neutral","neutral",NA
"1330797914801770497","ciudadanos","📻 @IgnacioAguado ""Necesitamos una ley educativa que nos permita educar no solo durante una legislatura, sino a una generación"" en @LasMananas_RNE  ❌ Basta de ideologizar la educación.  🚨La 'Ley Celaá' es una aberración y presentaremos un recurso en el Tribunal Constitucional.  https://t.co/2nIffG5Znu","positive","negative",NA
"1330794169015656448","ciudadanos","🦠 La pandemia no acaba en diciembre.   📚 Necesitamos mantener los refuerzos educativos en los colegios.  📻 @IgnacioAguado ""Pedimos al Gobierno de España que amplíe los fondos #COVID19 para seguir manteniendo los contratos de 9.500 profesores"" en @LasMananas_RNE  https://t.co/EVnexdCmxA","negative","neutral",NA
"1330792861571411969","ciudadanos","🏥 En la Comunidad de Madrid hemos contratado más de 10.000 médicos desde la primera ola de #COVID19.  📻@IgnacioAguado ""Hay que intentar buscar por todos los medios más personal cualificado"" en @LasMananas_RNE  ✅Ahora queremos contar con los farmacéuticos para hacer más test.  https://t.co/QXN7gL0g0L","positive","neutral",NA
"1330790763337281537","ciudadanos","👉 La Comunidad de Madrid estará cerrada perimetralmente en el puente de la Constitución.   📻 @IgnacioAguado ""No nos podemos relajar, la curva tiene que seguir bajando"" en @LasMananas_RNE  🍊Nuestra prioridad es salvar vidas y empleos.  https://t.co/p6IhsocMIe","positive","neutral",NA
"1330788168300421126","ciudadanos","😷 La lucha contra la #COVID19 necesitaba una estrategia común desde el principio.  🍊 Desde Cs siempre reclamamos un Plan Nacional al Gobierno de España.   📻 @IgnacioAguado ""Ojalá que con respecto a la vacuna sí haya una estrategia común"" en @LasMananas_RNE  https://t.co/hEznd9zYNY","negative","neutral",NA
"1330783768211320837","ciudadanos","👋 #BuenosDías, Ciudadanos.  📻 Empezamos el lunes con @IgnacioAguado en @LasMananas_RNE.  📡 Síguelo #EnDirecto en este enlace:  https://t.co/FF7PKb5hro  ¡No te lo pierdas!  https://t.co/DmZDI89fhl","positive","neutral",NA
"1330585607760916485","ciudadanos","🧙‍♂️ Parece que el Gobierno pretendía que la crisis migratoria en Canarias se resolviera... ¡Por arte de magia!    🤯 Sentándose a esperar a que llegase el mal tiempo.  🍊 ¡@MelisaRguezH explica las propuestas de Cs en la nueva entrega del #VlogDeMel!  https://t.co/DCgeRKujJ5","negative","neutral",NA
"1330550317554036737","ciudadanos","🇪🇺 ¿Sabías que @Cs_Europa juega un papel clave en la batalla judicial a Puigdemont en Bruselas?  🍊 Descubre la labor de nuestro eurodiputado @AdrianVL1982 que preside la Comisión de Asuntos Jurídicos encargada de resolver el suplicatorio del expresidente.  https://t.co/DFptKGaYa3  https://t.co/NwMFmlbWY4","positive","neutral",NA
"1330503087824449536","ciudadanos","⛔️ ¡No queremos boicots!   📡 @begonavillacis ""Necesitamos el consenso de todas las fuerzas políticas para elaborar por primera vez en España un Pacto por la Educación"" #StopLeyCelaa   📚 Urge una ley educativa con vocación de permanencia que dé estabilidad.  https://t.co/O4QFz6xBrm","positive","negative",NA
"1330501047350079488","ciudadanos","🍊 Desde Cs ofrecemos todo nuestro apoyo a la educación concertada y especial.  📢 ¡Escuchen a los padres de niños con necesidades especiales!  📡 @begonavillacis ""Es muy fácil hablar desde las tribunas y los despachos, pero la realidad es otra"" #StopLeyCelaá  https://t.co/jdlEi6YePW","positive","neutral",NA
"1330499399215149058","ciudadanos","👉 La #LeyCelaá va más allá de la pública, la concertada o la especial, ¡es una cuestión de libertad!  ❌ El PSOE no puede suplantar a los padres ni decidir por ellos.  📡 @begonavillacis ""Como madre, sigo queriendo decidir cuál es la mejor educación para mis hijas"" #StopLeyCelaá  https://t.co/cWzyPsoooY","positive","negative",NA
"1330497976104603652","ciudadanos","📡 @begonavillacis y @MarianoFuentesS han asistido a la manifestación #StopLeyCelaá junto a miles de familias en Madrid para defender la educación concertada y especial.   📽️ A continuación ha atendido a los medios de comunicación. ¡Te dejamos un resumen!  https://t.co/B9bqMHPx1R","positive","neutral",NA
"1330489860831010822","ciudadanos","👉 Lo piden los líderes históricos del PSOE... 👉 Lo piden algunos ministros... 👉 Lo piden más de la mitad de los votantes socialistas...  ⏳ Aún hay tiempo de que Sánchez rectifique y escoja la vía moderada que España necesita.   https://t.co/ftpdqFRmwv","neutral","neutral",NA
"1330473330726612995","ciudadanos","🔙 Pablo Iglesias decía que Ana Botella era alcaldesa por ser la mujer de Aznar.  👉 Ahora dicen que Irene Montero es ministra por ser la pareja de Iglesias.  🤚 ¡Basta! Hay que dejar de cavar trincheras y de cuestionar a las mujeres.  📺 Gran respuesta de @InesArrimadas.  https://t.co/1dfrkuvbj7","negative","negative",NA
"1330444200077299712","ciudadanos","☀ ¡Buenos días y #FelizDomingo!  🍊 Nueva #SemanaNaranja haciendo #PolíticaÚtil en el @Congreso_Es:  👉Advertencia a Sánchez: Cs o ERC y Bildu. 👉NO a la #LeyCelaá. 👉Permiso parental por cuarentena. 👉Control del estado de alarma.  📽 ¡No te pierdas este resumen!  https://t.co/h6zSm8rkLa","positive","neutral",NA
"1330268639208017921","ciudadanos","😡 Podemos está molesto con Cs porque hemos frenado muchas de sus medidas radicales.  🔜 @InesArrimadas ""Con los presupuestos veremos quién manda en el Gobierno: Pablo Iglesias o el PSOE"" #L6Nnobajarguardia  https://t.co/6TilAbql3H","negative","negative",NA
"1330267451091775498","ciudadanos","🔵🔴 En 40 años de democracia, el bipartidismo NUNCA se ha sentado a negociar unos presupuestos para España.  📺 @InesArrimadas ""Es bochornoso y es momento de hacer un reset para que se alcancen grandes acuerdos para nuestros país"" #L6Nnobajarguardia  https://t.co/mPRV73UM5M","positive","negative",NA
"1330267126893043712","ciudadanos","🤔 ¿En el futuro qué le vamos a contar a nuestros hijos?  ❌ Que solo se criticó y NO se ofrecieron soluciones. ✅ Que se hizo #PolíticaÚtil con sentido de Estado.  📺 @InesArrimadas ""Es el momento de trabajar con principios para hacer cosas extraordinarias"" #L6Nnobajarguardia  https://t.co/p6YHiOyQfP","positive","negative",NA
"1328616028184727552","ciudadanos","👉Los que hoy defienden que pactar con Bildu es normalidad democrática...  🤦‍♂️ También defendían a Sánchez cuando decía que no pactaría nada con Bildu.  📻 @InesArrimadas ""Hay dirigentes como Lastra y Ábalos que solo defienden al presidente a pesar de lo que diga"" @HerreraenCOPE  https://t.co/eyhdBojT88","positive","negative",NA
"1328615628576595975","ciudadanos","‼️ La vía de Cs es incompatible con la de Bildu y ERC.  📻 @InesArrimadas ""Si el Gobierno acepta nuestras condiciones de igualdad y ayuda a las familias, autónomos y pymes, el separatismo rechazaría esas cuentas"" @HerreraenCOPE  https://t.co/ygWJQwiXg2","neutral","negative",NA
"1328614207626022914","ciudadanos","¿Qué exigimos para apoyar los presupuestos?  👉 Medidas económicas para superar la crisis. 👉 Revertir la cesiones dadas ante el chantaje del separatismo.  📻 @InesArrimadas ""Trabajamos para beneficiar a todos los españoles"" @HerreraenCOPE  https://t.co/a06dEzFOLQ","negative","negative",NA
"1328613651234885633","ciudadanos","💪 Mientras otros se dedicaban a gritar, Cs ha conseguido:  ✅ Evitar la subida del IVA a la educación concertada y especial y a la sanidad. ✅ Frenar el incremento del IRPF a la clase media. ✅ Impedir la subida del impuesto de sociedades.  📻 @InesArrimadas en @HerreraenCOPE  https://t.co/98eJT9j2w3","negative","neutral",NA
"1328612513118892032","ciudadanos","⁉️ ¿En La Moncloa manda Iglesias o el PSOE?  🇪🇸 Lo mejor para España es una vía moderada con Cs para los presupuestos.  📻 @InesArrimadas ""Si Sánchez va por el camino de Bildu y ERC será evidente que lo hace porque quiere"" @HerreraenCOPE  https://t.co/f4J9NJhh82","positive","neutral",NA
"1328606304219303936","ciudadanos","👋 #BuenosDías, Ciudadanos.   📻 Empezamos el martes con @InesArrimadas en @HerreraenCOPE.  📡 Acompáñanos. Sigue la entrevista #EnDirecto en este enlace 🔛  https://t.co/6S6HRFIqEN  https://t.co/xYudY22vpm","positive","neutral",NA
"1328455754114797570","ciudadanos","🇪🇸 Necesitamos unos presupuestos que beneficien a la mayoría de los españoles.  📻 @carrizosacarlos ""Aunque Podemos y ERC intenten expulsarnos de la negociación, Cs se mantendrá sentado hasta el final"" en @24horasR   👉 Sánchez tiene que elegir entre la vía moderada y la radical.  https://t.co/ZcZSZbo1BC","positive","neutral",NA
"1328453055600336900","ciudadanos","🔙 La gestión de la pandemia de Torra se distinguía por echar la culpa de todo a España.  🤦‍♂️ Y ahora hemos pasado a las peleas internas entre ERC y JxCat.  📻 @carrizosacarlos ""Los catalanes estamos abandonados a un gobierno inoperante en medio de una pandemia"" en @24horas_rne  https://t.co/TWUK7iKv9x","negative","negative",NA
"1328436532831793158","ciudadanos","🌙 ¡Termina la noche del lunes con nosotros!  📻 En unos minutos, @carrizosacarlos estará comentando la actualidad política en @24horas_rne.  🔛 ¡No te lo pierdas! Síguelo #EnDirecto aquí 👉  https://t.co/PihAlQH4J1  https://t.co/FaNLxyy0iR","positive","neutral",NA
"1328403468990767106","ciudadanos","💸 En lugar de despilfarrar el dinero de todos los españoles en 1.212 asesores enchufados...  ✅ ¡Inviértanlo en ofrecer soluciones!  🍊 Cs seguirá exigiendo que los presupuestos incluyan ayudas directas para autónomos y pymes.  https://t.co/SLxwtaOAaj","positive","negative",NA
"1328357102474178563","ciudadanos","🗳 ¿El PSC está con el constitucionalismo o con ERC y Podemos?  ❌ ¡Cataluña NO necesita un segundo 'procés' ni un tercer tripartito!  🇪🇸 Sino un gobierno serio y transversal que ofrezca soluciones a los ciudadanos.  https://t.co/r5YbPdDEY4","neutral","neutral",NA
"1328322045512388609","ciudadanos","🇪🇺Debemos seguir el ejemplo de Europa: NO podemos abandonar a los autónomos y pymes.  📡@MelisaRguezH ""Políticos desconectados como Oskar Matute, que dicen que no hay ciudadanos de clase media que lo están pasando mal, deben ir a la calle y conocer la realidad"" #ActualidadCs  https://t.co/V1CbZcnmMJ","negative","negative",NA
"1328320626839474176","ciudadanos","❓ El Gobierno debe explicar: ¿por qué en un momento de crisis se suben el sueldo y multiplican los asesores?  📡 @MelisaRguezH ""¿Con qué cara le van a decir a los ciudadanos que tienen que apretarse el cinturón?"" #ActualidadCs  https://t.co/nHPkicRxyb","negative","negative",NA
"1328320398015033345","ciudadanos","⁉️ ¿Es momento de unos presupuestos para las familias, autónomos y pymes?...  ❌ ...¿o unas cuentas que contenten al separatismo y atropellen al español?  📡 @MelisaRguezH ""Que el Gobierno rectifique sus leyes ideológicas y demuestre si tiene altura de miras"" #ActualidadCs  https://t.co/v5IwIUVs29","negative","negative",NA
"1328319589734895616","ciudadanos","🚨 El #TransfuguismoEsCorrupción y no debe quedar ninguna duda.  Tras 1️⃣0️⃣ años hemos conseguido reactivar el Pacto Antitransfuguismo.  📡 @MelisaRguezH ""Hay que erradicar esta práctica que vulnera la voluntad de los votantes"" #ActualidadCs  https://t.co/Jrlwdwkiy9","negative","negative",NA
"1328319270816780288","ciudadanos","✅ Ya evitamos que se subieran los impuestos a la clase media.  👉 Ahora queremos blindar la igualdad y la unidad de España y las medidas positivas para la economía.  📡 @MelisaRguezH ""Hay tiempo y negociaremos hasta el último día"" #ActualidadCs  https://t.co/yr6JP6zkqF","positive","neutral",NA
"1328318220550483971","ciudadanos","🇪🇸 ¡Todavía estamos a tiempo de tener unos presupuestos sensatos para España!  👉 ¿Manda Pablo Iglesias o el PSOE?  📡 @MelisaRguezH ""Sánchez debe decidir: apoyar a los españoles con Cs u optar por el separatismo y su proyecto excluyente"" #ActualidadCs  https://t.co/QCWFknu8Bj","neutral","neutral",NA
"1328315560023781376","ciudadanos","📡 @MelisaRguezH atiende a los medios de comunicación tras la reunión del Comité Permanente de Cs.  👉 Entérate de todos los temas de la semana.  🔛 ¡No te lo pierdas #EnDirecto!  https://t.co/b1kxCmxB2Y","neutral","neutral",NA
"1328258924336836608","ciudadanos","🤝 En Cataluña es necesaria una lista conjunta del constitucionalismo para dar soluciones a los ciudadanos.  ❌ ¡NO necesitamos un segundo 'procés' ni un tercer tripartito!  📺 @InesArrimadas ""Pedimos al PSC que elija bien"" #LaHoraInésArrimadas  https://t.co/2I6h9taF90","positive","neutral",NA
"1328258398459195394","ciudadanos","⛔️ El PSOE pide responsabilidad a nivel nacional, pero donde es oposición, como en Andalucía, NO quiere llegar a acuerdo.  📺 @InesArrimadas ""El único partido que hace lo mismo y busca el diálogo desde el gobierno y desde la oposición es Cs"" #LaHoraInésArrimadas  https://t.co/jCH2Z0t5Wj","positive","negative",NA
"1310917883187339269","ciudadanos","🏛 En unos minutos, @BalEdmundo ofrecerá una rueda de prensa desde el @Congreso_Es para hablar de la agenda parlamentaria de esta semana.  👉 A continuación te dejamos un resumen.  https://t.co/x8B9rM6XUx","positive","neutral",NA
"1310897370419298304","ciudadanos","🤦‍♂️ Torra termina como comenzó: desobedeciendo las leyes e incendiando las calles.  ⛔ ¡Hay que dar carpetazo al 'procés'!  📽 @carrizosacarlos ""Los constitucionalistas debemos unirnos para trabajar por el bienestar y la economía de Cataluña""  https://t.co/oI8xvYg6F3","negative","negative",NA
"1310853067005452288","ciudadanos","❗️Necesitamos dar carpetazo a los 10 años del procés.  📺 @CarrizosaCarlos ""Estamos intentado ir con el PP y el PSOE para formar una coalición constitucionalista para iniciar la reconstrucción de Cataluña"" #LaHoraDeLa1   🏛Urge un Govern que se ocupe de los catalanes.  https://t.co/I3rYVsywni","neutral","neutral",NA
"1310852060250697728","ciudadanos","👉El independentismo quiere apostar por la parálisis.  📺 @CarrizosaCarlos ""Pero es el peor momento para tener un Gobierno en funciones"" #LaHoraDeLa1  ❗️Cataluña necesita unos presupuestos para hacer frente a la crisis económica y sanitaria.  https://t.co/7ntQE0V230","negative","negative",NA
"1310851053395439618","ciudadanos","❗️Torra se va como vino: con un mensaje de odio para calentar las calles con los comandos.  📺 @CarrizosaCarlos ""Ha manchado el nombre de Barcelona en el extranjero en un momento en el que se necesitan turistas"" #LaHoraDeLa1  🛑 Basta ya de querer dar una imagen de conflicto.  https://t.co/ceiMQzTd2H","negative","negative",NA
"1310850551069003781","ciudadanos","📺 @CarrizosaCarlos ha estado esta mañana en @LaHoraTVE para hablar del futuro de Cataluña tras la inhabilitación de Quim Torra.   👉 Te dejamos el resumen de su intervención.  https://t.co/CrK0fjhCkT","positive","neutral",NA
"1310840913170759680","ciudadanos","🍊 Cs ha iniciado conversaciones con PP y PSC para presentar una candidatura constitucionalista consensuada.  📻 @carrizosacarlos ""La ley es muy clara: Torrent tiene que proponer una candidatura ante el pleno en diez días"" en @MasDeUno  ❗️ Hay que evitar el bloqueo separatista.  https://t.co/VAM9gYhPyW","negative","neutral",NA
"1310831678999457794","ciudadanos","🌞☕ ¡Buenos días y #FelizMartes!  📻 Sintoniza tu radio y tómate el primer café de la mañana escuchando a @carrizosacarlos en el programa @MasDeUno de @OndaCero_es.   🔛 ¡No te lo pierdas! Síguelo #EnDirecto con nosotros aquí 👉  https://t.co/89TdgCz8Kh  https://t.co/mVMa6Vfy7C","positive","positive",NA
"1310691527816105986","ciudadanos","❌ El discurso de Torra NO es propio de un gobernante sensato que acata las leyes.  📺 @carrizosacarlos ""Se ha presentado como una víctima de la represión de España contra los independentistas y llama a incendiar las calles"" #LaNoche24h  ❗️ ¡Basta ya de envenenar a los catalanes!  https://t.co/qDTaTlChuv","neutral","negative",NA
"1310689030896594944","ciudadanos","🤦 El independentismo sigue en el discurso de ""lo volveremos a hacer"".  ❗️ El PSC tiene que marcar una línea roja al separatismo.  📺 @carrizosacarlos ""Deberían hablar con los moderados que queremos reconstruir Cataluña y trabajar por las familias y los autónomos"" #LaNoche24h  https://t.co/6CVH4YXF8F","positive","negative",NA
"1310687060114771969","ciudadanos","🍊Cs apuesta por una coalición constitucionalista con PP y PSC.  📺 @carrizosacarlos ""El verdadero cambio en Cataluña sería dar carpetazo a 40 años de nacionalismo y 10 años de 'procés'"" #LaNoche24h  ✅ Los catalanes merecen un Gobierno que una a la sociedad y gestione la crisis.  https://t.co/ArlcVUKiGJ","negative","neutral",NA
"1310678164113428482","ciudadanos","📺 Termina la noche del lunes con @carrizosacarlos en el debate de @Lanoche_24h.  🔛📲 ¡No te lo pierdas! Síguelo #EnDirecto con nosotros  https://t.co/l0x087t8fX  https://t.co/uX0PnUiBR8","positive","neutral",NA
"1310662445158068225","ciudadanos","✅ El liberalismo tiene que dar la batalla de la guerra cultural.  🍊 Cs seguirá protegiendo la libertad de los ciudadanos, no permitiremos que se coarte ni a izquierdas ni a derechas.  📻 @GuillermoDiazCs ""Nadie puede decirnos qué cultura consumir en nuestras casas"" #ElBalance  https://t.co/uCTLtV23Lj","positive","neutral",NA
"1310617897992105986","ciudadanos","🤦‍♂️ Juran lealtad al Jefe de Estado y después le atacan.  😠 Dicen que el Rey no podía ir a Cataluña por su seguridad y al final admiten que era ""por la convivencia"".  ❗¡Basta ya! Desde Cs pedimos las comparecencias del ministro de Interior y del ministro de Justicia.  https://t.co/SgsmRvJ8Sb","positive","negative",NA
"1310591076751872001","ciudadanos","⚖️ La ley es muy clara: Torrent tiene que proponer una candidatura ante el pleno en un plazo de diez días.  📻 @carrizosacarlos ""Los constitucionalistas queremos ofrecer una alternativa que saque a Cataluña del independentismo y permita iniciar una nueva etapa""  #GanaLaLibertad  https://t.co/79Mm7PwyKN","positive","neutral",NA
"1310587087838760966","ciudadanos","🍊 Cs lleva semanas proponiendo una coalición constitucionalista a PP y PSC.  📻 @carrizosacarlos ""El constitucionalismo debería de presentar una candidatura para evitar entrar en el juego del bloqueo separatista"" #GanaLaLibertad  https://t.co/NYf1Y5UOoJ","negative","neutral",NA
"1310581743318110208","ciudadanos","🔛 ¡Sigue la actualidad de este lunes con nosotros!  📻 En unos minutos, @carrizosacarlos estará @encasadeherrero en @esRadio comentando la inhabilitación de Torra.  📲 ¡No te lo pierdas! Síguelo #EnDirecto aquí 👉  https://t.co/k1024zYlfq  https://t.co/PLFlpQdhO8","positive","neutral",NA
"1310572468785078272","ciudadanos","👏 Gracias a las denuncias de Cs, #GanaLaLibertad y los abusos del separatismo no quedarán impunes.  ❌ No permitiremos que usen las instituciones de todos los catalanes para promocionar su plan para dividir la sociedad.  🛑 ¡Basta ya de paralizar Cataluña!  https://t.co/IJGG2jVdvw","negative","negative",NA
"1310568695081709570","ciudadanos","⁉¿Cómo comienza el proceso de inhabilitación de Torra?  👉 Hasta él lo tiene claro.  🍊#GanaLaLibertad gracias a una denuncia de @CiutadansCs  ✅ Haremos todo lo necesario para evitar que el separatismo paralice Cataluña.  https://t.co/qWiqt7z0ET","negative","neutral",NA
"1310564921055350786","ciudadanos","🤦‍♂️Hasta tres veces le advertimos públicamente de que debía retirar la pancarta.   ❗Pero Torra hacía gala de que no iba a obedecer.   🍊Por eso fuimos a la Junta Electoral, para que le hicieran cumplir la ley.   ✅Hoy #GanaLaLibertad  https://t.co/SbswElxBF2","negative","neutral",NA
"1305932086008844288","ciudadanos","❌ Podemos no se contenta con que el jefe del CIS cocine las encuestas...  🤦‍♂️ ¡Ahora quieren escribir las preguntas!   🏛 @GuillermoDiazCs ""Lo que podríamos preguntar a los españoles es si quieren que se investigue toda la corrupción"" #Pleno  https://t.co/CRL1mGj6J2","negative","negative",NA
"1305931462445862912","ciudadanos","🏛️ @GuillermoDiazCs interviene de nuevo en el #Pleno del @Congreso_Es para defender la independencia de nuestras instituciones.   📽️ ¡A continuación te dejamos un resumen!  https://t.co/tDSIPWBFFb","positive","neutral",NA
"1305899946890211329","ciudadanos","🤦‍♂️ La diputada de la CUP defiende unos 'Països Catalans' feministas, antirracistas y socialistas pero sus amigos:  ❌ Insultan a mujeres  ❌ Llaman bestias taradas a los constitucionalistas ❌ Se alían con Pujol  🏛 @GuillermoDiazCs ""No saben ni dónde están, ni adonde van"" #Pleno  https://t.co/nqGTpqvq9S","negative","negative",NA
"1305896759269482497","ciudadanos","🤦‍♂️ Vox critica al nacionalismo aquí pero en Europa se rodea de nacionalistas italianos y holandeses.  👉 Sean coherentes y dejen el espectáculo.   🏛 @GuillermoDiazCs ""Al nacionalismo se le vence en las urnas, no en twitter"" #Pleno  https://t.co/4NHU9XuFYt","negative","negative",NA
"1305895895901364224","ciudadanos","❌ No puede ser que aquellos que quieren romper España estén más unidos que los que defendemos nuestro país.   🏛 @GuillermoDiazCs ""Si el PSOE escoge a los independentistas para los Presupuestos tendrán que explicárselo a los españoles"" #Pleno  https://t.co/qWTDwCnGZo","negative","negative",NA
"1305895565146959877","ciudadanos","🍊@GuillermoDiazCs ""Cs propone:  👉 Corte democrático de un 3% para tener representación en el @Congreso_Es  👉 No alimentar con dinero público aquellas organizaciones que inciten al odio"" #Pleno   🇪🇸 Si los que queremos a España nos unimos, acabaremos con el chollo nacionalista.  https://t.co/Pu0hxormma","neutral","neutral",NA
"1305894692526215170","ciudadanos","💪Para enfrenta al nacionalismo y al independentismo basta con la unión del constitucionalismo.  ❌No hace falta prohibir ideas.   🏛 @GuillermoDiazCs ""Cs así lo hace: Navarra Suma, PP Vasco+Cs y, ahora, queremos lo mismo en Cataluña"" #Pleno  https://t.co/tXAQSlC9nQ","negative","neutral",NA
"1305893367914598403","ciudadanos","❓¿Por qué los independentistas con menos votos han tenido siempre las llaves de la gobernalidad?   🏛 @GuillermoDiazCs ""Porque el bipartidismo ha primado sus intereses a los de España:  ❌ No quieren modificar la injusta ley electoral ❌ No han querido llegar a acuerdos"" #Pleno  https://t.co/E6p9OdHkdH","positive","negative",NA
"1305892369187909634","ciudadanos","🏛️ Nuestro diputado @GuillermoDiazCs interviene en el #Pleno para fijar la postura de Cs respecto a la modificación de la Ley de Partidos Políticos.  👉 ¡Te lo contamos a continuación!  https://t.co/GFHqMqPC7z","neutral","neutral",NA
"1305854223574327296","ciudadanos","El partido de los ERE dando lecciones al partido de la Kitchen...  Presentaremos en el @Congreso_Es una nueva ley Cs de #STOPCorrupción... a ver si el PSOE esta vez sí se une a nosotros y vota a favor de la regeneración y la transparencia, no como ocurrió el pasado junio 👇  https://t.co/HrZtRFlmrj","positive","negative",NA
"1305842353119408130","ciudadanos","🏛 @BalEdmundo ""Con una Fiscal General que ha sido diputada y ministra del PSOE, siempre tendremos dudas sobre sus decisiones"" #ActualidadCs  ❌ ¡Su nombramiento es perjudicial!  ⛔️ Ha pedido rechazar las querellas contra el Gobierno sin consultar a la junta de fiscales de sala.  https://t.co/kN5RZfP3Be","negative","negative",NA
"1305841353700540418","ciudadanos","🏛 @BalEdmundo ""Necesitamos combatir el odio, la discriminación y las conductas violentas, no las ideas"" #ActualidadCs  👉 Luchemos contra el separatismo con medidas eficaces, no inútiles.  🇪🇸 En España las ideas deben seguir siendo libres.  https://t.co/IAfPyxS2zt","negative","neutral",NA
"1305840085548630024","ciudadanos","🏛 @BalEdmundo ""Durante la crisis sanitaria el Ejército ha dado la cara por todos los españoles, pero el personal de tropa y marinería queda abandonado cuando cumple 45 años"" #ActualidadCs  ‼️ Hemos presentado una propuesta para acabar con esta situación injusta.  https://t.co/Pq5Qn2stAs","negative","negative",NA
"1305839308910350336","ciudadanos","🏛 @BalEdmundo ""Cs volverá a presentar la ley de #STOPCorrupción para proteger a todos los denunciantes"" #ActualidadCs  🧐 Hemos revisado todas las objeciones que nos presentaron en junio.  👉 Esperamos que todos los partidos se unan a esta lucha.  https://t.co/kayoOB9G5S","negative","neutral",NA
"1305838796861247488","ciudadanos","🏛 @BalEdmundo ""Nos deja atónitos que los partidos  estén muy interesados en investigar la corrupción ajena mientras tapan la suya propia"" #ActualidadCs  ✅ Lo que necesitamos es la verdad sobre todos los casos, sean del PP o de Podemos.  🍊 Cs siempre defenderá la transparencia.  https://t.co/kc1LOp4X48","positive","negative",NA
"1305836434805399552","ciudadanos","🏛 En unos minutos, @BalEdmundo ofrecerá una rueda de prensa desde el @Congreso_Es para hablar de la agenda parlamentaria de esta semana.  👉 A continuación te dejamos un resumen.  https://t.co/LUZUQjcp0P","positive","neutral",NA
"1305818741314400256","ciudadanos","👉 El fracaso del 'procés' es un hecho.  📽 @carrizosacarlos ""Pedimos al PSC que dialoguen y valoren una alianza con Cs, PP y el resto de fuerzas políticas constitucionalistas""  ‼ ¡Dejen de pactar con el nacionalismo rupturista y apuesten por la reconstrucción de Cataluña!  https://t.co/74wleGkuLL","negative","negative",NA
"1305765796287778817","ciudadanos","☀ ¡Buenos días y #FelizMartes!  🏛 Cs presentará una interpelación en el @Congreso_Es sobre la Ley de Tropas y Marinería.  🍊 @MelisaRguezH ""España no puede abandonar a sus militares una vez cumplan 45 años""    ✅ ¡Dignifiquemos a nuestros servidores públicos!  https://t.co/ASFVcMKDhh","neutral","neutral",NA
"1305585860419690499","ciudadanos","🏛🍊 Cs volverá a registrar en el @Congreso_Es su Ley #STOPCorrupción.  ‼ ¡Tenemos que poner fin a esta lacra, sea del color que sea!  👉 Esperamos que aquellos que presumen de regeneración no bloqueen de nuevo esta iniciativa y permitan las investigaciones pertinentes.  https://t.co/aCsqwthZmL","positive","neutral",NA
"1305565101521612801","ciudadanos","📞 Hoy la Comunidad de Madrid ha puesto a disposición de los ciudadanos el teléfono gratuito '112 okupación'.  🏘 Gracias a esta medida, los madrileños gozarán de una mayor protección para evitar la usurpación ilegal de sus viviendas.   ✅ ¡Esto sí es #PolíticaÚtil!  https://t.co/95S6Y8tNu6","negative","neutral",NA
"1303959672634957825","ciudadanos","🇪🇸 @InesArrimadas ""La victoria de Cs en 2017 sirvió para demostrar que la mayoría de catalanes no quiere la independencia y ese mensaje lo hemos transmitido internacionalmente"" @elprogramadear  💪 Ahora toca gobernar para gestionar los problemas sociales y la crisis del #COVID19  https://t.co/FoFhJZcdX6","positive","neutral",NA
"1303959338118246400","ciudadanos","🏛 @InesArrimadas ""Tenemos que reeditar el mismo espíritu de unidad que vimos en el constitucionalismo el 6 y 7 de septiembre de 2017"" en @elprogramadear  👉 Ese día enfrentamos al nacionalismo unidos y evitamos el atropello al #Parlament.  https://t.co/S6cwNrEDc5","neutral","neutral",NA
"1303959096396255232","ciudadanos","🗳 @InesArrimadas ""La división entre los constitucionalistas en Cataluña crea el peligro de que los separatistas puedan revalidar su mayoría en el Parlament"" en @elprogramadear  ✅ Necesitamos encabezar la Generalitat y para eso hay que unirse.  https://t.co/4rV1Ixu2JE","positive","neutral",NA
"1303958646984933376","ciudadanos","🍊 @InesArrimadas ""Cs nunca entrará en el barro de la lucha entre partidos cuando España enfrenta una crisis muy grave"" en @elprogramadear  🏛 Los ciudadanos necesitan que hagamos #PolíticaÚtil.   👉 Estos son los presupuestos más importantes de una generación.  https://t.co/986MeKo4ax","negative","negative",NA
"1303957201225158656","ciudadanos","📺 @InesArrimadas ""El separatismo está deseando pactar los presupuestos con Pedro Sánchez"" en @elprogramadear  ‼️ Las cuentas van a salir sí o sí, pero hay que evitar que beneficien a Puigdemont y Junqueras y no a los españoles.  https://t.co/Zt81N7Upcf","negative","negative",NA
"1303956801176698880","ciudadanos","🇪🇸 @InesArrimadas ""Estamos en una situación excepcional por el #COVID19 y lo importante es España"" en @elprogramadear  ✅ Necesitamos unos presupuestos sensatos para poder ejecutar la ayuda europea.  ❌ Evitemos que las cuentas las decidan populistas y separatistas.  https://t.co/cncUIUxYFR","positive","negative",NA
"1303948823727943680","ciudadanos","👋 #BuenosDías, Ciudadanos.   📺 Empezamos el jueves con @InesArrimadas en @elprogramadear en @telecincoes.  ¡No te lo pierdas! Sigue la entrevista #EnDirecto en este enlace 🔛  https://t.co/3b0ewWvhc7  https://t.co/tLwjmHOCQ9","positive","neutral",NA
"1303771407457955847","ciudadanos","🍊 Fuimos el primer partido que rompió los marcos del nacionalismo.  ❗Fuimos los primeros que llamamos corrupto a Pujol, mientras otros le llamaban hombre de Estado.  🤦‍♂️ Pero hoy Vox nos acusa de traidores por votar pensando en lo mejor para España...  https://t.co/VpvbIDzMiu","neutral","negative",NA
"1303741207479291904","ciudadanos","🍊 ¡Hoy más que nunca debemos proteger a los autónomos!  💪 Ya conseguimos la extensión de las ayudas más allá del estado de alarma.  ❗Ahora urge blindar al colectivo ante la segunda ola.  🏛Registramos una iniciativa en el @Congreso_ES para que ningún autónomo se quede atrás.  https://t.co/JnJZxVYsZK","positive","neutral",NA
"1303709039201841153","ciudadanos","👉 Los ciudadanos de a pie solo pueden reunirse en grupos de 10...  🤦‍Pero la ANC puede convocar a 50.000 personas y no pasa nada.   ⁉ ¿No hay ley que valga cuando se trata del 'procés'?   🚨 La Generalitat debe impedir que se ponga en peligro la salud de los catalanes.  https://t.co/o89Y1Ro0ng","negative","negative",NA
"1303652858135486465","ciudadanos","🏛 @GuillermoDiazCs ""La bandera de España es tan grande que protege hasta a los que no creen en ella"" #Pleno   🍊 Cs defiende una España de libres e iguales.   🇪🇸 Mientras que haya un solo diputado de @CsCongreso, los españoles no tendrán que elegir entre unidad o libertad.  https://t.co/yWRCpnixKZ","positive","neutral",NA
"1303652592690618369","ciudadanos","‼️  Vox solo pide libertad para Vox.   🏛 @GuillermoDiazCs ""Igual que Podemos, atacan la libertad de prensa y utilizan la historia de España contra españoles "" #Pleno   ❌ ¡Basta ya de este doble rasero! Los bulos también merman la libertad.  https://t.co/XPGruzdyP8","positive","negative",NA
"1303651736008249346","ciudadanos","🏛@GuillermoDiazCs ""Cs fue el primer partido que rompió los marcos del nacionalismo"" #Pleno   👉 Pagamos un precio alto por ello, hoy mis compañeros siguen amenazados.  🤦‍♂️ Pero Vox nos lo recompensa llamándonos traidores por votar pensando en lo mejor para España.  https://t.co/Os6GcOYPe4","negative","negative",NA
"1303651294893289480","ciudadanos","🍊 Cs siempre estará del lado de la libertad.   🏛 @GuillermoDiazCs ""En el año 2006, hartos de que el bipartidismo fuera cómplice del nacionalismo, nació Cs y desde el principio sufrimos acoso"" #Pleno   ❓¿Dónde estaban los señores de Vox? Militando en el PP, y no dijeron nada.  https://t.co/NJ55Dba6Ij","positive","neutral",NA
"1303647827776745473","ciudadanos","👏 ¡Enorme defensa de la libertad de @GuillermoDiazCs hoy en el #Pleno!  📽️ ¡Te dejamos un resumen a continuación!  https://t.co/x7apH0dLHd","positive","positive",NA
"1303610745838546944","ciudadanos","👉 Ministra, en todas las CCAA, sean del color que sean, los padres tienen la misma preocupación.    ‼️ ¡El Gobierno debe asumir sus responsabilidades y acabar con la incertidumbre!   🏛 @InesArrimadas ""Necesitamos una Estrategia Nacional de #VueltaAlCole, no 17"" #SesiónDeControl  https://t.co/0Q8Re4DauW","negative","negative",NA
"1303610511582539781","ciudadanos","🤦‍♀️ El Gobierno llegó tarde a la pandemia, pero a la #VueltaAlCole ni ha llegado.   🍊 ¡Cs pidió en abril que se planificara!  🏛 @InesArrimadas ""¿Qué pasará con los padres que se tengan que quedar con sus hijos en cuarentera aunque no tengan PCR positiva?"" #SesiónDeControl  https://t.co/13cI3aXnfL","negative","negative",NA
"1303608906732785665","ciudadanos","""El Gobierno debe mostrar más empatía con las víctimas de ETA que con sus verdugos. Debería darles vergüenza""  ‼️ Así de clara ha sido @InesArrimadas en #SesiónDeControl después de que Sánchez se uniera a Bildu en el Senado para ""lamentar profundamente"" la muerte de un etarra.  https://t.co/KRhPt52qgw","negative","negative",NA
"1303595568397201408","ciudadanos","☀️ ¡Buenos días y #FelizMiércoles!   🏛️ Hoy @InesArrimadas pregunta a la ministra de Educación en la #SesiónDeControl sobre la #VueltaAlCole  Síguelo #EnDirecto aquí ➡️  https://t.co/w9po6C6s9C  https://t.co/moyxSiwApr","positive","neutral",NA
"1303417555512680449","ciudadanos","🏛Hoy hemos registrado una iniciativa en el @Congreso_Es para apoyar a los autónomos:  ✅ Recuperar la prestación por cese de actividad ✅ Cero cuotas a autónomos de baja por #COVID19 ✅ Extensión de ayuda a mutualistas ✅ Conciliación  ¡Lo cuenta @mariadelamiel! #PolíticaÚtil 🍊  https://t.co/CP7yp0BwIb","positive","neutral",NA
"1301219729802055680","ciudadanos","🚨 #EnDirecto Rueda de prensa de @InesArrimadas tras su reunión con el presidente de Gobierno  https://t.co/g4AKiqMRMa","neutral","neutral",NA
"1298576355282620417","ciudadanos","❌ El Gobierno no puede renunciar a su deber de liderar y coordinar la gestión de la pandemia.  📺 @BalEdmundo ""No podemos tener 17 respuestas diferentes a una epidemia nacional"" #CoronavirusARV  👉 Los españoles merecen soluciones.  https://t.co/lgpVfeQ7qu","negative","negative",NA
"1298565856713220096","ciudadanos","🔛 ¡Preparados! 📺 En unos minutos, @BalEdmundo estará en @DebatAlRojoVivo comentando la actualidad política. 😉 ¡No te lo pierdas! Síguelo #EnDirecto aquí 👉   https://t.co/DzWOLAEWfA  https://t.co/ckDlol9vWM","neutral","neutral",NA
"1298551983096332288","ciudadanos","⁉¿Qué está ocurriendo con el Ingreso Mínimo Vital? 🤦‍♂️ Hace unos días conocimos que no se había dado respuesta ni al 1% de las solicitudes, y hoy que hay una orden interna para retrasarlas. 👉 Desde Cs exigimos respuestas. Los españoles se lo merecen.  ▶  https://t.co/1gaSWG9bk8  https://t.co/anmyghZXQB","positive","negative",NA
"1298522176027582464","ciudadanos","📚 Lo razonable es que la vuelta al cole se haga de forma homogénea y coordinada con el Gobierno de España   📻 @JuanMarin_Cs ""Nosotros llevamos un mes y medio para que el regreso a las aulas se haga con total normalidad y de forma segura"" en @La_SER  https://t.co/wAMbBfiNzO","positive","neutral",NA
"1298514659759345669","ciudadanos","🚨 ¡Sánchez está eludiendo sus responsabilidades!  📻 @JuanMarin_Cs ""No ha dado respuesta a la necesidad de las CCAA de actuar de forma ágil y con seguridad jurídica ante los rebrotes"" en @La_SER  https://t.co/UsTS6AP22e","positive","negative",NA
"1298504448486993921","ciudadanos","☀ ¡Buenos días y #FelizMiércoles!  📻 Comienza el día escuchando a @JuanMarin_Cs en @HoyPorHoy de @La_SER  Síguelo #EnDirecto aquí  https://t.co/Frx9S9vq8V  https://t.co/vBOkoMwmSx","positive","neutral",NA
"1298325521818935297","ciudadanos","🚨 PSOE y Podemos se unen para evitar que Iglesias dé explicaciones sobre la financiación de su partido...   📽 @GuillermoDiazCs  ""Ahora comprendemos por qué votaron en contra de la Ley #STOPCorrupción de Cs, sería hacerse el hara-kiri"".  https://t.co/Vmymvu4VUU","negative","negative",NA
"1298272925523427351","ciudadanos","🤦‍♂️ Torra no deja a un lado sus delirios independentistas ni para hacer frente a la grave crisis que vivimos.   🤝 Ahora más que nunca es fundamental que el constitucionalismo esté unido para salvar vidas y empleos.   📽 ¡Te lo cuenta @carrizosacarlos!  https://t.co/yHQb3BKKEl","positive","negative",NA
"1298232458761195520","ciudadanos","🤦‍♂️La hipocresía de Iglesias y su partido no tiene límites.   👉Pretendieron hacer dudar a los españoles del Estado de Derecho, pero al parecer las verdaderas cloacas eran ellos.  📽 @GuillermoDiazCs  ""Señores de Podemos, si mañana hubiera un 15M, sería contra ustedes"".  https://t.co/irxDsUsJYB","positive","negative",NA
"1298231886322565121","ciudadanos","🚨 ¡Es vergonzoso que Podemos intente silenciar a los testigos de sus presuntas irregularidades con posibles denuncias falsas de acoso sexual!  📽 @GuillermoDiazCs ""El partido que más feminismo grita, banaliza la violencia machista haciendo de una causa noble una instrumental"".  https://t.co/6l32sj6PGj","negative","negative",NA
"1298231545556357121","ciudadanos","👉 Existe poca transparencia en Podemos y muchos frentes que apuntan a su posible financiación ilegal.  📽 @GuillermoDiazCs ""Ahora comprendemos por qué Podemos votó en contra de nuestra ley anticorrupción, sería hacerse el hara-kiri"".  https://t.co/xjwniXx68a","negative","negative",NA
"1298230251651203073","ciudadanos","👉 Si Iglesias quiere demostrar que ni él ni Podemos son un fraude debe dar la cara.  ⁉️ Corrupción, denuncias falsas de acoso sexual, malversación, fraude...  🏛 ¡Así lo ha dicho @GuillermoDiazCs en al Diputación Permanente!  https://t.co/aQVFzSymTn","neutral","negative",NA
"1298229677945958403","ciudadanos","🚨 Sobran los motivos, tanto legales como morales, para que el señor Iglesias dé explicaciones a los españoles.  🏛️ Por eso desde Cs exigimos que dé la cara en el @Congreso_Es   Así lo ha defendido @GuillermoDiazCs en la Diputación Permanente, ¡te lo contamos a continuación! ➡️  https://t.co/Tg29vi4Jfm","positive","neutral",NA
"1298217209207169025","ciudadanos","🤦‍♂️ La recuperación económica solo existe en los discursos del Gobierno. 👉 Debemos hacer uso de manera seria de todos los recursos disponibles para enfrentar esta crisis.  🏛 @GuillermoDiazCs ""No podemos permitir que los fondos de ayuda los repartan Rufián, Otegi o Iglesias"".  https://t.co/bqdRvtL1sj","positive","negative",NA
"1298216458556772353","ciudadanos","⚠️ ¡Estamos ante una crisis sin precedentes! 🤦‍♂️ El acceso a los fondos de la Unión Europea no puede envolverse en un halo de secretismo.  🏛 @GuillermoDiazCs ""El Gobierno no puede basar la gestión de esta pandemia en la propaganda"".  https://t.co/FazKG5MbhS","negative","negative",NA
"1298215582484115456","ciudadanos","👉 Sánchez debe comparecer para explicar la realidad de la situación económica que atraviesa España y cómo piensa afrontarla el Gobierno.  📽️ A continuación, te dejamos la intervención de @GuillermoDiazCs  https://t.co/Dcang08oFY","neutral","neutral",NA
"1298169761956794368","ciudadanos","🤦‍♂️Los bandazos del Gobierno han perjudicado enormemente al sector turístico: 👎 Han generado inseguridad e incertidumbre. 👎 Han hecho anuncios que han desmentido otros países.  👎 Han generado conflictos diplomáticos con países como Reino Unido.   📽️ @GuillermoDiazCs  https://t.co/ZVMMtInKyL","negative","negative",NA
"1298166004997136386","ciudadanos","🚨 El turismo se ha visto enormemente afectado por la crisis del #COVID19   ‼️  El Gobierno le ha dado de lado a pesar de que supone el 12% del PIB y genera el 13% del empleo.  🏛️ @GuillermoDiazCs ""Si no fuera por Cs no habría ni siquiera un Plan para ayudar al sector"".  https://t.co/j5pEmTF0Az","negative","negative",NA
"1298160071483039744","ciudadanos","☀️ ¡Buenos días y #FelizMartes!  🏛️ Hoy tiene lugar la Diputación Permanente en el @Congreso.  Síguelo #EnDirecto aquí 🔛  https://t.co/JF1bfj6NYa  https://t.co/txFL5z1BPN","positive","neutral",NA
"1297966908403322880","ciudadanos","🤯⁉ ¿Cómo es posible que los expresidentes del Parlament traten de premiar a quien hizo posible el atropello del Estatut y la Constitución?  😠 ¡Basta ya de vender como héroes a quienes pisotean los derechos y libertades de los ciudadanos!  https://t.co/w3zEqIpGe3","negative","negative",NA
"1297933186048163841","ciudadanos","❌ El dinero de todos los catalanes no puede pagar los delirios independentistas de unos pocos.   👉Gracias a las exigencias de Cs, la Fiscalía investigará el posible uso de subvenciones públicas para pagar los gastos del golpe de Estado del 1-O.   ➡  https://t.co/8Pjv5WhvBS  https://t.co/BuaJU4mFwo","positive","negative",NA
"1297900431847370752","ciudadanos","😱⚠ ¿Sabías que el índice de contagios en España es el peor de la Unión Europea con casi 4.000 nuevos positivos cada día? 🇪🇺🍊 @JRBauza ""No se entiende que la transmisión sea tan elevada si nuestras medidas de contención son de las más restrictivas"" 🗞  https://t.co/hYM7fsg6Qn  https://t.co/nMimXRFKdv","negative","negative",NA
"1297883859468652545","ciudadanos","🚨 La economía española no está ni para populismos ni para nacionalismos.  👉 Necesitamos unos presupuestos sensatos.   🍊 Trabajaremos para que cada céntimo de euro se dedique a sacar a este país de la crisis económica.  https://t.co/9GEU1I4npF","negative","neutral",NA
"1297844852185604101","ciudadanos","👉 El turismo ha sido uno de los más afectados por la crisis de la #COVID19.  🍊 Desde Cs hemos solicitado al Gobierno que extienda los ERTE para el sector turístico más allá del 30 de septiembre.   ✅ ¡Salvemos vidas y empleos con #PolíticaÚtil!  🗞  https://t.co/E5PpQINzIw  https://t.co/VOIpqlaw4K","negative","neutral",NA
"1297809193672552449","ciudadanos","👉 Desde Cs vamos a trabajar incansablemente para alcanzar un acuerdo con los partidos constitucionalistas en Cataluña.  🗳 ¡No se puede perder ni un solo voto de los catalanes que no queremos la independencia!  📻 ¡@Carrizosacarlos hoy en @LasMananas_rne!  https://t.co/PHVq8XKykC","positive","neutral",NA
"1297803154222981120","ciudadanos","👎 El Gobierno de España no puede seguir mirando hacia otro lado.  ⚠️ Esto ha afectado gravemente a Cataluña.  📻 @carrizosacarlos ""Debe coordinar la vuelta al cole con las CCAA para acabar con la incertidumbre de los padres y garantizar la seguridad de los niños"" en @rne  https://t.co/1x0zSUEQqa","negative","negative",NA
"1297790483515703298","ciudadanos","☀️ ¡Buenos días y #FelizLunes!  📻 Comienza el día escuchando a @carrizosacarlos en @LasMananas_rne   Síguelo #EnDirecto aquí 🔛  https://t.co/PihAlQH4J1  https://t.co/ExUjqJWel2","positive","neutral",NA
"1297603262506573827","ciudadanos","🗞 ¿Todavía no has leído la entrevista de @InesArrimadas en @elmundo?  📚 ""El Gobierno dedica más esfuerzos a atacar la escuela concertada que en planificar la vuelta al cole, y eso es inadmisible""  👉 Te dejamos el enlace:  https://t.co/ZlZzG65rB8  https://t.co/8nexefR7FH","negative","negative",NA
"1297565514831626241","ciudadanos","❌ Más de un millón de empleos perdidos. ❌ Caída económica del 22%.  🍊 Necesitamos unos presupuestos con #PolíticaÚtil: moderados y sensatos.   👉 Por las familias 👉 Por la clase media y trabajadora 👉 Por el futuro  https://t.co/qX1qMCi5W7  https://t.co/HiFuLU0Q3z","positive","negative",NA
"1297523989464719360","ciudadanos","📹 @JRBauza le pone cara al turismo golpeado por la crisis de la #COVID19 en Baleares.  👉 ""El turismo no es una parte de algo; es la industria turística en sí misma""  ✅ 22 millones de puestos de trabajo en Europa.  ✅15% del PIB en España.  🎞  https://t.co/XVw8zQiQdh  https://t.co/VHeudV5UZi","neutral","negative",NA
"1297484984207450113","ciudadanos","👉 Los catalanes no merecen la dejadez de Torra.  🍊 @CarrizosaCarlos ""Es el momento de que, junto a PP y PSC, presentemos una candidatura para mejorar Cataluña""  ❗Que no se pierda ni un voto constitucionalista.   🗞 Lee la entrevista en @elespanolcom  https://t.co/QV5zqyDDfx  https://t.co/1Q0LTLOssv","positive","neutral",NA
"1297444716082954240","ciudadanos","☀️ ¡Buenos días, Ciudadanos!  🗞 Este fin de semana, la prensa ha publicado nuevas revelaciones sobre las investigaciones a Podemos.  👉 @InesArrimadas fue muy clara: ""Iglesias debe dar la cara y respetar la Justicia""  https://t.co/QzxyzxIJ1Z","positive","neutral",NA
"1297229549873373187","ciudadanos","🍊 Seguimos trabajando para que España no caiga en manos de independentistas y populistas.  👉 @BegonaVillacis ""Estamos demostrando que 10 diputados pueden ser más útiles que más de 80"".  🗞 ¡Lee la entrevista completa de @abc_es!  https://t.co/90aCve9aIk  https://t.co/juOCkEGzEN","positive","neutral",NA
"1297193059160129539","ciudadanos","⁉ ¿Podemos fichó a una empresa para clonar en secreto el ordenador de su abogada?  🏛 Urge que Iglesias deje de dar lecciones de feminismo y empiece a dar explicaciones ante el Congreso.  🤦‍♂️ Es indignante que se le tenga que obligar a comparecer.   🗞  https://t.co/CGWm2JwmKC  https://t.co/UgI2gSLF2T","negative","negative",NA
"1297127626042232834","ciudadanos","‼ Basta ya de consentir una ley que protege a los delincuentes.  🏛Queremos acabar con las lagunas judiciales para blindar a las familias ante las mafias con:  ✅ Desalojos express de okupas. ✅ Endurecimiento de las penas. ✅ Ayudas a los más vulnerables.  #STOPOkupas  https://t.co/aZKZ7hEYqO","neutral","negative",NA
"1297083588580642816","ciudadanos","👋 #BuenosDías, Ciudadanos.  🏛 Ante los rebrotes, hemos reclamado desde el @Congreso_ES equipos de protección individual y mejores protocolos para nuestras FCSE y funcionarios de Prisiones.  ⛔ No perdamos a nadie más por la desidia del Gobierno. #EquiparacionYa #SOSprisiones  https://t.co/rCpBbEVgzQ","positive","negative",NA
"1296881005014507522","ciudadanos","⁉¿Por qué hasta el momento solo se ha resuelto menos del 1% de las solicitudes de reconocimiento del Ingreso Mínimo Vital?  👉 Los españoles necesitan respuestas.  🏛 Por eso hemos presentado una batería de preguntas en el @Congreso_Es a través de nuestro grupo parlamentario.  https://t.co/EcGDsn41nQ","positive","neutral",NA
"1296844517585358849","ciudadanos","✅ La Fiscalía del Tribunal de Cuentas. ✅ La Audiencia Nacional. ✅ El Juzgado de Instrucción número 42 de Madrid.  🤦‍♂️ ¿Quedan más investigaciones por salir o esas son todas las sorpresas de Podemos?  https://t.co/6YXKNSc3rp","negative","negative",NA
"1296800472876175362","ciudadanos","❌ En Cs llevamos años siendo señalados y atacados por el sectarismo.  👉 Pero no por ello hemos justificado las agresiones que han sufrido nuestros adversarios políticos.  ❗Seguiremos plantando cara a la intolerancia   #NoNosCallarán  https://t.co/LAv52TJI3z","negative","negative",NA
"1296746366715269123","ciudadanos","❗España necesita unos presupuestos sensatos y alejados del populismo.  👉 @InesArrimadas lo explica en su entrevista a @elmundoes  ""En Cs lo que estamos haciendo es que Iglesias, Rufián y Otegi no marquen el futuro de España en un despacho""  🗞   https://t.co/ZlZzG65rB8  https://t.co/eZlz4F7AKm","neutral","negative",NA
"1283372731766116352","ciudadanos","🔛 La extensión de los ERTE y de la prestación extraordinaria de autónomos es una gran noticia.  ✅ Cs propuso desde el inicio esta red de protección para trabajadores y empresas.  🏛 @mariadelamiel ""Así aliviamos el drama de muchas familias que miran al futuro con miedo"" #Pleno  https://t.co/OojptP4bE9","negative","neutral",NA
"1283372147914805249","ciudadanos","🏛️ @Mariadelamiel interviene en el #Pleno para debatir sobre el Real Decreto sobre medidas de empleo y protección del trabajo autónomo.   📽️ ¡Te contamos a continuación la postura de @CsCongreso!  https://t.co/M7El9cD8Yb","positive","neutral",NA
"1283344279373590529","ciudadanos","🇪🇺 El fondo de rescate es esencial para el futuro de la Unión Europea.  🚨 Si no somos capaces de hacer frente a la crisis salvando empleos, muchos perderán la esperanza en la unión.  📺 @Lugaricano en @EspejoPublico  https://t.co/rek6XpC1s0","negative","negative",NA
"1283307107740155905","ciudadanos","🇪🇸🗳 Hoy es más importante que nunca que el voto constitucionalista se una en defensa de la libertad, la igualdad y la unión. 📺 @MelisaRguezH ""El PSOE catalán tendrá que explicar por qué no quiere sumar con el constitucionalismo y prefiere al independentismo"" #LosDesayunos  https://t.co/g5lvcE0RrN","positive","neutral",NA
"1283306577567547392","ciudadanos","❗️ Advertimos que los políticos separatistas harían todo lo posible para que el golpe a la democracia quedara impune. 📺 @MelisaRguezH ""A nadie le sorprende que la Generalitat le haya dado el tercer grado a los presos del 'procés'"" #LosDesayunos  https://t.co/joiamQBYvJ","neutral","negative",NA
"1283306084015497217","ciudadanos","🚨 El nacionalismo está aprovechando los rebrotes de #COVID19 para hacer política culpando a Madrid. 📺 @MelisaRguezH ""El señor Torra ha actuado tarde y pone en peligro a los catalanes"" #LosDesayunos  👉 El Gobierno de España debe tomar control de la situación.  https://t.co/66qNZcbEtE","negative","negative",NA
"1283304994834460673","ciudadanos","📺 ¡No te pierdas a nuestra portavoz @MelisaRguezH en los @Desayunos_tve!   Síguelo #EnDirecto aquí 👉 https://t.co/XhB9qFlj07  https://t.co/BeabTzwR3k","neutral","neutral",NA
"1283285894900977664","ciudadanos","☀️ ¡Buenos días y #FelizMiércoles!  ☕️ Comienza el día escuchando a @Borja_AlvaCs en @RadioInter_es   #EnDirecto aquí  https://t.co/2R7MvtbMxe  https://t.co/w5NiaoTAVW","positive","neutral",NA
"1283122845271429121","ciudadanos","⚠ El Govern de Torra está más centrado en sus ansias separatistas que en salvar vidas y empleos.  ❗ Sánchez debe tomar el control para enfrentar los rebrotes en Cataluña. 🍊 @CiutadansCs ha solicitado un pleno monográfico sobre salud para actuar ante esta situación.  https://t.co/BIOeqGDhu9","negative","negative",NA
"1283091940842536960","ciudadanos","❗ #BastaYA de sesgo ideológico en Educación.  📚 Todos los niños merecen protección tras la crisis del #COVID19, acudan a un centro concertado o público.  🍊@MarinaBS_Cs ""Cs luchará para que el Gobierno rectifique e incluya en las ayudas  a la escuela concertada"".  https://t.co/LVwn085RAv","positive","negative",NA
"1283071258117242881","ciudadanos","🏛 Queremos acabar con las lagunas judiciales para proteger a las familias y perseguir a los delincuentes #STOPOkupas  🏘 @BalEdmundo ""Recuperaremos la convivencia mediante: ❌ Desalojo express de okupas. 👨‍⚖ Endurecimiento de las penas. 🤝 Ayudas a los más vulnerables"".  https://t.co/GbzmsLp3dd","positive","neutral",NA
"1283068740150669312","ciudadanos","👉 Estamos con las víctimas y los más vulnerables.  🏘 Incentivaremos el Fondo Social Municipal de Vivienda para atender a los más desfavorecidos o en riesgo de exclusión social #STOPOkupas  ❎ No podemos dejarlos en manos de mafias que extorsionan.  https://t.co/4vluuJrzeT","negative","negative",NA
"1283066224306421760","ciudadanos","😠 A los delincuentes no les puede salir gratis romper la convivencia...  ✅ Proponemos reformar el Código Penal y endurecer las penas para disuadirlos de cometer el delito de okupación #STOPOkupas  https://t.co/l5meHQ8SPM","negative","negative",NA
"1283063706520358915","ciudadanos","Haremos posible que las Fuerzas y Cuerpos de Seguridad actúen para garantizar la seguridad ciudadana ante la okupación. 👮🚔  Es necesario para #STOPOkupas y proteger los hogares.  https://t.co/T9vDmWlXMf","neutral","neutral",NA
"1283061191225618433","ciudadanos","‼ ¡Es urgente evitar los fraudes!  👉 Tomaremos medidas para que las inscripciones en el padrón municipal de okupas ilegales sean nulas.   🤚 Basta de que se usen como prueba de residencia #STOPOkupas  https://t.co/7WuArq1YsH","negative","negative",NA
"1283058674370576386","ciudadanos","Es de justicia que las familias recuperen su casa rápidamente 🏡⚖  Los procesos judiciales deben avanzar de manera ágil para no acrecentar los problemas de las víctimas de una okupación ilegal #STOPOkupas  https://t.co/0LE9gNyWFv","neutral","neutral",NA
"1283056155678441472","ciudadanos","Estamos con las familias y los ciudadanos que cumplen 👨👩👧👧👩‍👧🏠  Hemos vuelto a registrar en el @Congreso_Es una ley de #STOPOkupas para luchar contra las mafias.  Hay que ponerse del lado de las víctimas y perseguir a los delincuentes ✅  https://t.co/Gr0HEkBkhv","neutral","neutral",NA
"1283053640324964352","ciudadanos","🤔 ¿Aún no conoces nuestra ley de #STOPOkupas para luchar contra las mafias que quitan sus hogares a las familias?  📽 @BalEdmundo te cuenta lo que proponemos👇  https://t.co/v5gVaIR4UN","negative","neutral",NA
"1283017085644419072","ciudadanos","🛑 ¡Sánchez debe actuar cuanto antes contra los rebrotes en Cataluña! ⚠ Torra ha demostrado que está más pendiente de sus ansias separatistas que de salvar vidas y empleos.  📽 @BalEdmundo hoy en rueda de prensa desde el Parlament.  https://t.co/K3R4n5Fgnz","negative","negative",NA
"1283002958314119169","ciudadanos","📡 @BalEdmundo ""Torra prefiere poner en riesgo a sus ciudadanos antes que aceptar que el Gobierno de España coordine acciones en Cataluña"" #ActualidadCs  https://t.co/KBmULIgRrl","negative","negative",NA
"1266683544602017799","ciudadanos","🍊 Nuestro eurodiputado @AdrianVL1982 ha comenzado recordando el arraigo y la morriña que tienen los gallegos hacia su tierra. 📽 ""En clave de futuro, es esencial que las instituciones presionen en Europa para acceder a las ayudas para los productores gallegos"" #CaféTelemáticoCs  https://t.co/LWPYqtOZUK","positive","neutral",NA
"1266677220564709378","ciudadanos","😊☀️ Arrancamos el Café Telemático con afiliados de @CsGalicia acompañados de @AdrianVL1982, @BalEdmundo y @Beatriz_Pino_  ¡Vamos a hablar de nuestras propuestas para Galicia y de actualidad! Puedes seguirlo en directo aquí👇  https://t.co/9OXuj10DEr  https://t.co/C7JBw03NjW","positive","neutral",NA
"1266657400058253312","ciudadanos","🇪🇸 En el #DíaDeLasFuerzasArmadas reconocemos la gran labor que desempeñan todos aquellos que por tierra, mar y aire defienden nuestros valores y nuestro país. 👏 Gracias por todo el esfuerzo, sacrificio y dedicación por salvar vidas, aún a riesgo de perder la suya. #GraciasHéroes  https://t.co/woqgnAx96H","negative","positive",NA
"1266640992494469123","ciudadanos","☀️ ¡Buenos días y #FelizSábado! ☕️ Anímate a tomar un café telemático en compañía de @BalEdmundo, @Beatriz_Pino_ y @AdrianVL1982. ⏰ A las 12:00 horas charlarán #EnDirecto con afiliados gallegos, responderán sus dudas y analizarán la actualidad política. 😊 ¡Te esperamos!  https://t.co/rjdZH71iJT","positive","positive",NA
"1266447215268110337","ciudadanos","🏛️🍊 Cs continúa apostando por la #PolíticaÚtil, y así lo estamos demostrando:  ✅ Control al ministro Marlaska. ✅ Desvinculación de los ERTEs del estado de alarma. ✅ Crítica a la cosmética política de Sánchez. ✅ Defensa del consenso. 📽️ ¡Así ha sido la semana de @CsCongreso!  https://t.co/noNbhIoI6N","positive","neutral",NA
"1266429599346356225","ciudadanos","👏 Tras 5 años de prórrogas... ¡#Granada tendrá Presupuestos! 🤝 Gracias al acuerdo histórico de Cs, PP y PSOE, los granadinos reactivarán su economía e incrementarán las políticas sociales. 🍊 El consenso y la #PoliticaÚtil son la clave del éxito. 📽️ ¡Te lo cuenta @LuisSalvador!  https://t.co/RCMjnRw68d","positive","positive",NA
"1266406969398775820","ciudadanos","🤦 La prioridad del Gobierno en esta crisis ha sido salvar su propia imagen. 📽️ @GuillermoDiazCs ""Con el espectáculo bipolar que está dando la política española, no saldremos más fuertes, saldremos retratados"" ‼️ ¡Dejen la cosmética política! Céntrense en salvar vidas y empleos.  https://t.co/SJkVT4vRgv","negative","negative",NA
"1266375850842140672","ciudadanos","🏛 Javier Alegre ""El Gobierno está sometiendo a una purga intolerable a funcionarios no afines, para después hacer nombramientos a dedo"" @Senadoesp  ‼️ Una vez más le hemos pedido a Marlaska que aclare los motivos reales de la destitución de Pérez de los Cobos.  https://t.co/Coh8FFUcCI","positive","negative",NA
"1266375687079751683","ciudadanos","🏛 Nuestro senador Javier Alegre le ha recordado a Marlaska que él mismo aseguró que la #EquiparaciónYa NO sería posible sin presupuestos.  ⁉️ ¿Qué ha cambiado?  👉 Esta medida NO puede ser una cortina de humo para tapar las injerencias del Gobierno en la @guardiacivil  https://t.co/T4RdiulYqW","positive","negative",NA
"1266375576484372498","ciudadanos","😷 ¡Las FCSE han sufrido una clara falta de materiales de protección! ⁉️ ¿Cuántos test se han hecho y cuáles son los resultados? ⁉️ ¿Cuantos y cuándo tienen previsto hacer más? 👉 Es urgente hacerlos de forma masiva. 📽 Así se lo ha dicho nuestro senador Javier Alegre a Marlaska.  https://t.co/lxoEk6zx6E","positive","negative",NA
"1266375374562156545","ciudadanos","🏛 Nuestro senador Francisco Javier Alegre ha participado en la Comisión de Interior en la que comparecía el ministro Marlaska.  📽 ¡Te dejamos un resumen de su intervención en el @Senadoesp!  https://t.co/1K8STRUBz7","positive","neutral",NA
"1266317815163826177","ciudadanos","🏨🏖️ ¡Necesitamos que el Gobierno permita la movilidad entre provincias y comunidades en la misma fase para reactivar el turismo! 📺 @JuanMarin_Cs ""Si no se toma esta decisión, se limitan nuestras posibilidades de ser más competitivos con otros destinos turísticos"" #LaMananaTVE  https://t.co/KnzNIo0D84","negative","negative",NA
"1266316874280828929","ciudadanos","🤦 ¡El Gobierno ha tomado decisiones de forma arbitraria para determinar los cambios de fase en la desescalada! 📺 @JuanMarin_Cs ""Cuando no se da certidumbre se provocan situaciones de confrontación innecesaria entre territorios"" #LaMananaTVE  https://t.co/1HhcZmO5dG","negative","negative",NA
"1266316739056472064","ciudadanos","⁉️ ¿Por qué Málaga y Granada no pueden pasar a la fase 2 hoy mismo y deben esperar al lunes?  📺 @JuanMarin_Cs ""Puede que para el ministro perder cuatro días no suponga nada, pero para los trabajadores supone perder todavía más ingresos"" #LaMañanaTVE  https://t.co/IYAfSqkOPd","negative","negative",NA
"1266316574572544000","ciudadanos","📺 Hoy el vicepresidente de Andalucía @JuanMarin_Cs ha conectado #EnDirecto con @LaMananaTVE.  😊 ¿Te lo has perdido? ¡Te dejamos un resumen a continuación! #LaMañanaTVE  https://t.co/N5R3FIDrcS","positive","neutral",NA
"1266307604176932865","ciudadanos","🏛 @MGutierrezCs ""¿Qué puede hacer la Administración para ayudar a la industria a ser más competitiva?"" en @CsCongreso ✅ Esa es la forma de garantizar los empleos y que las empresas se mantengan en nuestro país. 🔝 ¡Tenemos que potenciar la innovación!  https://t.co/XVMZMqmKPY","positive","neutral",NA
"1266299385656164352","ciudadanos","🏛 @MGutierrezCs ""¿Por qué la industria española no ha podido absorber la demanda de productos sanitarios en la crisis del #COVID19?"" en @CsCongreso 🏭 El Gobierno de España ha hecho contrataciones de importación fallidas. ⁉️ ¿Fue por licitaciones, por problemas burocráticos?  https://t.co/SPV1lEsUrX","negative","negative",NA
"1266297105502466049","ciudadanos","💪✅ Celebramos que la Industria Química Española esté funcionando bien a pesar de la crisis del #COVID19. 🏛 @MGutierrezCs ""Eso es porque han hecho sus deberes a tiempo y se agradece que mantengan un nivel de empleo de calidad"" en @CsCongreso  https://t.co/gcSAiNgBcP","negative","positive",NA
"1266295981689069570","ciudadanos","🏛 Esta mañana @MGutierrezCs ha participado en la Comisión de Industria, Turismo y Comercio. 👉 A continuación te presentamos un resumen de su intervención #ActualidadCs  https://t.co/Bfar3ID96L","neutral","neutral",NA
"1266268649976786945","ciudadanos","☀️¡Buenos días y #FelizViernes! 🍊 Cs ha impulsado #PolíticaÚtil para enfrentar al #COVID19 ✅Desvincular los ERTE del estado de alarma ✅Ampliar moratoria de impuestos ✅Plan B para salir del estado de alarma ✅Habilitar julio en el Congreso 🤨 ¿Qué ha conseguido el NO radical?  https://t.co/29rf645N0t","positive","neutral",NA
"1263495576840257536","ciudadanos","🤦‍♂️ La idea de derogar la Reforma Laboral en estos momentos es un absoluto disparate. 👎 Es una muestra más de la debilidad de este Gobierno, ¡no son capaces ni de ponerse de acuerdo en las versiones! ❗️ Sánchez debe dar explicaciones.  📽️ ¡Así lo ha denunciado @BalEdmundo!  https://t.co/SuBxS36vvM","positive","negative",NA
"1263453384465690626","ciudadanos","⁉️ @GuillermoDiazCs  ""¿Nos estamos preparando para cuando tengamos la vacuna contra la #COVID19 producirla de forma masiva? #Sanidad 💉 Hay que defender que sea considerada un bien público y diseñar una campaña que haga frente al movimiento antivacunas.  https://t.co/XhvakJ4XOe","positive","neutral",NA
"1263453272989368321","ciudadanos","🤦‍♂️ No sabemos los criterios científicos que sigue el Gobierno para que las CCAA pasen de fase. ‼️ La señora Calvo reconoció que el criterio político hizo que Madrid pasara a una fase 0'5, ¿es este el único por el que se rigen? 📽 ¡@GuillermoDiazCs en la Comisión de #Sanidad  https://t.co/hkV1Rf4iuZ","negative","negative",NA
"1263451494084378627","ciudadanos","😷 Al fin el Gobierno escuchó a Cs y el uso mascarillas es obligatorio. ⁉️ Pero exigimos transparencia: ¿por qué no lo ha sido hasta ahora? 🏛 @GuillermoDiazCs ""Es vital centrarse en la fabricación de mascarillas. Hay que apoyar a las empresas que se reinventan para ello""#Sanidad  https://t.co/bSy48VHFTv","negative","neutral",NA
"1263449810331451392","ciudadanos","🧑‍⚕️👩‍⚕️ ¡Los sanitarios se están jugando la vida para protegernos de esta pandemia!  🏛 @GuillermoDiazCs ""Pido a los grupos parlamentarios que muestran su apoyo a este colectivo pero votaron que no al estado de alarma, que piensen en ellos"" #Sanidad  https://t.co/rYmASwpdye","neutral","neutral",NA
"1263449611525636096","ciudadanos","🏛️ Esta mañana @GuillermoDiazCs ha intervenido en la Comisión de #Sanidad para seguir aportando #PolíticaÚtil en la lucha contra la #COVID19  📽️ ¡Te lo contamos a continuación!  https://t.co/oGn4whUEAG","negative","neutral",NA
"1263425919848452097","ciudadanos","⛔️ ¡Aparquen la derogación de la LOMCE! 💻  Ahora debemos centrarnos en dar respuestas coordinadas a la crisis educativa: 🏛 @martamartirio ""Muchos docentes se han visto desamparados por la falta de un plan estatal de formación en competencias digitales"" #Educación  https://t.co/iXiHzlMke3","negative","negative",NA
"1263425608178073608","ciudadanos","👉 Le pedimos al Gobierno sentido de Estado y mucho sentido común.  ‼️ ¡No pueden dejar a las CCAA a su suerte! 🏛 @martamartirio ""Como madre y como docente les pido que trabajemos entre todos para salir de esta crisis, dejando al margen los debates ideológicos"" #Educación  https://t.co/iZnJKQQVqS","negative","negative",NA
"1263425401029877761","ciudadanos","🏛 @martamartirio ""En un momento de emergencia educativa, el Gobierno y sus socios NO pueden actuar basándose en la ideología"" #Educación  ‼️ ¡Todavía no sabemos cuándo se retomarán las clases! 📚 La crisis del #COVID19 ha sido gravísima y hacen falta respuestas.  https://t.co/jYl6bi3LeO","negative","negative",NA
"1263425025014673408","ciudadanos","🏛️ Nuestra diputada @martamartirio ha participado en la comisión de #Educación, en la que hoy comparece la ministra Celaá.   👨‍👧‍👧💻👩‍🏫Ha comenzado su intervención valorando el esfuerzo de la comunidad educativa y de las familias en la etapa de confinamiento.  https://t.co/tnngQqHFSl","positive","neutral",NA
"1263404881848778752","ciudadanos","🚨 Cuando el sector turístico más necesita ayuda para revitalizarse, el Gobierno le pone palos en las ruedas. 🤚 ¡Basta de improvisación y medidas a destiempo! ✅ Necesitamos #PolíticaÚtil para salvar vidas y empleos reactivando nuestra economía.  https://t.co/9PNUrxPirz","positive","negative",NA
"1263382001698177024","ciudadanos","📺 @BalEdmundo ""Es una vergüenza que el nacionalismo negocie impulsar una mesa de la vergüenza cuando hay gente peleando por sus vidas en los hospitales"" en @Desayunos_tve  👉 La única prioridad debe ser luchar contra el #COVID19 con #PolíticaÚtil. 🍊 ¡Cs ha conseguido eso!  https://t.co/BVm4wgebWF","positive","negative",NA
"1263379847742656512","ciudadanos","❗️ Si Rufián y Abascal nos critican es porque Ciudadanos está haciendo bien las cosas.  📺 @BalEdmundo ""Solamente pensamos en el interés de los españoles y en seguir haciendo #PolíticaÚtil"" en @Desayunos_tve  https://t.co/2NNJDDzxhO","neutral","negative",NA
"1263379329792331777","ciudadanos","📺 @BalEdmundo ""Cualquier ciudadano ve bien desvincular los ERTE del Estado de Alarma y agilizar los pagos y ayudas a las familias españolas"" en @Desayunos_tve  🍊 Cs ha conseguido buenas medidas para seguir salvando vidas y empleos.  https://t.co/ggyfrrIfdE","positive","neutral",NA
"1263378209170698240","ciudadanos","⚠️ El Gobierno Frankenstein está profundamente dividido.  👉 ¡Tienen que aclarar qué han pactado con Bildu! 📺 @BalEdmundo ""Nosotros pensamos en salvar vida y empleos con medidas de #PolíticaÚtil que son de interés general"" en @Desayunos_tve  https://t.co/t46mkPcKBn","neutral","negative",NA
"1263373082678493184","ciudadanos","🔛 ¡Seguimos repasando la actualidad del día!  📺 @BalEdmundo conectará #Endirecto en unos minutos con los @Desayunos_tve, ¡no te lo pierdas! 📲 Puedes verlo aquí:  https://t.co/XhB9qFlj07  https://t.co/BIYbLQWbaP","neutral","neutral",NA
"1263364950921293824","ciudadanos","🍊 Cs ha hecho su propia negociación del estado de alarma e hizo públicas todas las condiciones:  1️⃣ Agilizar pago de los ERTE 2️⃣ Más ayudas a autónomos 3️⃣ Prolongar moratoria de impuestos 4️⃣ Habilitar julio en el Congreso 5️⃣ Plan de desescalada 📻 ¡@BalEdmundo en @HoyPorHoy!  https://t.co/QgzWfFch95","neutral","neutral",NA
"1263352840065626112","ciudadanos","😊 ¡Buenos días y #FelizJueves! 📻 En unos minutos, @BalEdmundo estará #EnDirecto en @HoyPorHoy 📲 Escúchalo aquí: https://t.co/o543FKHYSU  https://t.co/qchG7O8MP1","positive","neutral",NA
"1263187738033033217","ciudadanos","🤔 Si a partir de mañana el uso de las mascarillas será obligatorio en espacios cerrados para los ciudadanos... 🤨 ¿Cómo es posible que muchos diputados NO la llevasen hoy en el @Congreso_Es? 😷 ¡Los políticos debemos dar ejemplo! #Póntela 📽 Así de claro lo ha dejado @BalEdmundo  https://t.co/ramAKBSNpk","negative","negative",NA
"1263174697920999424","ciudadanos","⁉️ ¿Casi 28.000 fallecidos no son suficientes para dejar atrás el ""y tú más""? ❌ #BastaYa de aprovechar la pandemia para tratar de obtener réditos políticos. 🏛 @BalEdmundo ""Cs votó NO a Sánchez y ahora vota SÍ a  los españoles"" 🍊 ¡Piensen con la cabeza, no con las tripas!  https://t.co/KUnatv8lS5","negative","negative",NA
"1255881427410923521","ciudadanos","🏛️ Esta tarde @Lroldansu ha participado en la Comisión General de las Comunidades Autónomas del @Senadoesp, en la que se ha debatido sobre el Estado de Alarma causado por el #COVID19.   📽️ ¡Te dejamos un resumen de su intervención a continuación!  https://t.co/gqczjWYgdm","neutral","neutral",NA
"1255865259224596482","ciudadanos","🤯 El Plan de Desconfinamiento del Gobierno es un caos.  ❌ ¡Basta de improvisar y rectificar constantemente! 🏛 @GuillermoDiazCs ""Poco ayudan declaraciones, como las de la ministra Ribera, diciendo a los hosteleros que no abran, si no se sienten cómodos"" #Sanidad  https://t.co/R3VZh3KDSz","positive","negative",NA
"1255864765651484680","ciudadanos","🍊 Las farmacias se considerarán establecimientos sanitarios, como solicitó Cs.  👩‍🔬👨‍🔬 ¡Los farmacéuticos estarán más seguros! 👉 El siguiente paso es que el Gobierno garantice la protección de TODOS los servidores públicos expuestos al #COVID19  🏛 ¡Lo explica @GuillermoDiazCs!  https://t.co/pnHI3aA5wZ","neutral","neutral",NA
"1255864483798487043","ciudadanos","🚨 Es inadmisible que el Gobierno le dé datos inflados a la OCDE. 🏛 @GuillermoDiazCs ""El virus no ve ruedas de prensa ni rankings falsos, la realidad va a tumbar una y otra vez a la propaganda"" #Sanidad 🧙‍♂️ ¡Hacen falta menos gurús de comunicación y más test!  https://t.co/ejBMK5Qerb","negative","negative",NA
"1255863751343058945","ciudadanos","🏛 Hoy @GuillermoDiazCs ha intervenido en la comisión de #Sanidad del @Congreso_Es, en la que ha comparecido el ministro Illa.   ⚫️ Antes de comenzar, ha recordado a las víctimas del #COVID19 y ha dado las gracias a los trabajadores que luchan contra la pandemia.  https://t.co/bjxoSUlG7J","negative","neutral",NA
"1255824353842925569","ciudadanos","😷 El Gobierno NO exige el uso de las mascarillas porque NO puede garantizar su suministro.  📺 @InesArrimadas ""Están haciendo un plan de desconfinamiento unilateral sin conocer los resultados de las pruebas serológicas"" en @120minutosTM  https://t.co/EGFhYpHNAm","neutral","negative",NA
"1255821817920606208","ciudadanos","🦠 El #COVID19 es un mazazo en términos sanitarios y económicos.  📺 @InesArrimadas ""Cs le ha tendido la mano al Gobierno para aportar soluciones y salvar vidas y empleos"" en @120minutosTM 🤦🏻‍♂️ Sánchez quiso pactar con nacionalistas y populistas y ahora lo pone muy difícil.  https://t.co/Obab5sty0i","negative","negative",NA
"1255821179669053440","ciudadanos","‼️ El Gobierno de Sánchez ha llegado muy tarde a la crisis del #COVID19 y NO para de improvisar.  📺 @InesArrimadas ""Cs hizo una oferta sincera para consensuar medidas y ser más eficaces, pero el Gobierno nos lo está poniendo muy difícil"" en @120minutosTM  https://t.co/YkSrLkLriP","negative","negative",NA
"1255814805337837568","ciudadanos","📺 En unos minutos @InesArrimadas estará en @120minutosTM de @telemadrid   🔛 Síguelo aquí #EnDirecto ▶️  https://t.co/Qv2xgermuX  https://t.co/LhohxbehCb","neutral","neutral",NA
"1255813794154020864","ciudadanos","🖤🇪🇸 Esta mañana, la V Asamblea de Ciudadanos ha comenzado con un emotivo minuto de silencio para recordar a los fallecidos por #COVID19  💻 Después, los compromisarios de Cs han podido escuchar las presentaciones de @manuelgarciabof y @CCuadradoCs #UnidosPorLaLibertad  https://t.co/0rH0RYrl7Y","negative","neutral",NA
"1255791441785257984","ciudadanos","🍊 ¡Desde hoy y hasta el domingo más de 5⃣0⃣0⃣ compromisarios de toda España participarán en la V Asamblea de Cs!  🇪🇸💻 Durante cuatro jornadas debatiremos de forma telemática, reafirmaremos nuestros valores y escribiremos juntos el futuro de Ciudadanos #UnidosPorLaLibertad  https://t.co/o41RiAMaHa","positive","neutral",NA
"1255772504318193666","ciudadanos","🚨 En España hay muchos trabajadores que, a día de hoy, NO han cobrado el ERTE. 📺 @begonavillacis ""Los servicios sociales de Madrid han recibido tantas peticiones de ayuda durante esta crisis como en todo el año 2019"" #LoEstamosConsiguiendo  https://t.co/Ks5YKx8pTW","neutral","neutral",NA
"1255771639083565058","ciudadanos","📞 Sánchez NO ha llamado a los representantes de @MADRID, la ciudad que más ha sufrido el #COVID19 en España. 📺 @begonavillacis ""Nosotros sí estamos dialogando con la oposición y consensuando las medidas para afrontar esta crisis"" #LoEstamosConsiguiendo  https://t.co/w6MRx0QuQc","negative","neutral",NA
"1255756831672217601","ciudadanos","☕️ ¡Buenos días y #FelizJueves! 📺 En unos minutos @begonavillacis estará #EnDirecto en @elprogramadear comentando la actualidad. ¡Síguelo con nosotros!  🙂 Puedes verlo aquí➡️ https://t.co/gIQMfYXC6R  https://t.co/9Upa71uPwU","positive","neutral",NA
"1255588907275751428","ciudadanos","🇪🇸 España necesita un plan de desconfinamiento serio y seguro, no improvisación y unilateralidad. 📻 ""Cs tiene la mano tendida, pero es una mano exigente; no un cheque en blanco"" ‼️ ¡El consenso es urgente e imprescindible!  👉 Aquí un resumen de @BalEdmundo en @encasadeherrero  https://t.co/EunsV5JRm9","positive","neutral",NA
"1255561738197430273","ciudadanos","💻☕️ ¡Así fue el café telemático que compartió ayer @InesArrimadas con más de 1.000 afiliados! 🍊 Nuestros afiliados son el corazón de @CiudadanosCs y por ello seguiremos abiertos a escuchar sus opiniones. 🧡 ¡Muchas gracias a todos los participantes!  https://t.co/Qly7qJLhJv","positive","positive",NA
"1255547659584241664","ciudadanos","🍊 Cs celebrará su V Asamblea General con un formato innovador. 📆 Desde mañana jueves hasta el domingo, 500 compromisarios debatirán sobre el futuro del partido. 🇪🇸 ¡Es momento de reafirmar nuestros valores de igualdad, libertad, unión y valentía! #UnidosPorLaLibertad  https://t.co/t3AqqFLOkz","positive","neutral",NA
"1255534106252849152","ciudadanos","📻 @InesArrimadas ""El Gobierno tiene que plantearse si quiere quedarse solo en la unilateralidad y la improvisación o corregir el rumbo"" en @Juliaenlaonda  👉 Lo mejor para España es sacar adelante unos #PactosDeLaReconstrucción que nos refuercen en Europa.  https://t.co/ptdBNYKSeJ","positive","neutral",NA
"1255532472667901964","ciudadanos","‼️ Tenemos que poner en marcha ya los #PactosDeLaReconstrucción. ⌛️ ¡No podemos esperar a septiembre!  🔴🔵 El bipartismo se tiene que poner de acuerdo porque se están perdiendo muchas vidas y empleos 📻 Así lo ha dicho @InesArrimadas en @Juliaenlaonda  https://t.co/dWsac6X0ck","positive","negative",NA
"1255531450759294981","ciudadanos","‼️ El Gobierno nos está poniendo muy difícil que sigamos tendiéndole la mano. 👉 ¡Tiene que cambiar de actitud y buscar el consenso! 📻 @InesArrimadas ""NO está dando información a la oposición y somos los que tenemos que votar las prórrogas del Estado de Alarma"" en @Juliaenlaonda  https://t.co/LAtosnES1e","neutral","negative",NA
"1255528105743179777","ciudadanos","🚨 El plan de desconfinamiento de Sánchez está lleno de contradicciones y crea dudas a los ciudadanos. 📻 @InesArrimadas ""El Gobierno dice mucho que quiere consensuar, pero seguimos enterándonos de todo por la televisión"" en @Juliaenlaonda  https://t.co/iV902g2Gt3","negative","negative",NA
"1255521897879613442","ciudadanos","🔛 ¡Sigue la actualidad del día nosotros! 📻 En unos minutos @InesArrimadas será entrevistada en el programa @Juliaenlaonda de @OndaCero_es. 📲 ¡No te lo pierdas! Síguelo #EnDirecto aquí 👉  https://t.co/R5o34lpATX  https://t.co/rjGBkcnmpV","positive","neutral",NA
"1255514826023067648","ciudadanos","🆕 Nuestro diputado @GuillermoDiazCs ha conseguido que las farmacias se consideren establecimiento sanitario. 🙂 Hoy el Gobierno ha rectificado y gracias a @CsCongreso los farmacéuticos estarán más protegidos. 🍊 Solo con #PolíticaÚtil avanzaremos en la lucha contra el #COVID19  https://t.co/W87NqMVtLU","negative","neutral",NA
"1255502055822831616","ciudadanos","⛈️ Las familias, autónomos y empresas van a sufrir la peor tormenta económica del último siglo ‼️ ¡Déjense ayudar! 🏛️ @mariadelamiel ""Cs votará a favor del Real Decreto para la presentación e ingreso de impuestos, pero pediremos su tramitación urgente como Proyecto de Ley"" #Pleno  https://t.co/QFFDgtEBQ7","negative","negative",NA
"1255501435011203075","ciudadanos","👉 El Gobierno aplaza el pago de impuestos solo un mes a pequeñas empresas. ⁉️ ¿Y las empresas de mediano y gran tamaño? 🏛 @mariadelamiel ""Las medidas del Real Decreto se reclamaban al principio del confinamiento, pero se aprobaron días antes de que venciera el plazo"" #Pleno  https://t.co/CKTxL5dUI0","neutral","neutral",NA
"1255496933948473355","ciudadanos","🤯 El Gobierno va hacia el precipicio y detrás NO puede ir España... 🍊 ¡Cs no lo va a permitir! Seguiremos arrimando el hombro para salvar vidas y empleos. 🏛 @mariadelamiel ""¡Tenemos que estar unidos! Si el virus no entiende de ideologías, las soluciones tampoco"" #Pleno  https://t.co/3gHiRRrPRB","positive","negative",NA
"1255493855404843008","ciudadanos","🤦‍♀️ El Gobierno ha puesto de moda la 'autoenmienda' esta temporada. 👉 Improvisaciones 👉Plan de desconfinamiento sin fechas concretas 👉 No consensúan con nadie 🏛️ @mariadelamiel ""Las únicas fases que cumple el son: negación, improvisación y rectificación"" #Pleno  https://t.co/HXrewrNrVj","negative","negative",NA
"1255493757627138055","ciudadanos","🏛 Interviene de nuevo @mariadelamiel para mostrar la postura de Cs respecto a la moratoria en el plazo de presentación e ingresos de determinados impuestos.  👉 ¡Te dejamos un resumen! #Pleno  https://t.co/WHnp48HEd7","neutral","neutral",NA
"1255473059957485569","ciudadanos","🙅‍♀️ ¡Cuando hablamos de salvar vidas no puede haber ideología de por medio! 🏛️ @mariadelamiel ""Celebramos que exista consenso en medidas como las que aprobamos en este decreto, pero les pedimos que que no se conviertan en los dinamitadores de los #PactosDeLaReconstrucción"" #Pleno  https://t.co/6zBZuUi0Wu","negative","negative",NA
"1255471900039528448","ciudadanos","🏛El Pacto de Estado contra la #ViolenciaMachista es un gran hito para nuestra sociedad, aunque la señora Montero se abstuviera. 📽@mariadelamiel ""Que votemos en medio de la actual pandemia un decreto específico contra esta lacra demuestra que hay que luchar unidos"" #Pleno  https://t.co/q29eJCKpDT","positive","neutral",NA
"1255467597925154820","ciudadanos","⚠️ Hay mujeres que se encuentra en especial vulnerabilidad frente a la lacra de la #ViolenciaMachista  👉 Vivimos una situación excepcional, pero no podemos olvidar a los colectivos más vulnerables. ‼️  Urge consenso para ayudarles.  🏛 ¡Así lo dijo @mariadelamiel en el #Pleno!  https://t.co/t9dWW2ODs1","negative","negative",NA
"1255465099743158275","ciudadanos","‼️ Urge aprobar medidas para ayudar a las víctimas de #ViolenciaMachista con el máximo consenso posible. 🏛@mariadelamiel ""Esta lacra nos concierne a todos y no debemos dar un solo paso atrás para combatirla, tampoco durante el Estado de Alarma"" #Pleno  https://t.co/xdmRcKlYm7","positive","negative",NA
"1255459024679636994","ciudadanos","🏛️ @mariadelamiel interviene en el #Pleno para debatir medidas urgentes en materia de protección a las víctimas de #ViolenciaDeGenero.   ⚫️Ha comenzado transmitiendo su solidaridad a las víctimas y sus familias y dando las gracias a los profesionales que las apoyan.  https://t.co/sSAOljxKkB","positive","neutral",NA
"1255438299793145867","ciudadanos","⚠️ El Gobierno sigue cometiendo el error de gestionar la crisis del #COVID19 en solitario. 🤦‍♀️ Su Plan de Desescalada está lleno de contradicciones y no garantiza la protección de los ciudadanos.  ‼️ ¡Recapaciten y corrijan los errores desde el consenso! 📰  https://t.co/hPcDP89fA3  https://t.co/HjzYJECp8j","negative","negative",NA
"1255413957667545089","ciudadanos","😠 La improvisación del Gobierno solo está creando preocupación entre familias, sanitarios y autónomos.  👉 Necesitamos una Plan de Desconfinamiento serio y seguro.  🏛 @BalEdmundo ""Les pedimos que estén a la altura, cambien la unilateralidad por el consenso"" #SesiónDeControl  https://t.co/i6qw3S7Lc1","neutral","negative",NA
"1255413337405427714","ciudadanos","🤦‍♂️ El Gobierno debe hacer autocrítica para NO volver a caer en los mismos errores....  ⌛️ ¡España ha llegado tarde a esta crisis! 🏛 @BalEdmundo ""Su Plan de Desconfinamiento está basado en la improvisación y le falta una fase: ¡la de llamar a la oposición!"" #SesiónDeControl  https://t.co/rCxjOOCMEl","negative","negative",NA
"1255399497640955909","ciudadanos","🌤️ ¡Buenos días y #FelizMiércoles! 🏛️En unos minutos comenzará la #SesiónDeControl al Gobierno en el @Congreso_Es  🍊 @BalEdmundo preguntará al señor Sánchez sobre la gestión de la crisis del #COVID19 de su gobierno.  ➡️ Síguelo #EnDirecto aquí  https://t.co/XhzrOQeLpA  https://t.co/aVZcjR3flC","negative","neutral",NA
"1255220936363724803","ciudadanos","🍊 Cs se ofreció a presidir la comisión porque urge poner fin al bloqueo de #PPSOE. 📻 ""Lo importante no es el color del partido que la presida sino sus intenciones reales"" ❗️ ¡Los españoles necesitan soluciones y consenso! 👉 Aquí un resumen de @jmespejosaav en @encasadeherrero  https://t.co/GFrVsi1lIz","positive","neutral",NA
"1255204680831062017","ciudadanos","🤦‍♀️ Una vez más, hemos conocido los planes del Gobierno por televisión y sin consensuar con nadie... ❌ Sin mascarillas, sin test multitudinarios y sin instrucciones claras no podemos hablar de desconfinamiento. ‼️ ¡Nos jugamos mucho!  https://t.co/Hy9ae7UPJ8","neutral","negative",NA
"1255192506448445443","ciudadanos","👩‍💻👨‍💻 Esta tarde, más de 1.000 afiliados han podido charlar en un café telemático con @InesArrimadas, @BalEdmundo, @MarinaBS_Cs y @CCuadradoCs. 🧡 ¡Muchas gracias a todos por participar! 🍊💪 ¡Somos un gran #EquipoCs y lo estamos demostrando!  https://t.co/83YvORdfoM","positive","positive",NA
"1253590223780446208","ciudadanos","‼️ Las declaraciones del jefe del Estado Mayor de la @guardiacivil no fueron un lapsus, fueron una orden. 📻 @InesArrimadas ""El Gobierno tiene que dejar de utilizar las instituciones del Estado para su propio beneficio"" @eslamananadeFJL 🤚 ¡#BastaYa de unilateralidad y opacidad!  https://t.co/dBQzr1BYaG","positive","negative",NA
"1253582191910629378","ciudadanos","⛅️ ¡Buenos días y #FelizViernes! 📻 Comienza el día con @InesArrimadas en @eslamananadeFJL de @esRadio  Síguelo #EnDirecto aquí ➡️  https://t.co/k1024zYlfq  https://t.co/QOoYbzysDa","positive","neutral",NA
"1253391844521709575","ciudadanos","⚠️ ¡Señor Sánchez, deje de ir a Europa sustentándose en los 'ismos' que sostienen su Gobierno! ⌛️🇪🇸 España necesita YA unos #PactosDeLaReconstrucción 🤯 ¿Vamos a esperar a septiembre para reunirnos por primera vez? 🏛️ ¡Así de claro lo dijo @BalEdmundo! 📽️  https://t.co/TjdSlIpcXo  https://t.co/QFzE5EAvFN","negative","negative",NA
"1253365169817890816","ciudadanos","⌛️ ¡Hay que poner en marcha los #PactosDeLaReconstrucción YA! 🍊💪 Si el bipartidismo no se pone de acuerdo, Cs se ofrece a desbloquear la situación y presidir la comisión en el Congreso de la mano de @jmespejosaav.  📽 @InesArrimadas ¡Somos garantía de consenso!  https://t.co/hT0WPVQ8yf","positive","neutral",NA
"1253344093083709440","ciudadanos","🇪🇸 El #COVID19 demuestra que los sanitarios, las FCSE y las Fuerzas Armadas son esenciales, el nacionalismo NO. 🏛 @PauCambroneroCs ""Mi experiencia como policía me ha enseñado que a quien le molesta la presencia uniformada es porque pretende transgredir la ley"" #Interior  https://t.co/MRiqbeSvW9","positive","negative",NA
"1253341118059536384","ciudadanos","⚠️El Jefe del Estado Mayor de la Guardia Civil dijo que trabajan para ""minimizar el clima contrario a la gestión de la crisis del Gobierno"". ¡Es muy grave! 🏛️@PauCambroneroCs ""No permitiremos que se manche el nombre de la @guardiacivil. Sr Marlaska, dé explicaciones"" #Interior  https://t.co/mSHtuNuebB","negative","negative",NA
"1253340630123593733","ciudadanos","‼️ El Gobierno está cometiendo muchos errores, ¡deben disculparse! 👉 Si quieren acabar con esta catástrofe sanitaria, sean transparentes y déjense ayudar por la oposición y los agentes sociales.  🏛️ ¡Así lo dijo @PauCambroneroCs! #Interior  https://t.co/A8ll20XcoV","positive","negative",NA
"1253335236257013760","ciudadanos","👮👮 ¡Nuestras FCSE realizan una labor titánica para protegernos! #GraciasHéroes 👉 Son colectivo de riesgo, al igual que los funcionarios de prisiones #SOSPrisiones 🏛️ @PauCambroneroCs ""Hay que rendirles homenaje, pero también proporcionarles medios de protección"" #Interior  https://t.co/sO9wRfpZ6D","positive","neutral",NA
"1253331467939098628","ciudadanos","🏛️ @PauCambroneroCs ha participado en la Comisión de #Interior que daba cuenta de las medidas adoptadas por el Ministerio para enfrentar al #COVID19  ⚫️ Sus primeras palabras han sido en recuerdo de los fallecidos por esta catástrofe sanitaria.  📽️ ¡Te lo contamos a continuación!  https://t.co/poCsOl2dd0","positive","neutral",NA
"1253298866872627201","ciudadanos","🔍 El Gobierno tiene que ser transparente y dar la cara por las irregularidades en el acopio de material de protección.  💻 @InesArrimadas ""La labor de fiscalización y control sigue adelante con el Estado de Alarma, no se puede ocultar información en esta crisis"" #COVID19  https://t.co/WtOlCmR7Ss","negative","negative",NA
"1253297034045636609","ciudadanos","🇪🇺 ¡El Gobierno de España debe ir con propuestas sensatas y consensuadas al Consejo Europeo!  👉 Debe defender la postura de @RenewEurope que logró un amplio consenso: ✅ Más financiación  ✅ Deuda mutualizada ✅ Plan de inversión económico 📽 ¡Lo explica @InesArrimadas! #COVID19  https://t.co/Ry60fCCc3z","positive","neutral",NA
"1253295488041959425","ciudadanos","👦👧 El plan de desconfinamiento de los niños NO puede ser ajeno al plan que se aplique a toda la sociedad. 😷 ¡Hacen falta test masivos, mascarillas para toda la población y menos improvisación para luchar contra el #COVID19! 💻  ¡Así de claro lo ha dicho @InesArrimadas!  https://t.co/HyFgNVHEZp","negative","neutral",NA
"1253295009492762624","ciudadanos","🤦‍♀️ ¡Hace dos días el Gobierno dio un espectáculo bochornoso haciendo un anuncio unilateral! 💻@InesArrimadas ""Han tenido que reconocer que los niños lo que necesitan son pequeños paseos controlados y cerca de casa"" #COVID19 👉 ¡Pedimos que concreten la medida YA!  https://t.co/usxqJOxZth","negative","negative",NA
"1253291805191307264","ciudadanos","🚨 Es urgente que los #PactosDeLaReconstrucción empiecen a funcionar YA. 💻 @InesArrimadas ""Si el bipartidismo sigue sin llegar a un acuerdo, Cs se ofrece a desbloquear la situación y presidir la comisión en el @Congreso_Es representado por @jmespejosaav"" #COVID19  https://t.co/P50icUhSf5","positive","negative",NA
"1253288677461102592","ciudadanos","⚫️ Las cifras de fallecidos por el #COVID19 son desalentadoras, no podemos olvidar la magnitud de esta catástrofe. 💻 @InesArrimadas ""En circunstancias normales hoy sería un día grande en Cataluña, Aragón y Castilla y León, seguro que podremos recuperar el tiempo perdido"".  https://t.co/J5EsNaNjPP","positive","negative",NA
"1253274247641866240","ciudadanos","💻🍊 En unos minutos @InesArrimadas ofrecerá una rueda de prensa telemática para valorar la actualidad sobre la crisis del #COVID19  🔛 Síguela #EnDirecto aquí➡️  https://t.co/DVLOxDb4xo  https://t.co/nSBUZorzte","negative","neutral",NA
"1253265375506182144","ciudadanos","📰¡No te pierdas la entrevista a nuestra eurodiputada @maitepagaza en @20m! 🗣️ ""Hay que ser extremadamente rigurosos con la información porque ahora se pueden hacer muchas trampas. La democracia corre mucho riesgo"". ➡️  https://t.co/9BbmmtAX8u  https://t.co/ZRWIkfFIx9","neutral","negative",NA
"1253230721017225216","ciudadanos","📖 La literatura tiende puentes y crea fraternidad. 🤝 Nos une más allá de lenguas, creencias y costumbres. 🤗 Eclipsa TODAS las fronteras.  📚🌹 ¡Feliz #DíaDelLibro y Feliz #SantJordi! #DíaInternacionalDelLibro  https://t.co/1WJ1Ro6UcH","positive","positive",NA
"1253040877661851648","ciudadanos","🆘 ¡Hay que ayudar a los autónomos y pymes que se dejan la piel para superar esta crisis! ✅ Abastecen ciudades y pueblos de alimentos y medicamentos. ✅ Gestionan mejor que el Gobierno la adquisición y donación de suministros sanitarios. 📽️ ¡Así de claro lo dice @MarcosdeQuinto!  https://t.co/nHq2XzhXBQ","neutral","positive",NA
"1253022339916324865","ciudadanos","🏛️@mariadelamiel ""¿Por qué no ponemos en marcha en España las mismas fórmulas que funcionan en otros países de Europa?"" #Pleno 💻 Plataformas de coordinación y captación de trabajadores 🚜 Período de adaptación y aprendizaje 🚗 Promover la movilidad geográfica de los temporeros  https://t.co/zOWTgCwL25","positive","neutral",NA
"1242853184118325248","ciudadanos","👏 ¡Gracias a nuestros #HéroesRurales! ‼️ Hacen falta medidas ambiciosas para paliar los efectos del #COVID2019 en este sector.  ✅ Protocolos de seguridad. ✅ Ayudas a autónomos. ✅ Campañas de apoyo a los productos españoles. 🏛 ¡Así lo ha explicado @mariadelamiel en el #Pleno!  https://t.co/2znfSGHaLm","neutral","positive",NA
"1242852284465324033","ciudadanos","🏛️ @mariadelamiel vuelve a intervenir en el #Pleno en representación de @CsCongreso  🚜🐖 Fija nuestra postura sobre el Real Decreto por el que se adoptan medidas urgentes en materia de agricultura y alimentación #COVID2019  https://t.co/dhMZ3mbHUF","positive","neutral",NA
"1242834505569906690","ciudadanos","🍊 Cs votará a favor del Real Decreto por el que se deroga el despido objetivo por faltas de asistencia al trabajo. 🏛 @mariadelamiel ""Solicitaremos, eso sí, que se tramite como proyecto de ley para poder debatir las necesidades reales que necesita el mercado laboral"" #Pleno  https://t.co/hGVAEN3IkX","positive","neutral",NA
"1242834329761452032","ciudadanos","🏛 @mariadelamiel ""La solidaridad, la resistencia y la mejor sanidad del mundo son las mejores armas para frenar al #COVID2019"" #Pleno  👉  La política española debería estar al nivel de nuestros profesionales sanitarios. #GraciasHéroes  https://t.co/OHeyKv0Eyw","positive","neutral",NA
"1242833928974630912","ciudadanos","🇪🇸 España está sufriendo uno de los mayores golpes de su historia reciente.  🏛 @mariadelamiel ""El #COVID2019 se está cebando con nuestros mayores, la generación más resistente de la historia; a la que se lo debemos todo"" #Pleno  https://t.co/70oTKsZOHJ","positive","negative",NA
"1242833157566664709","ciudadanos","🍊 Cs no ha dejado de insistir en que el #Pleno de hoy fuera telemático.  💻 Hay medios para hacerlo, pero faltó voluntad política.  👉 Con esta decisión se pone en riesgo a los trabajadores, ¡son demasiados los diputados infectados!  🏛 ¡Así de claro lo ha dejado @mariadelamiel!  https://t.co/8clihDaKOa","positive","negative",NA
"1242831683566567424","ciudadanos","🏛 @mariadelamiel ha empezado su intervención en el #Pleno mostrando nuestro compromiso firme con los afectados por el #COVID2019 🇪🇸 ""Vamos a dejarnos la piel para honrar a los que se han ido y para que los contagiados se recuperen; para estar a la altura del pueblo español""  https://t.co/gK3J1GNvLb","positive","neutral",NA
"1242830898594185216","ciudadanos","🏛️ @mariadelamiel interviene por primera vez en el #Pleno sobre el #COVID2019  ‼️ Pese a que seguimos defendiendo que este #Pleno tendría que haber sido telemático, no podíamos dejar sin voz a los más de 1,6 millones de españoles a los que representamos. 📽️ ¡Te lo contamos!  https://t.co/jBiNBfWz2E","negative","neutral",NA
"1242805274559332352","ciudadanos","😊 ¿Todavía no has leído el artículo de @CsarZafra en @20m?  🖋️ ""Nos vamos a dejar mucha piel y muchas lágrimas por el camino, pero, a pesar de todo, os digo que vamos a salir de esta"". 🗞️ Aquí lo tienes al completo 👉 https://t.co/aWNbGjjM2I  https://t.co/toXD5nESlJ","neutral","neutral",NA
"1242777653570146304","ciudadanos","🏛 Las crisis por el #COVID2019 no puede hacernos olvidar la protección de los colectivos más vulnerables.  👉 Mujeres víctimas de la #ViolenciaMachista 👉 Prevención de riesgos laborales en supermercados. 📽 Así lo ha dicho @carrizosacarlos #Parlament  https://t.co/03cWw6J5R0","negative","negative",NA
"1242776766080520193","ciudadanos","‼️ Debemos proteger la vida de nuestros mayores en esta crisis sanitaria del #COVID2019  🏛️ @carrizosacarlos ""Proponemos: Test rápidos, prevención de riesgos laborales, reorganizar la bolsa de trabajadores y establecer medidas de hospitalización en las residencias"" #Parlament  https://t.co/dODFAKcimM","neutral","neutral",NA
"1242774550091366400","ciudadanos","‼️ Lo primero es salvar vidas, y después salvar empleos #COVID2019  🏛️ @carrizosacarlos ""Pedimos medidas al Govern: 👉 Fondo especial para autónomos y PYMES 👉 Bonificación del tramo autonómico del IRPF 👉 Cuota de autónomos cubierta 👉 Nuevos presupuestos unitarios de crisis"".  https://t.co/7BeTUjfCY8","negative","neutral",NA
"1242771605140488192","ciudadanos","🍊 Desde @CiutadansCs proponemos medidas para frenar al #COVID2019:   ✅ Test rápidos ✅ Pedir ayuda a la @UMEgob  ✅ Despliegue del personal médico militar en residencias ✅ Hoteles medicalizados ‼️ ¡No hay tiempo que perder!  🏛️ ¡Así lo ha dicho @carrizosacarlos! #Parlament  https://t.co/ax96yTijFo","neutral","neutral",NA
"1242769693804564480","ciudadanos","⚫️Queremos enviar nuestro apoyo a los afectados por el #COVID2019 y mostrar nuestro reconocimiento a los héroes que nos protegen. 🏛️ @carrizosacarlos ""Tendemos la mano al Govern para hacer frente a esta crisis. Debemos actuar con rapidez y evitar el colapso sanitario"" #Parlament  https://t.co/rTyP4PWzpe","neutral","neutral",NA
"1242769029506502656","ciudadanos","🏛️ Esta mañana @carrizosacarlos ha replicado a Torra en una reunión telemática en la que se ha evaluado la situación de Cataluña durante la crisis del #COVID2019   🔛 ¡Te dejamos un resumen a continuación!  https://t.co/kRFYRLOzHi","negative","neutral",NA
"1242750144388444161","ciudadanos","🏥 ¡Madrid ha montado el mayor hospital de España, con capacidad para 5.500 camas, en tiempo récord! #COVID2019  🇪🇸 ¡Todos los españoles podemos estar orgullosos! Cuando trabajamos unidos somos invencibles 🙂 🧡 ¡Gracias IFEMA, gracias Madrid, #GraciasHéroes!  https://t.co/dEmEbVz715","positive","positive",NA
"1242730077961555970","ciudadanos","🏛 El @Congreso_Es ha sido muy flexible con el juramento de los diputados separatistas y el voto telemático.  ‼️ ¡Pedimos que las intervenciones del #Pleno de hoy sean también a distancia! 📻 @InesArrimadas ""Poner en riesgo a decenas de trabajadores es absurdo"" @HoyPorHoy  https://t.co/GTdrJsLTL3","negative","negative",NA
"1242729716307591169","ciudadanos","🍊 Cs va a apoyar la prórroga del Estado de Alarma. 📻 @InesArrimadas ""Quiero centrar mis esfuerzos en ser lo más útil y constructivo posible en la lucha contra el #COVID19 "" @HoyPorHoy  📄 Ayer mismo le mandé otro documento al Gobierno con más propuestas.  https://t.co/kag5Z5WN2L","negative","neutral",NA
"1242729519577997313","ciudadanos","👉 Ante el #COVID2019, le pedimos al Gobierno:  ✅ Evaluación diaria del cumplimiento del confinamiento.  🏭 Cambiar la producción de algunas industrias para fabricar bienes esenciales: respiradores, mascarillas, camas medicalizadas... 📻 ¡Lo explica @InesArrimadas en @HoyPorHoy!  https://t.co/gdPi2WhvZh","positive","neutral",NA
"1242723300096249856","ciudadanos","⛅️ ¡Buenos días y #FelizMiércoles! 📻 En breve @InesArrimadas estará en @HoyPorHoy comentando la actualidad.  Síguelo #EnDirecto aquí  https://t.co/LYs0iC13u4  https://t.co/RzdTysFQFO","positive","neutral",NA
"1233459947427463174","ciudadanos","🍊 @AdrianVL1982 ""Voy a trabajar desde la Unión Europea para que #Galicia no pierda ni un euro de la PAC, para que se invierta más y mejor y ser más competitivos"" #YoConBea 😉 Esta es la mejor forma de hacer frente a la morriña.  https://t.co/bZzEJR68gV","positive","neutral",NA
"1233459677771575296","ciudadanos","😞 ¿Quién no tiene un familiar o un amigo que haya tenido que salir de #Galicia para buscar mejores oportunidades? 🍊 @AdrianVL1982 ""Nuestra tierra necesita reformas para que los jóvenes que la aman y que se han formado aquí no tengan que marcharse"" #YoConBea  https://t.co/UlioQrk0Mn","positive","negative",NA
"1233456336039444480","ciudadanos","🔛 #Endirecto Acto de presentación de @Beatriz_Pino_ como candidata de @CsGalicia para presidir la Xunta de Galicia con @InesArrimadas y el eurodiputado @AdrianVL1982 #YoConBea  https://t.co/syHrnYYtFk","neutral","neutral",NA
"1233446766906753025","ciudadanos","⏰😊 En unos minutos dará comienzo el Acto de Presentación de @Beatriz_Pino_ como candidata de Cs a la Presidencia de la Xunta de Galicia. 🍊 ¡No te lo pierdas! @InesArrimadas y @AdrianVL1982 también estarán allí. 📡 Síguelo #EnDirecto con nosotros.  https://t.co/ufAPbwKeOt","positive","neutral",NA
"1233440043378860033","ciudadanos","🏛️ @martabosquet en su discurso del #DíaDeAndalucía ha hablado de las necesidades de los andaluces: ⛔️ Fin de la violencia machista 👫 Igualdad salarial entre hombres y mujeres 🚜 Mejoras en agricultura 💸 Financiación de Andalucía 📺 ¡Así lo ha dicho @JuanMarin_Cs en @canalsur!  https://t.co/oAgAkQ2oGU","positive","neutral",NA
"1233438220676890625","ciudadanos","🏛️ La presidenta del Parlamento @martabosquet ha dado un baño de realidad a todos los diputados en el #DíaDeAndalucía. 📺 @JuanMarin_Cs ""Ha mencionado que las fuerzas políticas tenemos que buscar puntos de encuentro para dar el futuro que anhelamos a Andalucía"" en @canalsur  https://t.co/c3cHXSeK2s","positive","neutral",NA
"1233437878539243520","ciudadanos","📺 ¡Sigue la actualidad de este viernes! 👉 Tras el Acto institucional del #DíaDeAndalucía,  @JuanMarin_Cs ha sido entrevistado en @canalsur.  🔛 ¡Dentro resumen!  https://t.co/l2FOEwDPUb","neutral","neutral",NA
"1233429911341346816","ciudadanos","😊 Es un honor con contar con el apoyo de @maitepagaza y Fernando Savater para nuestro proyecto político en el País Vasco. 🍊💪 Desde Cs seguiremos luchando por la libertad y contra el totalitarismo nacionalista. 🗞️ Lee la noticia de @europapress aquí    https://t.co/igOgezZjbn  https://t.co/Q8RbDVKblj","positive","positive",NA
"1233412141006413824","ciudadanos","💃 ¡Feliz #DíaDeAndalucía a todos! 🍊💪 Desde Cs seguiremos trabajando para que mejorar la vida de todos los andaluces para que tengan las oportunidades y el futuro que merecen. 📽️ Escucha el bonito mensaje de @InesArrimadas a sus paisanos andaluces, ¡dentro vídeo!  https://t.co/ujUXXSa2A1","positive","neutral",NA
"1233381554669395968","ciudadanos","⚖️ ¡Queremos que los condenados por el 'procés' no tengan privilegios! 📺 @jordi_canyas ""Dejar en libertad provisional a aquellos que dicen que van a volver a cometer un delito quiebra el principio de igualdad"" @CMM_noticias  https://t.co/Fz4AbEBlCC","negative","negative",NA
"1233381380308062208","ciudadanos","🚨 ¡Los espacios de diálogo institucional son los parlamentos! 📺 @jordi_canyas ""En la supuesta 'mesa de negociación' del Gobierno no se sientan los catalanes, están sentados los separatistas que amenazan con volver a dar un golpe de Estado"" en @CMM_noticias  https://t.co/JvKPmEdfaR","negative","negative",NA
"1233381158739685377","ciudadanos","🚜🍇 La agricultura es fundamental para nuestra economía y para el futuro de los españoles. 📺 @jordi_canyas ""La PAC está en las manos de Sánchez; no puede sentarse a negociar diciendo, desde el principio, lo que está dispuesto a ceder"" en @CMM_noticias  https://t.co/4MLPTIRHWE","positive","negative",NA
"1233380900420882433","ciudadanos","🍊 ¡Ciudadanos es un proyecto que suma y que es más necesario que nunca! 📺 @jordi_canyas ""Somos la única garantía para que el bipartidismo no se alié con los separatistas y siga cediendo a costa de los derechos de todos los españoles"" @CMM_noticias  https://t.co/UO6DSJBihq","positive","neutral",NA
"1233380581326626817","ciudadanos","📺 Esta mañana @jordi_canyas ha sido entrevistado #EnDirecto en @CMM_noticias. ¿Te lo perdiste?  😊 ¡Te dejamos un resumen a continuación!  https://t.co/eSf5mHt57l","positive","neutral",NA
"1233363079288819713","ciudadanos","👏🍊¡Enhorabuena @Beatriz_Pino_!  😊 La portavoz de @CsGalicia ha sido escogida en primarias por los militantes de Cs para ser la candidata a la Presidencia de la Xunta de Galicia, con una participación del 56,41%.  ➡️ https://t.co/LkHUsqtKvo  https://t.co/bj1Bhi80kG","positive","neutral",NA
"1233351394041745409","ciudadanos","🍊 Cs es un partido liberal, por eso defendemos la libertad de elección informada. 🏛️ @MarcosdeQuinto ""Hay que desterrar el populismo acientífico del lenguaje de la Administración Pública y de la comunicación de sus altos cargos para garantizar una información seria"" #Consumo  https://t.co/jym6bT7kc2","positive","neutral",NA
"1233349802789888000","ciudadanos","🏛️ @MarcosdeQuinto ""Esperemos que la fiscalidad de alimentos ultraprocesados no responda a un afán recaudatorio"" #Consumo ‼️ La evidencia internacional muestra que estas medidas no aportan nunca los resultados esperados y, además, afectan a las rentas más bajas.  https://t.co/9PLIpUQ4WK","neutral","negative",NA
"1233349331341672449","ciudadanos","⚠️ Organizaciones del sector del #Consumo muestran su preocupación por la dispersión de competencias... 🏛️ @MarcosdeQuinto ""Esperemos que el Gobierno de Sánchez, tan dado a destruir la independencia de las instituciones, no haga con la AESAN lo mismo que con RTVE o con el CIS"".  https://t.co/Vc5v3PwbI8","negative","negative",NA
"1233349029620330496","ciudadanos","🎲 Exigimos que el ministro de #Consumo nos aclare la supuesta diferencia entre juego malo y  bueno... 🏛 @MarcosdeQuinto ""El juego en diferido del que habla, ¿implica que se anunciará en televisión, en horario infantil,  juegos de apuestas de fútbol a una semana vista?"".  https://t.co/jD7Lzjfskr","positive","negative",NA
"1233347927671812096","ciudadanos","🏛️ Esta mañana, @MarcosdeQuinto, ha intervenido en la Comisión de #Consumo  📽️ ¡Te lo contamos a continuación!  https://t.co/A0kLGqe0m6","neutral","neutral",NA
"1222216527744847873","ciudadanos","🙅‍♀️ ¡Las infraestructuras tienen que dejar de ser una moneda de cambio!  📝 Hoy @mariadelamiel escribe en @elEconomistaes sobre la importancia de impulsar un Pacto de Estado por la Movilidad.  🗞️ Lee el artículo completo aquí:  https://t.co/SaN4qu58DW  https://t.co/cMtVBECQVl","negative","negative",NA
"1222198472633389057","ciudadanos","😒 Junqueras retó a @Lroldansu a sostenerle la mirada... ¡y vaya si lo ha hecho!👏 👉 Le ha pedido que él mismo mire a los ojos a los catalanes para decirles que el separatismo gastó su dinero en infringir la Ley.  🤦‍♀️ El independentismo sigue sin pedir PERDÓN #LoVolveremosAFrenar  https://t.co/e9wY4ZIs2u","negative","negative",NA
"1222169642510311425","ciudadanos","🇪🇺 ¿Sabías que hoy sumamos a un nuevo eurodiputado al #EquipoCs de @Cs_Europa?  😊 Esta mañana @AdrianVL1982 ha recogido en el @Congreso_Es su credencial para seguir trabajando por reformar Europa y acercarla más a los jóvenes 💪🍊  https://t.co/y0nz5UJaeD","positive","positive",NA
"1222130270318534658","ciudadanos","🏛 Hemos pedido una comisión de investigación que esclarezca las contradicciones de Ábalos.   🙅‍♀️ ¡Ya está bien de engañar a los españoles y esconderse!  📡 @InesArrimadas ""No es un tema que afecta solo a un ministro, afecta a la imagen internacional de España"" en @CsCongreso  https://t.co/HU8xBRJ0Xa","negative","negative",NA
"1222129921725734912","ciudadanos","🏛 Junqueras ha dicho abiertamente en el #Parlament que no se arrepiente y que lo volverán a hacer... 🤷‍♀️ ¡Y aún así el #Sanchismo los trata como interlocutores! 📡 @InesArrimadas ""A los que delinquen Sánchez les da premio y a los que cumplen les sube los impuestos"" en @CsCongreso  https://t.co/UvvlBcwRZd","positive","negative",NA
"1222129592867139584","ciudadanos","🏛 Hemos exigido al Gobierno un plan para cuantificar los daños del temporal 'Gloria' y agilizar el cobro de las ayudas.  🤦‍♀️ ¡Los afectados por la DANA todavía no han cobrado ni un euro! ▶️ Lo explica @InesArrimadas en el @CsCongreso 👇  https://t.co/YOVo6X4ogD","negative","negative",NA
"1222129238679130114","ciudadanos","📡@InesArrimadas ha atendido a los medios de comunicación desde el @CsCongreso, antes de que comenzara la Diputación Permanente.   😊¡Te lo contamos!  https://t.co/UJ2RTHnkNw","positive","neutral",NA
"1222090029650055168","ciudadanos","🍊 Cs es la voz del Constitucionalismo en Cataluña. 📺 @InesArrimadas ""¿Quién nos va a defender? ¿El PSOE de Iceta que ha pedido un Código Penal más favorable para quien cometa un delito de sedición?"" @elprogramadear  https://t.co/2G0QwlwoXX","negative","negative",NA
"1222088227382874112","ciudadanos","✋ El Gobierno tiene que ser fuerte para pararle los pies al separatismo. 🤦‍♀️ ¡Sánchez no puede seguir dándoles privilegios! 📺 @InesArrimadas ""El independentismo se ha peleado muchas veces, pero siempre se une para violar los derechos de los catalanes"" @elprogramadear  https://t.co/UppJJIco6P","negative","negative",NA
"1222086928226496513","ciudadanos","📺 @InesArrimadas ""Muchos catalanes tenían ganas de que le dijéramos a la cara a los presos del 'procés':  👉 Que NO hablen en nombre de Cataluña 👉 Que pidan perdón 👉 Que cumplan la Ley"" @elprogramadear   🍊💪 ¡Y eso es lo que ha hecho @CiutadansCs hoy en el #Parlament!  https://t.co/wC7uJMc8V0","positive","neutral",NA
"1222072042268262402","ciudadanos","🌥️☕️ ¡Buenos días y #FelizMartes! 📺 En unos minutos @InesArrimadas estará comentando la actualidad política en @elprogramadear de @telecincoes  🔛 Síguelo #EnDirecto aquí  https://t.co/gIQMfYXC6R  https://t.co/YK8fdU2e2s","positive","neutral",NA
"1221914978611056643","ciudadanos","💪🍊 Cs quiere iniciar una nueva etapa en Cataluña y poner fin a la pesadilla del 'procés'. 📺 @Lroldansu ""Tenemos el mejor programa para iniciar una etapa de reconciliación y unión en la que recuperemos algo que jamás deberíamos haber perdido: la libertad"" #LaNoche24h  https://t.co/LJ4pmaF2te","negative","neutral",NA
"1221913497073782784","ciudadanos","🍊 ""Mañana Cs asistirá a la comisión del Parlament para dar voz a más de la mitad de los catalanes sensatos y moderados que están cansados de la división y la ruptura que ha creado el separatismo""   📺 Así lo ha explicado @Lroldansu en #LaNoche24h  https://t.co/kxQpzFe9s6","neutral","neutral",NA
"1221911374604926978","ciudadanos","👀 Torrent no puede seguir mirando hacia otro lado. 📺 @Lroldansu ""Cada día que el señor Torra sigue insistiendo en ejercer un cargo que ya no tiene, será un día más en el que seguirá cometiendo un posible delito de desobediencia"" #LaNoche24h  https://t.co/2C8fIXAVHG","negative","negative",NA
"1221908495001321473","ciudadanos","🔚 Torra ha llegado al final del camino. 📺 @Lroldansu ""Si le queda un mínimo de dignidad, si realmente respeta las instituciones catalanas, no nos haga pasar este bochorno"" #LaNoche24h  💪 Cataluña merece una nueva etapa de reconciliación y de convivencia.  https://t.co/nWa7GQNHuS","positive","neutral",NA
"1221901190344011776","ciudadanos","🌙 ¡Termina la noche del lunes con nosotros! 📺 No te pierdas la entrevista de @Lroldansu en @Lanoche_24h para comentar la actualidad del #Parlament. 🔛📲 Síguela #EnDirecto aquí 👉 https://t.co/l0x087bwRn  https://t.co/PwSlgdOimE","neutral","neutral",NA
"1221890620546895874","ciudadanos","🎲... ¡Hagan sus apuestas!  🙄 ¿Cuál será la nueva versión de Ábalos para tratar de justificar su encuentro con la número dos de Maduro? 👻 Ya hemos pasado del 'No es No' a una reunión/encuentro/saludo de... ¡25 minutos!  https://t.co/PvbbwUdSeO","neutral","negative",NA
"1221879444362661888","ciudadanos","📺 @Lroldansu ""Es urgente que el señor Torra y la Generalitat reconozcan que han llegado al final del camino y que convoquen unas elecciones para dar la palabra a la ciudadanía"" en @MVTARDE  🚨 ¡Es insostenible! Cataluña tiene un Parlamento bloqueado y una cámara que no legisla.  https://t.co/SnWFJPIcZy","negative","negative",NA
"1221877492417470466","ciudadanos","🧐 El Estatuto de Autonomía de Cataluña lo dice muy claro: para poder ser presidente, hay que ser diputado. 📺 @Lroldansu ""Torrent deja hablar a Torra en el Parlament sin ser diputado. Sin embargo, a Cs trata de censurarnos cada vez que decimos algo que no les gusta"" en @MVTARDE  https://t.co/WS1MkctD6E","positive","negative",NA
"1221874024793432064","ciudadanos","❌ Torra no puede convocar elecciones en Cataluña, porque ya no es diputado y tampoco es presidente de la Generalitat. 📺 @Lroldansu ""Se lo han dicho por activa y por pasiva la Justicia, la Junta Electoral, el Supremo y del Secretario General del Parlament"" en @MVTARDE  https://t.co/mofuadjRxd","positive","negative",NA
"1221463130678747136","ciudadanos","🚀 La llegada de Ciudadanos al gobierno andaluz ha hecho despegar a Andalucía con políticas liberales y sensatas.   🍊Hoy en Antequera hemos celebrado un año de #CompromisoDeCambio. ¿Quieres saber más? ¡Abrimos hilo!👇  https://t.co/j74Am1H3QJ","neutral","neutral",NA
"1221087645201248258","ciudadanos","📅 Este sábado el #ConsejoGeneralCs ha aprobado los documentos que se debatirán en la V Asamblea General de Ciudadanos, después de un debate amplio y constructivo💪🍊😊  https://t.co/YddfHhNjPv","positive","neutral",NA
"1221075506289881089","ciudadanos","🇻🇪 🇪🇸 ¡Bienvenido a España @jguaido!   💪 El pueblo español está con todos los ciudadanos que defienden una #VenezuelaLibre.  https://t.co/mN1a4nOiP8","neutral","neutral",NA
"1221067297265213440","ciudadanos","😤 ¡Qué vergüenza que Sánchez no reciba a @jguaido!  👉 Es rehén de sus socios de Podemos.  📡 @MelisaRguezCs ""Me parece una falta de respeto del Presidente de España a todos los ciudadanos venezolanos que defienden un país libre y democrático"" #ConsejoGeneralCs  https://t.co/vioD3n8axv","neutral","negative",NA
"1221066826387525637","ciudadanos","🇻🇪Vamos a pedir una Comisión de Investigación para que el PSOE dé explicaciones.  ❓¿Por qué el avión de una narcodictadura aterrizó en España? ❓ ¿Por qué se reunió Ábalos con la nº 2 de Maduro?  🤦‍♀️¡Han dado 4 versiones distintas en 24 horas!  📡 @MelisaRguezCs #ConsejoGeneralCs  https://t.co/a9ZsWNzxps","neutral","negative",NA
"1221066347532169216","ciudadanos","🍊 Hoy ha salido adelante por una abrumadora mayoría la Ponencia de Estatutos y por unanimidad la Ponencia de Estrategia. 📡 @MelisaRguezCs ""Ahora los afiliados tendrán la última palabra sobre las enmiendas que se debatirán en la próxima Asamblea General"" #ConsejoGeneralCs  https://t.co/5VYqqqBzhU","positive","neutral",NA
"1221065736258564096","ciudadanos","🍊La portavoz de la Gestora @MelisaRguezCs ha atendido a los medios de comunicación, después del #ConsejoGeneralCs celebrado en nuestra sede.   📡 ¡Te lo contamos a continuación!  https://t.co/ywEso1XHdy","positive","neutral",NA
"1221028587496714240","ciudadanos","📝 Nuestro eurodiputado @JRBauza desmonta hoy la imagen de la Rusia de Putín en @elespanolcom.   👉 ""El empeoramiento de las condiciones de vida de millones de rusos están empezando a pasarle factura al Kremlin"".  ➡️Lee aquí el artículo completo:  https://t.co/wX8z6u7toi  https://t.co/JV0002WCy8","negative","negative",NA
"1220997903105298432","ciudadanos","☕ ¡Buenos días y #FelizSábado!  🗓️ ¡Mañana tenemos una cita importante en #Antequera! No puedes perderte nuestro Encuentro Ciudadano con @InesArrimadas, @JuanMarin_Cs, @javierimbroda, @RocioRuizDom, @rogeliovelascop y Rocío Blanco en #Málaga.   ☺️ ¡Te esperamos!  https://t.co/Sh6DrB40LB","positive","neutral",NA
"1220801192063721474","ciudadanos","⁉️ @CsCongreso ha preguntado por qué Ábalos no denunció la entrada de la vicepresidenta de Venezuela en España.   👉 Delcy Rodríguez tiene prohibida la entrada a la UE por ser alto cargo del régimen dictatorial de Maduro.  ➡️ https://t.co/dauTy1Eu0k  https://t.co/YFwOR6lWA0","negative","negative",NA
"1220786397533130756","ciudadanos","🍊 Esta tarde se ha reunido la Comisión Gestora con afiliados en #Salamanca para explicar los detalles del proceso de la próxima Asamblea General.  📽 @MelisaRguezCs ""Los afiliados tendrán en su mano elegir qué dirección y que proyecto de partido quieren"" #ActualidadCs  https://t.co/eRhN2v0Tua","positive","neutral",NA
"1220764450191368199","ciudadanos","📆 ¡No te pierdas mañana el encuentro con el presidente legítimo de Venezuela, @jguaido, en la Puerta del Sol de Madrid!  🇻🇪🇪🇸 España debe liderar el apoyo a los demócratas venezolanos y a su lucha por la libertad.  🍊🙌 ¡Allí estaremos! #VenezuelaLibre  https://t.co/7s2CZyBi5s","positive","neutral",NA
"1220749624937525248","ciudadanos","🧐 ¿Aún no has leído la entrevista de @BalEdmundo en @elEconomistaes? 🖋️ ""Me represaliaron y el castigo fue severo, con destierro incluido, pero me negué a mentir, y no me arrepiento"" 🗞️¡No te pierdas la entrevista al completo aquí!  https://t.co/N7VasiSoVb  https://t.co/whurpFTSHy","negative","neutral",NA
"1220727681467277316","ciudadanos","📡 @Lroldansu ""Fuimos los únicos que denunciamos un posible delito del Síndic, que parece que viajó a la final de la Champions con dinero de la trama del 3%"" #ActualidadCs ❌ Aunque Torrent impidió que se investigara... 👨‍⚖️ La Fiscalía Anticorrupción ha acusado a Ribó por cohecho.  https://t.co/ZKOghdp9bK","negative","negative",NA
"1220722005491798020","ciudadanos","❌ Torra ni es diputado del Parlament ni puede ser presidente de todos los catalanes. 📡 @Lroldansu ""Cada día que pasa atrincherado a su escaño es un día más que va en contra de las resoluciones judiciales"" #ActualidadCs ‼️ ¡Torrent tiene que quitarle el escaño!  https://t.co/Lu5A3cgFKe","positive","negative",NA
"1220720147138301952","ciudadanos","🍊 Hoy visitamos Terres de l'Ebre, uno de los territorios más afectados por la #BorrascaGloria. 📡 @Lroldansu ""Cs ha presentado una batería de propuestas en el Parlament para analizar y cuantificar los daños que ha causado el temporal"" #ActualidadCs  https://t.co/9F6kNcP110","positive","neutral",NA
"1220717716824383499","ciudadanos","📡 @Lroldansu ha atendido a los medios de comunicación durante su visita a diferentes municipios afectados por el temporal de la #BorrascaGloria.  👉 ¡Te contamos todo a continuación! #ActualidadCs  https://t.co/cdt49ywRkx","positive","neutral",NA
"1220698446866321408","ciudadanos","👎 A pesar de que Sánchez se niega a reunirse con @jguaido... 👎 Aunque Ábalos se reúna clandestinamente con la número 2 de Maduro...  👏🇻🇪 🇪🇸  El Gobierno de Madrid recibirá el sábado al presidente legítimo de Venezuela y le entregará las llaves de la ciudad #VenezuelaLibre  https://t.co/yhA25T6pcs","neutral","negative",NA
"1220673225664888832","ciudadanos","🌧️💨🌊 @CiutadansCs va a presentar una batería de medidas para ayudar a todos los afectados por la #BorrascaGloria: 👉 Línea de ayudas extraordinarias. 👉 Plan específico de estudio y evaluación del Delta del Ebro.  ▶️ ¡Te lo explica @Lroldansu en este vídeo! #PolíticaÚtil  https://t.co/4nKguFzoCF","positive","neutral",NA
"1220651886614917121","ciudadanos","🌍🍊 ¡Esta semana no hemos podido faltar a nuestra cita con #FITUR2020!  👉 El Gobierno de España no puede ver el turismo como un problema, sino como una oportunidad.   😊 ¡Así fue la visita de @InesArrimadas! ¡Dentro vídeo!  https://t.co/0l0fvIvDQG","positive","positive",NA
"1220637614153392128","ciudadanos","‼️ Tenemos que entendernos con el Gobierno, aunque tengamos modelos políticos totalmente opuestos.  📺 @ignacioaguado ""Sánchez, en vez de atacarnos, debe empezar a imitar las medidas que funcionan en Madrid"" @EspejoPublico  ✅ Bajada de impuestos. ✅ Atracción de inversión.  https://t.co/pmnlMydwVs","negative","neutral",NA
"1219606440459100160","ciudadanos","😠 Ayer Sánchez volvió a mentir... 🚪 ¡Ha ofrecido un indulto por la puerta de atrás a Junqueras y sus socios! 📡 @InesArrimadas ""En campaña anunció tipificar el referéndum ilegal y ahora propone bajar la condena del delito de sedición para beneficiar a sus socios"" en @CsCongreso  https://t.co/4DGNWNDq7G","negative","negative",NA
"1219605543242948609","ciudadanos","🆕 Hemos solicitado la creación de una subcomisión en el Congreso para alcanzar un Pacto Nacional por la Educación. 📡 @InesArrimadas ""Necesitamos un acuerdo de estado que garantice la calidad educativa, la igualdad de oportunidades y combata el adoctrinamiento"" en @CsCongreso  https://t.co/PEWkjBNp2D","positive","neutral",NA
"1219604558088941568","ciudadanos","📡 Esta mañana @InesArrimadas ha atendido a los medios de comunicación desde el @CsCongreso.   🔛 ¡Te dejamos un resumen de sus declaraciones!😊  https://t.co/lZctAdMLq9","positive","neutral",NA
"1219574992389726208","ciudadanos","🤦‍♀️ Sánchez vuelve a hacer lo que dijo que NUNCA haría, vuelve a mentir a los españoles... 👉 ¡Los socialistas han pactado con Bildu los presupuestos de Navarra! 🥀  Una vez más se demuestra que la credibilidad del #Sanchismo es nula. 🗞️  https://t.co/XmnEzNAGfk  https://t.co/BZJuWWOJYh","neutral","negative",NA
"1219556566581620736","ciudadanos","👉 ¡No te pierdas la entrevista de @jordi_canyas para @abc_es! 🗣️ ""Sin TV3 Puigdemont no sería nada, en Europa no pinta nada. Solo le hacen caso los ultras como Farage"".  🗞️ Aquí al completo:  https://t.co/bPVCLv1MXB  https://t.co/quAiyxchC9","negative","negative",NA
"1219532544372244481","ciudadanos","😃 ¡Buenos días y #FelizMartes! 👨‍👩‍👧‍👧Dijimos que convertiríamos #Madrid en la ciudad de las familias y lo estamos cumpliendo.  👶  Ya está en marcha la beca infantil del Ayto de Madrid:   https://t.co/VZ8bcIrXos #CsCumple 📽️ ¡Te lo cuenta @begonavillacis!  https://t.co/MRkrvkXAxm","positive","positive",NA
"1219362247274901504","ciudadanos","👉 Necesitamos un Pacto Nacional Educativo para garantizar la calidad del aprendizaje.  🍊 Cs va a defender la educación como el pilar que sustenta el Estado de Derecho. ¡No puede ser un arma arrojadiza! 📻 @MelisaRguezCs le ha pedido al Gobierno responsabilidad en @CAPITALRADIOB  https://t.co/mQtOKu3PgC","positive","neutral",NA
"1219361823172055041","ciudadanos","👉 El Gobierno intenta ocultar el dedazo de Sánchez en la Fiscalía y las futuras subidas de impuestos.  🇪🇸 ¡España no va a salir adelante si se sigue la senda de la crispación y se continúan cavando trincheras ideológicas! 📻 ¡Así lo ha dicho @MelisaRguezCs  en @CAPITALRADIOB!  https://t.co/p1VT2NcErt","positive","negative",NA
"1219361393369079809","ciudadanos","😳 Hoy un miembro del Gobierno ha hablado de aplicar el 155 en #Murcia... 📻 @MelisaRguezCs ""En cambio nunca han sido capaces de denunciar que en Cataluña hay niños a los que se les señala por ser hijo de guardia civil"" en @CAPITALRADIOB  https://t.co/HaoLCSaP0c","positive","negative",NA
"1219359575239024640","ciudadanos","🙅‍♀️ ¡No se puede utilizar la educación para forzar una batalla política y enfrentar a la sociedad!  📻 @MelisaRguezCs ""Cs defiende los derechos de los padres y la educación plural en valores democráticos de todos los niños"" en @CAPITALRADIOB  https://t.co/7WXKIfwUsh","negative","negative",NA
"1219345852394663936","ciudadanos","📻 Esta noche repasa toda la actualidad política con @MelisaRguezCs en #ElBalance de @CAPITALRADIOB.  🔛 ¡Empezamos en unos minutos!  ➡️ https://t.co/g7wHl5bhuC  https://t.co/TOOQFORM44","positive","neutral",NA
"1219336037782016000","ciudadanos","🤦‍♀️ ¡Es vergonzoso que el Gobierno hable de aplicar el 155 a Murcia, una comunidad que respeta la Constitución! 👉 El PSOE nunca ha denunciado, ni se ha sonrojado por el adoctrinamiento en las escuelas de Cataluña.  ▶️ Así lo ha explicado @MelisaRguezCs, ¡dentro vídeo!  https://t.co/Jn3cU6FTyX","negative","negative",NA
"1219322700054679554","ciudadanos","💪🍊Con Cs los problemas de la #CataluñaReal estarán en el centro de la agenda política. 📽️ @Lroldansu ""Vamos a poner fin al 'procés' e iniciaremos una nueva etapa de reconciliación, de convivencia y de unión en Cataluña"".  https://t.co/bPcEXswqhj","positive","neutral",NA
"1219306421336133633","ciudadanos","💪 Nuestro compromiso en la creación de empleo y el apoyo a los #autónomos es firme y lo estamos demostrando #CsCumple ✅ La Junta de #Andalucía ha puesto en marcha incentivos para ayudar a los autónomos a contratar a su primer empleado. 🗞️  https://t.co/n1Gnl18WBL  https://t.co/z7kMmbDTWK","positive","neutral",NA
"1219251745370656769","ciudadanos","🤦‍♀️ @MelisaRguezCs ""El Gobierno sigue pensando que subir los impuestos a los españoles es bueno..."" #ActualidadCs 👨‍👩‍👦‍👦 ¡El dinero donde mejor está es en los bolsillos de los ciudadanos! ✅ Cs ha demostrado que bajando los impuestos es posible aumentar la recaudación.  https://t.co/CkhGRGkyAi","positive","neutral",NA
"1219251309410430976","ciudadanos","😳 ¡Es vergonzoso que el Gobierno hable de aplicar el 155 a Murcia, una comunidad que respeta los derechos y libertades de los ciudadanos! 📡 @MelisaRguezCs ""El PSOE nunca se ha sonrojado por el adoctrinamiento de las escuelas en Cataluña"" #ActualidadCS  https://t.co/JAuUtEey7U","negative","negative",NA
"1219249722990518272","ciudadanos","🙅‍♀️ ¡Es una falta de respeto banalizar un tema tan importante como la educación! 📡 @MelisaRguezCs ""Es complementario defender la libertad de los padres a decidir y el derecho de los niños a recibir una educación plural en valores democráticos"" #ActualidadCs  https://t.co/BNgOxo1Hsl","positive","negative",NA
"1219247343645708288","ciudadanos","📡 @MelisaRguezCs ""Las ponencias han concluido los borradores de estatutos y estrategia, que se han trasladado a los consejeros generales"" #ActualidadCs 👉🏻 El sábado se debatirá en el Consejo General y después se enviará a los afiliados para que participen en la redacción.  https://t.co/r6g6jM1vji","positive","neutral",NA
"1219245421215846405","ciudadanos","🍊 Esta mañana se ha reunido la gestora de Cs en nuestra sede de #Madrid.  📡 Tras la reunión, la portavoz @MelisaRguezCs ha atendido a los medios de comunicación.  😊 ¡Te dejamos un resumen! #ActualidadCs  https://t.co/YK4YK3SF14","positive","neutral",NA
"1219244591209156608","ciudadanos","👉 La Comunidad de Madrid es un referente de libertades: ✅ Garantizamos el derecho de los niños a una educación plural  en valores democráticos. ✅ Garantizamos la libertad de los padres para decidir sobre la educación de sus hijos.  📺 ¡@ignacioaguado en @DebatAlRojoVivo!  https://t.co/jtchpZhusI","positive","neutral",NA
"1329761184640356352","podemos","🏳️‍⚧️ Hoy mandamos todo nuestro apoyo a las personas trans.  Por las asesinadas y víctimas de la transfobia.  Por las que lucharon y luchan por su derecho a ser.  Pongamos fin a su histórica discriminación, venga de donde venga.  #MemoriaTrans para seguir avanzando en derechos.","positive","neutral",NA
"1329734582967676928","podemos","👦👧La pandemia ha puesto sobre la mesa, más que nunca, la importancia de proteger los derechos de las niñas y los niños.  Garantizar su bienestar y erradicar la pobreza y la violencia en la infancia son una cuestión de Estado.  Sois el futuro del país. 💜 #DíaUniversalDelNiño","positive","neutral",NA
"1329724315386916864","podemos","📽 @MonederoJC solo necesita dos minutos para desmontar todas las mentiras de la derecha sobre la Ley de Educación. 👇  https://t.co/kbdFkrwrkG","neutral","neutral",NA
"1329524209475850241","podemos","📽 Hoy nos hemos reunido con la Unión de Actores y Actrices para garantizar una #CulturaSegura ante el COVID para todos y todas.  https://t.co/2HIRj0PHa4","neutral","neutral",NA
"1329487314536591369","podemos","Hacen noticias de la mentira y oídos sordos de la verdad.  https://t.co/5Eq4u4ocgF","negative","negative",NA
"1329414894916149250","podemos","Proteger la cultura es proteger a toda la sociedad. 💜  https://t.co/sE4pufuDJM","positive","neutral",NA
"1329400046476029953","podemos","📽 @joanmena: ""Sin igualdad de oportunidades ni cohesión social, es imposible que exista libertad. Las derechas tienen la obligación de decirle a la ciudadanía la verdad en un debate tan sensible como este"".  #LeyEducaciónARV  https://t.co/VwYWQZls4i","positive","negative",NA
"1329394975029735424","podemos","📽️ @joanmena: ""Hoy es un día de satisfacción porque hemos conseguido demostrar que, desde la política, se puede cumplir el compromiso con la ciudadanía. Hemos mandado a la papelera de la historia la LOMCE, que era una ley retrógrada y recentralista"".  #LeyEducaciónARV  https://t.co/Z3RbAs2TDo","positive","negative",NA
"1329387840627765250","podemos","El patriotismo del maestro 👇  📽️ @joanmena  https://t.co/S3gkX6NL6f","positive","neutral",NA
"1329380333901504512","podemos","En Madrid es mucho más fácil acceder a una casa de apuestas 🎲 que a una biblioteca 📚.  Hoy, nuestros jóvenes de @rebeldiajoven se van a estudiar a las casas de apuesta para visibilizar este problema y para decir alto y claro que #ConLasBibliotecasNoSeJuega. ✊  https://t.co/fn3c09K9im","positive","neutral",NA
"1329377424627396609","podemos","🗣 @PabloIglesias explica y defiende en el Congreso el trabajo que desde @VSocialGob se está realizando para poner encima de la mesa las medidas urgentes de apoyo al Tercer Sector de Acción Social. 👇  https://t.co/nLmPwxU2EH","positive","neutral",NA
"1329371870571982848","podemos","📽️ @PabloIglesias: ""Es una obligación para este Gobierno reconocer y agradecer el enorme esfuerzo que realizan las organizaciones de la sociedad civil. La labor que han desplegado desde el inicio de esta emergencia ha reforzado la acción protectora de la Administración Pública"".  https://t.co/7CSzgKdbDZ","neutral","positive",NA
"1329368860038926337","podemos","📽️ @PabloIglesias: ""El tercer sector es un apoyo fundamental para la realización efectiva de los derechos sociales y representa una de las mejores expresiones de una sociedad comprometida con los valores de la justicia social, la igualdad, la solidaridad y la participación"".  https://t.co/VTbp2GoXAg","positive","positive",NA
"1329363623173623808","podemos","Un día como hoy, hace 87 años, las mujeres votaron por primera vez en nuestro país. Una victoria de toda una generación de feministas que conquistaron los derechos que tenemos hoy.  Porque fuimos, somos. Porque somos, serán. 💜  https://t.co/hZnxAeOq1m","positive","positive",NA
"1329142832628719616","podemos","Las verdades duelen, por eso la derecha está incómoda. 👇  https://t.co/4siQ095oSJ","neutral","negative",NA
"1329116911897108488","podemos","Hola @elmundoes os hemos hecho una portada para ahorraros trabajo. De nada.  https://t.co/gVgv7RK1ud","positive","neutral",NA
"1329101985761652739","podemos","La situación de los migrantes en Canarias es insostenible. No podemos esperar al próximo Arguineguín, debemos actuar YA con políticas de acogida dignas que eviten el desamparo de miles de personas y garanticen el cumplimiento de los derechos humanos.","negative","negative",NA
"1329095832277282816","podemos","MENTIRAS que ya no engañan a nadie 👇  https://t.co/EiscEwtQqp","neutral","negative",NA
"1329047208453398530","podemos","""Hay gente en el Gobierno que se siente más cómoda con acuerdos con la derecha y otras con la izquierda, en el PSOE quién ganó las primarias defendía los acuerdos con la izquierda, hay discrepancias, pero hay que convivir con ellas"".  📺 @Jaumeasens en #PresupuestosARV  https://t.co/2HSH86Uslz","negative","neutral",NA
"1329043679336665090","podemos","""A nadie se le escapa que en el Gobierno hay diferentes sensibilidades, también respecto al tema de los desahucios, pero la cultura de coalición significa eso: que proyectos tan diferentes cooperemos a pesar de las diferencias"".  📺 @Jaumeasens en #PresupuestosARV  https://t.co/loJRfsttnE","neutral","neutral",NA
"1311644080808628224","podemos","▶️ Ya que Ayuso ha decido no escuchar a NADIE, que al menos TODOS escuchen esto de @isaserras a Ayuso 👇  https://t.co/hnShZzimbk","neutral","neutral",NA
"1311629974143676416","podemos","📺 @Yolanda_Diaz_ explica la nueva Ley del Teletrabajo en #CoronavirusARV 👇  https://t.co/1MV7xRDCBi","neutral","neutral",NA
"1311629277780213760","podemos","📺 “Con el Plan MECUIDA, es la primera vez en la historia de España en la que los trabajadores con carácter preferencial pueden:  ✅Elegir su turno ✅Elegir su horario ✅Modificar la jornada y reducirla al 100%”.  @Yolanda_Diaz_ en #CoronavirusARV  https://t.co/IhEl1zjDSN","negative","neutral",NA
"1311625826018963462","podemos","📺 “Pongamos en valor el esfuerzo colectivo de la mesa de diálogo social, que ha tenido a los agentes sociales trabajando durante un mes para llegar a acuerdos en materia de empleo”.  @Yolanda_Diaz_ en #CoronavirusARV  https://t.co/PN6hUMxpUZ","positive","neutral",NA
"1311625107924750342","podemos","📺 “Si el Gobierno aplicara la legislación del PP, hubiera pasado lo que ha pasado en la crisis financiera pasada: despidos masivos, devaluaciones salariales masivas y pobreza. Hay que cambiar la legislación para caminar cara a la estabilidad ”.  @Yolanda_Diaz_ en #CoronavirusARV  https://t.co/iQNDGmi0OT","negative","negative",NA
"1311623214460792832","podemos","📺 “El mecanismo de los ERTE se ha demostrado muy exitoso. Ha salvado a 550.000 empresas. Por ejemplo, en términos industriales, la automoción o el sector naval están en niveles de recuperación del 98%”.  @Yolanda_Diaz_ en #CoronavirusARV  https://t.co/lqyuxoOhHw","neutral","neutral",NA
"1311623071074324480","podemos","📺 “Lo que hemos de hacer es controlar lo antes posible la vía sanitaria para poder entrar rápidamente en la recuperación económica”.  @Yolanda_Diaz_ en #CoronavirusARV  https://t.co/MDpAxCQLN3","positive","neutral",NA
"1311621146119471105","podemos","📺 “El Ministerio de Trabajo está volcado en controlar la curva sanitaria y el impacto económico que va a tener. Debemos poder controlar tanto la sanidad como la economía”.  @Yolanda_Diaz_ en #CoronavirusARV  https://t.co/pFxQQgf9Hu","positive","neutral",NA
"1311618074605506561","podemos","""Estamos hartos de que no entiendan que necesitamos rastreadores, de que no refuercen la atención primaria, de que maltraten a los sanitarios y a los docentes. Hartos de su victimismo, de su fanatismo ideológico y hartos de su ineptitud.   Estamos hartos de usted"".  🎥 @isaserras  https://t.co/MxxT7iq43u","negative","negative",NA
"1311608293224112129","podemos","Hemos aprobado por mayoría absoluta del Congreso la comisión de investigación a uno de los mayores ataques a nuestra democracia: la Operación Kitchen del PP.   @pnique 👇  https://t.co/pZxtJusTdK","positive","negative",NA
"1311600805817049088","podemos","España merece conocer la VERDAD sobre la Operación Kitchen👇   https://t.co/vLwkSTCCyd","positive","neutral",NA
"1311575728828411904","podemos","La diferencia entre el PP y Podemos es que el PP tiene a gente en la cárcel, y todas las denuncias falsas contra Podemos han sido archivadas.  Antes de hablar de denuncias falsas, lávense la boca con jabón.  📽️ @pnique en el #Pleno  https://t.co/S0DdpuTEk5","positive","negative",NA
"1311569901027549184","podemos","Hoy, en el #Pleno, debatimos uno de los mayores ataques a nuestra democracia. Pablo Casado debe comparecer como máximo representante del PP por la Operación Kitchen.  Los españoles y las españolas tenemos derecho a saber la verdad.  📽@pnique  https://t.co/ZjCFtkPCaf","positive","negative",NA
"1311567212063358977","podemos","Un mensajito al PP de la Comunidad de Madrid:  https://t.co/qaLRo5Qvb1","positive","neutral",NA
"1311413006304247811","podemos","📺 @MayoralRafa: ""Quería mandar un abrazo a los trabajadores de Alcoa que están defendiendo sus puestos de trabajo frente a una multinacional norteamericana que ha decidido que nuestro país no puede producir aluminio"".  https://t.co/Bnj8wmqxmz","positive","negative",NA
"1311410958158508033","podemos","📺 @MayoralRafa: ""La omertá que durante mucho tiempo existió en torno a la monarquía ha salido muy cara al Estado. Muchas de las cosas que se dicen ahora, si se hubieran dicho hace unos años, nos hubiéramos ahorrado algunos espectáculos dantescos"".  https://t.co/06wCGIsBev","negative","negative",NA
"1311408711190147072","podemos","📺 @MayoralRafa: ""A mi lo que me preocupa es que en un momento en el que el CGPJ está caducado, que hay un bloque institucional premeditado por parte del PP para que no se renueve, y en la semana que son elegidos 3 jueces para el tribunal supremo, Lesmes se esconda tras el rey"".  https://t.co/l3wtyyZ18J","neutral","negative",NA
"1311406811510124550","podemos","📺 @MayoralRafa: ""No hay una actitud de colaboración por parte del gobierno de Madrid en una situación como la que estamos viviendo, entendiendo que los criterios son los que tienen que primar"".  https://t.co/xRMZySOmNa","negative","negative",NA
"1311353867242790913","podemos","En política hay que elegir. Y Cuidadanos ha elegido gobernar con el apoyo de la ultraderecha 👇  📽️ @PabloIglesias  https://t.co/cJnQNhRT13","positive","neutral",NA
"1311327694454312961","podemos","Este minuto de @PabloIglesias para los que ladran odio en el Congreso. 👏👏  https://t.co/84xsXoM68a","negative","neutral",NA
"1263591074771030022","podemos","Aquí se pueden consultar los resultados de cada órgano 👇  Secretaría General y Consejo Ciudadano Estatal:  https://t.co/MrJuYtZ5ah  Representantes de círculos al CCE:  https://t.co/7LPVPGfAFT  Comisión de Garantías Democráticas Estatal:  https://t.co/Pma9BN8ZVf","positive","neutral",NA
"1263568019307008003","podemos","🟣 Resultados de la Tercera Asamblea Ciudadana de Podemos:  92,19% Pablo Iglesias  7,81% Fernando Barredo   Pablo Iglesias ha sido reelegido secretario general de Podemos.  Muchas gracias a los 59.201 inscritos e inscritas que habéis participado.","positive","positive",NA
"1263549947594584066","podemos","❌ BULOS DE LA DERECHA: No hay liquidez, hay 900.000 personas sin cobrar su ERTE.  ✅ REALIDAD: El SEPE ha reconocido más del 98% de las prestaciones por ERTE y ya han sido abonados más de 3,4 millones desde el inicio de la crisis.  Más información 👇  https://t.co/T1tqPQYRQc","negative","negative",NA
"1263511624301842439","podemos","VOX abandona el Grupo de Trabajo de Reactivación Económica porque vamos a derogar la reforma laboral. 🤔  TRADUCIDO: Cobrando un buen sueldo público, se escaquean de currar porque el Gobierno de coalición va a proteger a los trabajadores que pagan su sueldo.  Lamentable.  https://t.co/ABXyHAecCH","positive","negative",NA
"1263481513229848576","podemos","📽️ @MayoralRafa: ""Pongamos encima de la mesa la necesidad de proteger y cuidar a nuestros sanitarios y la posibilidad estructural de revertir las privatizaciones que han sido una lacra para el sistema sanitario. Tenemos que hacerlo para defender la salud pública en nuestro país"".  https://t.co/Hk86IX2FTv","positive","negative",NA
"1263460787152056321","podemos","‼️ Quedan solo unos minutos para votar en la Tercera Asamblea Ciudadana ‼️  ⌛️Si aún no lo has hecho, participa en 👇  ➡️  https://t.co/OP525tB7vc  ¡Tú haces Podemos! 🙌  https://t.co/J8onABvL0W","neutral","neutral",NA
"1263454747639463936","podemos","‼️ Queda menos de 1 hora para participar en la Tercera Asamblea Ciudadana ‼️  Si aún no lo has hecho, CORRE, el tiempo se acaba.   🗳️ Vota en  https://t.co/OP525tB7vc  https://t.co/0Y7aZ8p8sM","positive","neutral",NA
"1263450720734375937","podemos","⌛️ El tiempo se acaba ⌛️  Vota en la Tercera Asamblea Ciudadana de Podemos👇   https://t.co/OP525tB7vc  https://t.co/AReGmiVOcH","neutral","neutral",NA
"1263446694001164290","podemos","⏰ TODAVÍA ESTÁS A TIEMPO ⏰  🗳Participa en la Tercera Asamblea Ciudadana de Podemos y marca nuestro rumbo en los próximos años.  ➡️  https://t.co/OP525tB7vc  https://t.co/dJNn5ZITOB","neutral","neutral",NA
"1263437691116494854","podemos","⏰ Quedan menos de 3 horas para poder votar en la III Asamblea Ciudadana de Podemos. Entra en  https://t.co/OP525tjwDE y VOTA 📩   https://t.co/ca4zv0yaGI","neutral","neutral",NA
"1263431847759003648","podemos","‼️ Corre, que no queda nada para que finalicen las votaciones de la Tercera Asamblea Ciudadana ‼️  🗳 Participa 👇   https://t.co/OP525tjwDE  Hoy es más importante que nunca que pongamos Podemos a punto para servir a nuestro país y a su gente.  https://t.co/kpCC0RK4Qj","negative","neutral",NA
"1263424548424343554","podemos","📰 Entrevista a la ministra de Igualdad, @IreneMontero, sobre las medidas tomadas por el Gobierno de coalición para paliar los efectos más lesivos de la crisis sanitaria, sobre el proceso de reconstrucción y la importancia de los cuidados. 👇   https://t.co/P8BsRIljUG","negative","neutral",NA
"1263415488631078912","podemos","‼️ Quedan solo unas horas para finalizar las votaciones de la Tercera Asamblea Ciudadana ‼️  🗳 Si aún no lo has hecho, puedes emitir tu voto en 👇   https://t.co/OP525tB7vc  📩 Participa y elige los equipos y los documentos que quieres que dirijan Podemos en los próximos años.  https://t.co/7Na1sFm0JT","positive","neutral",NA
"1263408521846173697","podemos","📺""Durante el comienzo del confinamiento pusimos en marcha un plan de contingencia para proteger a las víctimas de violencia de género, que además se hizo extensivo a mujeres que están en situación de trata"".  @IreneMontero  https://t.co/SWFZAUmhYz","neutral","neutral",NA
"1263405435287220224","podemos","📺 @IreneMontero en #LaMañanaTVE: ""Desde el primer minuto, desde el Ministerio de Igualdad pusimos todas las medidas a disposición de las mujeres víctimas de violencia machista sepan que no están solas, si lo necesitan hay muchos mecanismos que las pueden ayudar"".  https://t.co/TqSHaJTtek","positive","neutral",NA
"1263404745185800195","podemos","📺 ""Tanto la derogación de la reforma laboral como todas las medidas sociales como el Ingreso Mínimo Vital o la reducción de la brecha salarial, están ahora más vigentes que nunca porque las condiciones de desigualdad se pueden hacer más grandes si no lo evitamos"".  @IreneMontero  https://t.co/MD920qzLr6","positive","negative",NA
"1263402937231048704","podemos","📺 @IreneMontero en #LaMañanaTVE: ""La derogación de la reforma laboral era uno de los acuerdos que firmamos para formar este Gobierno de coalición, y lo que se firma se cumple"".  https://t.co/cQckjbJrri","positive","neutral",NA
"1263401197400178689","podemos","📺 @IreneMontero en #LaMañanaTVE: ""La ciudadanía no entiende que las protestas incumplan las medidas de seguridad, que nos pone en riesgo a todos, después de todo el esfuerzo hecho"".  https://t.co/j4Wpzk5LVG","neutral","negative",NA
"1263398607992078337","podemos","📺""La extrema derecha y ciertos sectores de la derecha llevan semanas alentando un clima de crispación y odio. La protesta es legítima, pero no hay que olvidar que, aunque estemos en fase de desescalada, el virus sigue existiendo y sigue habiendo riesgo de contagio"" @IreneMontero  https://t.co/R5vFW93dNs","negative","negative",NA
"1263385060419526656","podemos","📺 En breves momentos, la ministra de Igualdad, @IreneMontero, será entrevistada en @LaMananaTVE.   🔴 Puedes seguir la entrevista en directo a través del enlace👇   https://t.co/6E8G1Imsyx  https://t.co/zraGwlIqlq","neutral","neutral",NA
"1263014965541249024","podemos","📻 @gagupilar: ""Salir de la crisis de una manera diferente a 2008 pasa por el Gobierno de coalición. Si queremos que las mayorías sociales estén protegidas y seguir tomando medidas que sirvan de sostén a unas mínimas condiciones de vida de muchas familias, pasa por este Gobierno""  https://t.co/3V0qdVu5fn","positive","neutral",NA
"1258695577816256512","podemos","📝 La pandemia del coronavirus ha sido global, por lo que la respuesta no puede ser individual.   Necesitamos una respuesta coordinada a escala europea, que traspase los marcos nacionales y asegure el bienestar de todas y todos. #IngresoMínimoVital   https://t.co/hkeqeRD9ux","negative","negative",NA
"1245331233200103424","podemos","🎥 ""Quisiera trasladar el agradecimiento de parte del Gobierno a todas las personas que en este momento nos están cuidando. Sin cuidados no hay economía, sin cuidados no hay vida"".   @agarzon #EsteVirusLoParamosUnidos  https://t.co/ehdfnWy8CM","negative","negative",NA
"1243097264895205376","podemos","""La salud no puede estar sometida a las reglas del mercado. Si no queremos volver a vivir esto, nos toca cuidar y defender nuestros sistemas de bienestar como únicos garantes de una vida digna""  Muy recomendable este artículo en estos días tan complicados.  https://t.co/AeJj0fgGGG","neutral","negative",NA
"1240625333537255426","podemos","🎥""El Ministerio de Defensa y el Ministerio de Sanidad han solicitado a la Vicepresidencia de Derechos Sociales que nos pongamos al frente de los operativos de asistencia social. Asumimos esta tarea con el máximo compromiso"".  @PabloIglesias #EscudoSocialCoronavirus  https://t.co/FNzmKdqKYl","positive","neutral",NA
"1240623808412672002","podemos","📽️ @PabloIglesias detalla los cuatro objetivos del refuerzo de los servicios sociales para asistir a personas sin hogar con el apoyo de las Fuerzas Armadas. 👇   #EscudoSocialCoronavirus  https://t.co/bmsJk721AR","positive","neutral",NA
"1240623556968337408","podemos","🎥 ""Para el Gobierno es una prioridad absoluta responder a la situación que se está originando en los centros de mayores y este fondo de 300 millones de euros va a emplearse para este fin"".  @PabloIglesias #EscudoSocialCoronavirus  https://t.co/6W25zJd96y","negative","neutral",NA
"1240622761883635714","podemos","🎥""Decir que a este virus lo paramos entre todos, es una frase vacía si no se garantiza que la gente afronta esta crisis con la máxima seguridad. La gente más vulnerable no va a quedar desamparada"".  @PabloIglesias #EscudoSocialCoronavirus  https://t.co/2rftZws5EU","negative","negative",NA
"1240622503220989952","podemos","🎥 ""Hemos aprobamos un plan de choque de 600 millones de euros para reforzar la seguridad de los colectivos más vulnerables en un momento en el que el sistema público es un instrumento clave para minimizar las consecuencias del COVID-19"".  @PabloIglesias #EscudoSocialCoronavirus  https://t.co/CFxhaLNvZt","negative","neutral",NA
"1240621038339317760","podemos","📽️ ""Haremos todo lo que está en nuestra mano para construir un escudo social capaz de amortiguar al máximo posible el impacto negativo del coronavirus sobre la economía, el empleo, las familias y los colectivos más vulnerables"".  @PabloIglesias #EscudoSocialCoronavirus  https://t.co/2JlPAXH5BY","positive","neutral",NA
"1240619817763250178","podemos","🎥 ""No se puede dejar a  nadie desatendido en lo sanitario, pero tampoco desatendido en lo económico y en lo social"".  @PabloIglesias #EscudoSocialCoronavirus  https://t.co/uAnB99SYWQ","negative","neutral",NA
"1240616666356211713","podemos","🎥 Sigue en directo la comparecencia de @PabloIglesias desde La Moncloa para hablar sobre el #EscudoSocialCoronavirus 👇","positive","neutral",NA
"1240581155377876992","podemos","Momentos como este demuestran que en nuestro país no hay nada que se contagie más rápido que la solidaridad. Que somos una comunidad y dependemos unos de otros.   Desde el personal sanitario hasta la persona en cuarentena, cada uno y cada una tenemos nuestro papel en esta cadena.","positive","positive",NA
"1240576999296507904","podemos","Somos un equipo, y juntas y juntos saldremos de esta. 💪  #EscudoSocialCoronavirus  https://t.co/4Ak2vRT0hO","neutral","neutral",NA
"1240566204881911809","podemos","📻 ""Lo fundamental es garantizar la protección al conjunto de la población y, sobre todo, tener el país preparado para que en el momento que pase esto, tengamos las fuerzas para abordar la crisis económica y social que ha supuesto este golpe"".  @MayoralRafa en @LasMananas_rne  https://t.co/Dvkc4whbFI","positive","neutral",NA
"1240395051093708801","podemos","Muchas gracias por la valentía que estáis demostrando para frenar al #COVID19  Seguimos empujando para sacar adelante más medidas que aseguren la vida de la gente.  Vídeo de @Alber_Canarias 🦁  https://t.co/TMzSJ8WFQ6","positive","positive",NA
"1240373674290675713","podemos","En tiempos de crisis y combate se toma conciencia del valor de lo común, de lo público, de la res publica. Emociona escuchar las cacerolas que dicen #CoronaCiao","negative","positive",NA
"1240364593823854592","podemos","La gente somos un equipo, el equipo más grande. Y, como todos los grandes equipos, ahora tenemos un escudo.  #EscudoSocialCoronavirus ✊✊  https://t.co/5lq59Ro75l","neutral","neutral",NA
"1240352463280115712","podemos","Devolvemos los microcréditos. ¡Muchísimas gracias por vuestro apoyo!  https://t.co/8hNJ9voePe","positive","positive",NA
"1240337170344210432","podemos","La patria es la gente.  En estos momentos difíciles es muy importante tenerlo claro.  https://t.co/kK8VBIaJRx","neutral","positive",NA
"1240273965614063616","podemos","🗣 “Las normas que se dictaron en 2008 fueron recetas económicas fracasadas y crueles con las mayorías sociales. Protegiendo a la gente más humilde y apostando por la inversión pública, sí podremos salir de esta crisis económica"".  📽 Intervención de  @pnique en el Congreso.  https://t.co/rPh4s1tinz","neutral","negative",NA
"1240270744787001344","podemos","📺""El reconocimiento de la prestación se hará motu proprio por el propio SEPE sin que el trabajador o la trabajadora tenga que hacer nada, igual que el reconocimiento de las prestaciones por desempleo"".  @Yolanda_Diaz_ en #CoronavirusARV  https://t.co/sRZCLBcbYU","positive","neutral",NA
"1240269394795790340","podemos","📺 Las prestaciones por desempleo en estos casos tendrán carácter retroactivo, es decir, los trabajadores y trabajadoras que hayan quedado en desempleo por un ERTE, tanto antes como después del decreto de alarma, recibirán prestación.  @Yolanda_Diaz_ #CoronavirusARV  https://t.co/oM1xn75XXP","negative","neutral",NA
"1240268965718511624","podemos","📺 ""Antón Gómez-Reino está bien, dice que ha sido una especie de gripe y de catarro. Le mando un saludo afectuoso a él y a todas las personas que están enfermas. Que confíen en el sistema público sanitario"".  @Yolanda_Diaz_ #CoronavirusARV  https://t.co/dc8wHNDSzz","positive","neutral",NA
"1235866460867657728","podemos","""La Ley de Libertad Sexual se presentó conforme al convenio de Estambul, que dice que hay que regular las violencias sexuales. Un convenio que el PP firmó, pero nunca llevó a cabo, y que este Gobierno por fin lo está poniendo en marcha"".   📽 @VickyRosell #Libres  https://t.co/mgbarViZZ0","positive","neutral",NA
"1235864521308168193","podemos","📺 ""Lo importante de 'Sola y borracha' es la continuación de la frase no descontextualizada, 'quiero llegar a casa'. Las mujeres tenemos derecho a llegar a casa"".  @VickyRosell #Libres  https://t.co/nlb8YSQZjU","positive","neutral",NA
"1232326167316877318","podemos","Principales medidas del Gobierno de coalición por la dignidad del campo:  ✊ #PreciosJustos en el coste de producción. 💸 Prohibición de la venta a pérdidas. ⌚️ Erradicar la temporalidad. ⬇️ Reducción de las peonadas. 🔎 Inspección de las condiciones de trabajo en el campo.","positive","neutral",NA
"1311585393607835648","partido popular","▶️ “Pido al Gobierno altura de miras. Pedro Sánchez debe dejar a un lado el partidismo y volver al consenso. Decía que venía a ayudar y parece que viene a imponer”.  📺 @montesinospablo en @elprogramadear  https://t.co/ziyESKW1bG","negative","neutral",NA
"1309434744556449792","partido popular","🖊 Firma nuestra petición para acabar con la okupación en España  https://t.co/6akeStMvkU  🔴 Tenemos un Gobierno que se pone del lado de los asaltantes  🔵 Desde el Partido Popular no vamos a consentir que se ataque impunemente a la propiedad privada  #PlanAntiokupación  https://t.co/pf1RKJZLCt","negative","negative",NA
"1295320272732672000","partido popular","👉 @jaimedeolano: ""Ante los cientos de rebrotes, el señor Sánchez sigue de vacaciones mirando al mar mientras los problemas se multiplican"".  👉 La temporada turística está siendo muy dura mientras el Gobierno se cruza de brazos. Que abandone la tumbona y se ponga al frente.  https://t.co/tLsneU3iGz","negative","negative",NA
"1295318119272124418","partido popular","🔴 @jaimedeolano: ""Sánchez e Iglesias han tenido el mérito de poner de acuerdo a todos los partidos contra la requisa del dinero de los ayuntamientos. Tenemos que lamentar que algunos alcaldes y presidentes socialistas elijan la lealtad a Sánchez y no la que deben a sus vecinos"".  https://t.co/acAb5rkS7s","positive","negative",NA
"1295316361389002754","partido popular","👉@jaimedeolano: ""Un abrazo y todo nuestro respeto a los familiares de las víctimas de los atentados del #17Agosto de 2017 en Cataluña. Es necesario mantener la prisión permanente revisable y la Ley de seguridad ciudadana para evitar que este tipo de actos se repitan"".  https://t.co/bL4V9PwsTC","neutral","negative",NA
"1295284268076277761","partido popular","🎞️ De los autores de “Para la desescalada seguimos las indicaciones de un comité de expertos, que no existía, que nos inventamos y luego negamos” llega…“El Gobierno sopesa crear un comité de sabios para repartir el dinero europeo”.  https://t.co/vHMwH89Fte","positive","negative",NA
"1295271120795570177","partido popular","🗞 @erodriguez_2019: ""Sigue habiendo un millón de personas en ERTE. Supongo que en septiembre el Gobierno actualizará los datos, porque no dice nada sobre el paro a finales de año. Del empleo no dicen nada, no se atreven"".  https://t.co/UfbY6c8gfW","negative","negative",NA
"1295254230366851073","partido popular","""A este Gobierno le sobra la improvisación permanente. Cada vez que dan un dato te echas a temblar porque no coincide con la realidad y, además, no dan los datos los fines de semana al contrario de lo que se hace en el resto de países europeos"".  📻 @anapastorjulian en @MasDeUno","negative","negative",NA
"1295251645413064705","partido popular","""El Gobierno ha mirado para otro lado. Sigue de vacaciones, la pandemia continúa aquí y ya estamos otra vez a la cola de Europa con unos datos lamentables, cuando el Gobierno tiene que coordinar en una pandemia a las comunidades autónomas"".  📻 @anapastorjulian en @MasDeUno","neutral","negative",NA
"1295242355918938112","partido popular","📻 A partir de las 08:40h., @anapastorjulian estará en @MasDeUno.  Podrás escuchar la entrevista, en directo, aquí 👉🏼  https://t.co/eOx4E3FHYb  https://t.co/EKwV8NctZX","positive","neutral",NA
"1295241478608953344","partido popular","Muy buenos días y #FelizLunes a todos 🌞 Esta es nuestra agenda para hoy👉🏼  https://t.co/S74g2KqN64  https://t.co/Ife3yuMW5R","neutral","neutral",NA
"1295026062779441155","partido popular","📺 @ALevySoler: ""El Gobierno está desaparecido, muchos ministros y ningún plan para septiembre"".  #PabloIglesiasDimisión  https://t.co/XliXemSQJb","negative","negative",NA
"1295008702215458817","partido popular","🗞️ @Aglezterol: ""Nosotros siempre hemos defendido la presunción de inocencia, pero Podemos no; y Pablo Iglesias dijo que en política no se pide perdón, se dimite. Por tanto, nosotros le pedimos que cumpla su palabra y que dimita"". #PabloIglesiasDimisión  https://t.co/OF4S3k9bEB","positive","negative",NA
"1294978782768529409","partido popular","🔴¿Por qué la FEMP y la ministra Montero han decidido montar un lío con los ahorros de los vecinos en lugar de intentar un acuerdo?  Ese decreto no puede llevarse a cabo👉🏼 hurta de los bolsillos de los vecinos aquellas políticas sociales que más pueden necesitar. @ALevySoler  https://t.co/4tfDfrx3QT","positive","negative",NA
"1294970331984203776","partido popular","🚨 @ALevySoler: ""Seguimos reclamando un plan de emergencia del sector turístico, que se amplíen los ERTE, al menos, hasta el primer trimestre de 2021, y que se lleve a cabo un paquete de medidas económicas y fiscales para rescatar a nuestra economía"".  https://t.co/HtBmjkG9KX","negative","neutral",NA
"1294968613095563264","partido popular","🗣️¿Dónde está este Gobierno? Está desaparecido   No sabemos su plan en materia de educación, de sanidad o de economía. Hay muchos ministros pero muy poco Gobierno, muy poco plan de futuro y muy poca responsabilidad.  ¿Cuál va a ser el protocolo de vuelta a las aulas? @ALevySoler  https://t.co/ykl7dNqRrM","negative","negative",NA
"1294967147639209984","partido popular","¿Va a pactar, de verdad, Pedro Sánchez unos Presupuestos con un partido investigado por la existencia de una caja B y por financiación ilegal?  👉 Sánchez nombró a Pablo Iglesias y Sánchez puede cesarlo, porque esto es una situación gravísima. #PABLOIGLESIASDIMISION @ALevySoler  https://t.co/dLlwBqMwEP","negative","negative",NA
"1294964761642360833","partido popular","🔴 La bola de la financiación ilegal de Podemos cada vez es más grande.   Será un juez quien decida si hay Caja B, pero los españoles ya sabemos lo que hay👉🏼 Cara D: la cara dura de Pablo Iglesias, el que era adalid de la ética y la moral. @ALevySoler  #PabloIglesiasDimisión  https://t.co/UYX6sHKlh0","negative","negative",NA
"1294918580774096896","partido popular","👉🏼Coacciones 👉🏼Sobresueldos 👉🏼Suborganización corrupta 👉🏼Abogado purgado 👉🏼Imputación de la cúpula 👉🏼...  Más alto sí, más claro imposible: #PabloIglesiasDimisión  https://t.co/s5ABd3X6rR","negative","negative",NA
"1294690151713710080","partido popular","Este Gobierno está cruzado de brazos y con un presidente de vacaciones en plena segunda oleada del COVID-19.  🗣️ @Aglezterol  https://t.co/3VBb3fQhMU","positive","negative",NA
"1294612729773400064","partido popular","▶️ @Aglezterol: ""Hemos iniciado contactos con todas las formaciones políticas para derrotar ese Real Decreto expropiatorio. Desde @populares mostramos nuestro firme compromiso con el municipalismo"".  https://t.co/PSLsC8nJd2","positive","neutral",NA
"1294610413636784129","partido popular","▶️ @Aglezterol: ""Desde @populares decimos que no al Real Decreto 27/2020, porque los ayuntamientos no dispondrían de un colchón financiero para poder afrontar esta crisis"".  https://t.co/Y3GPxi5im1","neutral","negative",NA
"1292360057628368896","partido popular","“Felipe VI es el mejor Jefe del Estado que podría tener España y el Partido Popular va a defender su labor y la institución que representa. El Rey es garantía de unidad nacional y de defensa de la democracia”.  📰 @pablocasado_ en @abc_es   https://t.co/wwMmrEcbeH","positive","positive",NA
"1281620516672024576","partido popular","📺A partir de las 18:30h no te pierdas a @TonoEPP en La Redacción Abierta de la Tarde de @eltorotv  https://t.co/4PzUZeK7zO","negative","neutral",NA
"1281568893627240451","partido popular","▶ ¿Quién es @carlositurgaiz?  🔷🔶 #UnPlanParaElFuturo #VotaPPCs #12J #EleccionesVascas  https://t.co/4izmtl9svd","neutral","neutral",NA
"1281568811330699269","partido popular","▶ @pablocasado_ ante los ataques del Gobierno y sus socios: “Lo inquietante y perturbador en España no es la monarquía, es este Gobierno radical.”  https://t.co/7ZDCM461ss","negative","negative",NA
"1281565803922575361","partido popular","▶ No te pierdas la lección de patriotismo de @pablocasado_ a Pedro Sánchez y Pablo Iglesias.  https://t.co/vghFJDvk01","neutral","neutral",NA
"1281560303315099649","partido popular","▶ @pablocasado_: “En el País Vasco el 50% de las familias eligen la educación concertada, y el PNV apoya un Gobierno que se la quiere cargar.”  🔷🔶 #UnPlanParaElFuturo #VotaPPCs #12J #EleccionesVascas  https://t.co/wZva6Z9g4e","negative","negative",NA
"1281559335949172736","partido popular","▶ @pablocasado_: “Llevamos 3 meses pidiendo el uso de mascarillas y decía Fernando Simón que era contraproducente. Lo que es malo es mentir exponiendo al contagio a la gente.”  🔷🔶 #UnPlanParaElFuturo #VotaPPCs #12J #EleccionesVascas  https://t.co/DenT1SgY2N","negative","negative",NA
"1281558563748446210","partido popular","▶ @pablocasado_ sobre la Ley Antiokupación: “Fíjate qué duros, una ley como la de Felipe González. No seremos tan radicales.""  🔷🔶 #UnPlanParaElFuturo #VotaPPCs #12J #EleccionesVascas  https://t.co/XED7xGWV2E","neutral","neutral",NA
"1281557837244772352","partido popular","▶ @pablocasado_: “Sánchez dijo ayer que no descarta pedir el rescate del MEDE ¿implicará eso la congelación de las pensiones o recortar el sueldo del os funcionarios como en 2010?""   🔷🔶 #UnPlanParaElFuturo #VotaPPCs #12J #EleccionesVascas  https://t.co/inpNeTkZGh","negative","negative",NA
"1281554614266011651","partido popular","▶ @pablocasado_: “El PNV no puede decir que no sabía nada de la subida de impuestos porque hace 10 meses ya apoyaban un proyecto de PGE que subía 7.000 millones de euros a las clases medias.""  🔷🔶 #UnPlanParaElFuturo #VotaPPCs #12J #EleccionesVascas  https://t.co/EdXSmDCjin","negative","neutral",NA
"1281551701309362177","partido popular","▶ @pablocasado_: “Nos mataban por defender un proyecto político para el País Vasco. Ahora no nos matan, pero igual que no tuvieron rédito por matar, no pueden tenerlo ahora por dejar de hacerlo.”   🔷🔶 #UnPlanParaElFuturo #VotaPPCs #12J #EleccionesVascas  https://t.co/tAzWzQjsnU","negative","negative",NA
"1281551182662709249","partido popular","▶ @pablocasado_ envía un abrazo a la familia Blanco: “fueron ejemplo de serenidad, coraje, dignidad y sobre todo generosidad por no buscar revancha, por vivir con el convencimiento de que juntos derrotaríamos a los terroristas.”  🔷🔶 #UnPlanParaElFuturo #VotaPPCs #12J  https://t.co/YysexE9Vy8","positive","neutral",NA
"1281545624291364864","partido popular","🔴 EN DIRECTO: @pablocasado_ y @carlositurgaiz participan en el cierre de campaña en Vitoria  https://t.co/15HvKguhMH","positive","neutral",NA
"1281542083095003136","partido popular","🔵 A partir de las 13:00h., @pablocasado_ y @carlositurgaiz participan en el cierre de campaña en #Vitoria.  📡 Síguelo en directo en nuestras redes y en  https://t.co/MVt7JTx7fY 🔷🔶 #UnPlanParaElFuturo #VotaPPCs #12J  https://t.co/4NXozyixiw","positive","neutral",NA
"1281541317701652480","partido popular","▶  @cucagamarra: ""La pérdida de la presidencia del Eurogrupo es un fracaso de Sánchez, que constata el lastre de sus políticas económicas."" @CanalSur  https://t.co/5jLi5baQyw","negative","negative",NA
"1281509949290557441","partido popular","▶ @FeijooGalicia: “El Gobierno se ha desentendido de las residencias de la tercera edad. La Vicepresidencia de Derechos Sociales desapareció a las 24 horas de empezar el problema.” @Desayunos_tve #GaliciaGaliciaGalicia  https://t.co/rWMMqxzCQs","negative","negative",NA
"1281509265073676288","partido popular","▶ @FeijooGalicia: “Me gustaría que la lealtad que hemos mantenido con el Gobierno de España fuera recíproca en todo el país.” @Desayunos_tve #GaliciaGaliciaGalicia  https://t.co/GBohH77mp3","positive","neutral",NA
"1281509038480646145","partido popular","▶ ¿Era necesario el estado de alarma? ¿Se puede criticar que el Gobierno no sepa contar las víctimas del coronavirus? @FeijooGalicia responde en @Desayunos_tve #GaliciaGaliciaGalicia  https://t.co/NxtJYrh406","negative","negative",NA
"1281504103894519809","partido popular","▶ @FeijooGalicia: “Me duele especialmente la postura del PSOE. Después de haber gestionado el mando único con la lealtad de todas las CC.AA., lo de &lt;&lt;el virus lo paramos entre todos&gt;&gt; se ha quedado en un slogan.” @Desayunos_tve   #GaliciaGaliciaGalicia  https://t.co/fvktCB5CB7","positive","negative",NA
"1281500066654695424","partido popular","▶ @cucagamarra: “PSOE y Podemos están en la reconstrucción de sus pactos de investidura, solo hay que ver su pacto con Bildu para eliminar la reforma laboral o con ERC para recuperar la mesa con independentistas. Esos son los acuerdos en los que está Pedro Sánchez.” @CanalSur  https://t.co/54iZTjevUE","positive","neutral",NA
"1281497776770220032","partido popular","▶ @cucagamarra: “El silencio cómplice de Sánchez ante conductas como la de Pablo Iglesias, hace pensar que le vale todo con tal de mantenerse en el poder.” @CanalSur  https://t.co/euF8p6Ojg7","positive","negative",NA
"1276481560632532993","partido popular","🔵@teogarciaegea: ""Pido que los ayuntamientos podáis dedicar todo vuestro superávit a la lucha contra el coronavirus y que el gobierno central os transfiera los fondos necesarios para haceros cargo del Ingreso Mínimo Vital"".  https://t.co/eOO5TomMAL","negative","neutral",NA
"1276481143072792581","partido popular","🔵 @TeoGarciaEgea: ""El apoyo del PP al decreto de nueva normalidad responde a un cambio del PSOE, que ha aceptado nuestras exigencias y ha dialogado con el principal partido de la oposición.""  https://t.co/mV7IP1UnTX","positive","neutral",NA
"1276480013941047296","partido popular","🔵 @teogarciaegea: ""El PP ha hecho más por Andalucía en año y medio que el PSOE en 40 años. @JuanMa_Moreno está convirtiendo la Andalucía de los ERE, en la del empleo"".  https://t.co/RRvsBm0EEe","neutral","negative",NA
"1276478094551986181","partido popular","▶️ @eliasbendodo: “El PSOE no ha creído nunca en los ayuntamientos, los ha utilizado. Para el PSOE Andaluz la política municipal es lo que ha ocurrido en Cartaya, comprar votos”.  https://t.co/SZP6t5Qq9c","neutral","negative",NA
"1276475734979207168","partido popular","▶️ @eliasbendodo: “La recuperación de la economía en España no es posible sin contar con los ayuntamientos. Pedimos al Gobierno que los ayuntamientos puedan utilizar su ahorro y se elimine el techo de gasto”.  https://t.co/lJQhhhVOVB","neutral","neutral",NA
"1276474407528128514","partido popular","🔵 EN DIRECTO. @TeoGarciaEgea y @eliasbendodo clausuran el Consejo de Alcaldes del @PPMalaga.   https://t.co/AlTZM8PFlv","positive","negative",NA
"1276463962310262786","partido popular","🔵 A partir de las 13:00 h., @TeoGarciaEgea y @eliasbendodo clausuran el Consejo de Alcaldes del @PPMalaga.   📡 Síguelo en directo en nuestras redes y en  https://t.co/6WGpUWq5JJ  https://t.co/vdh7MjwNk1","positive","neutral",NA
"1276418830819037185","partido popular","🎙 “Nuestro esfuerzo está en conseguir que el Gobierno rectifique muchas de las cosas que ha hecho hasta ahora y que se incorpore un verdadero plan de reactivación económica”. @anapastorjulian en @HerreraenCOPE","positive","neutral",NA
"1276416902185836545","partido popular","🎙 “Hemos presentado cuatro documentos en materia económica, política, social y en materia de la Unión Europea para que el país salga de la crisis. Hay que tomar medidas importantes para la recuperación económica”. @anapastorjulian en @HerreraenCOPE","negative","neutral",NA
"1276415481629597697","partido popular","🎙 “España necesita una Agencia de Salud Pública. Hemos presentado un Plan Cajal para reforzar el sistema sanitario. Son las medidas que exige la situación que vivimos”. @anapastorjulian en @HerreraenCOPE","positive","neutral",NA
"1276405455271727104","partido popular","📻 A partir de las 09:00h., @anapastorjulian es entrevistada en @HerreraenCOPE  Puedes escucharla en DIRECTO en  https://t.co/KRUnFlkOIZ  https://t.co/0fQQVmaxra","positive","neutral",NA
"1276396758621396992","partido popular","Muy buenos días y #FelizViernes☀  Esta es nuestra agenda para hoy 👉🏼  https://t.co/BMvEOmkwn7  https://t.co/gg8EBY2SiB","neutral","neutral",NA
"1276146208772444160","partido popular","En el #DíadeLaGentedeMar🌊 queremos felicitar a todos los trabajadores del mar, y agradecerles su labor esencial en el comercio marítimo y abastecimiento de alimentos. Están en primera línea y cuentan con todo nuestro apoyo.  https://t.co/kRdLgmyZI1","positive","positive",NA
"1276138465516826629","partido popular","▶ @anapastorjulian pregunta a Salvador Illa: “¿Esto se podía haber evitado?  https://t.co/HeI7gvmb8f","positive","neutral",NA
"1276138215729135617","partido popular","▶ @anapastorjulian a Salvador Illa: “Para honrar la memoria de las víctimas lo primero es reconocer a todas y cada una de ellas.”  https://t.co/LBBTPbyBYn","neutral","neutral",NA
"1276135484675297280","partido popular","▶ @anapastorjulian a Salvador Illa, sobre el decreto de la nueva normalidad: “Va a contar con el apoyo de nuestro grupo, pero hay que aprovechar para hacer reformas estructurales y lograr un pacto de estado por la Sanidad.”  https://t.co/t4BE4XvnUO","positive","neutral",NA
"1276124419962830849","partido popular","💬 @montesinospablo: “Las terribles previsiones del FMI no se responden con brotes verdes.”  https://t.co/XI0DRimlet","neutral","negative",NA
"1276121628972396546","partido popular","💬 Pedrosa: “Irene Montero se ha convertido en un símbolo de la absoluta desigualdad.”  https://t.co/1b8mB2e66h","negative","negative",NA
"1276121328144302081","partido popular","💬 @JavierMaroto: “El nivel de exigencia del PP está acompañado del nivel de propuestas.“  https://t.co/Xmxet7wB3a","positive","neutral",NA
"1276121053622870016","partido popular","Pedimos una bonificación de las cotizaciones a la Seguridad Social y una exención completa del IRPF a los miembros de las FF.AA. de la Operación Balmis.   https://t.co/xaTB1NTUXa","neutral","neutral",NA
"1269179789782458369","partido popular","Sabían que no se debía celebrar el 8M. Claro que lo sabían. A estas alturas ya nadie lo duda.  Y les dio igual.  https://t.co/7DAxp1DVdg","negative","negative",NA
"1269153479140028416","partido popular","Buenos días y #FelizSábado a todos.  Aquí os dejamos nuestra agenda para hoy 👉🏼  https://t.co/S74g2KqN64  https://t.co/eZ3Nsgp1cy","positive","neutral",NA
"1268990741075853313","partido popular","¿Quién es Pedro Sánchez?  https://t.co/AJubQ1X3WI","neutral","negative",NA
"1268933625237602304","partido popular","🗞️@MarioGarcesSan: ""Para que haya credibilidad y reputación de país es necesario que las instituciones sean serias y solventes, y obedezcan a unos comportamientos previsibles desde económica y humanamente, algo que no hace el Ejecutivo de Sánchez"".  https://t.co/19mvvaKi8l","neutral","neutral",NA
"1268899660204294145","partido popular","🗣 Mario Cortés: ""El comercio minorista es el principal empleador privado. En España representa emplea a 2.2 millones de personas en 458.000 empresas y supone un 5,3% del PIB"".  El Gobierno debe facilitarles ayudas para salir más competitivo.  https://t.co/nED1vni7YU","positive","neutral",NA
"1268876038592966657","partido popular","▶ @anapastorjulian pide que se elabore una Estrategia Española de Biotecnología dentro del Pacto por la Sanidad.  https://t.co/9jc1DCtDvB  https://t.co/rIclXTgJjN","positive","neutral",NA
"1268846065962401792","partido popular","🔵 ¿A qué tiene miedo el Gobierno? 🔵 ¿Por qué impide la comparecencia de María Teresa Fernández De la Vega? 🔵 ¿Por qué impide que conozcamos los informes del Consejo de Estado?  https://t.co/YzjLEM3Cut","negative","negative",NA
"1268826723233271809","partido popular","Si el jefe de Servicio del Departamento de Riesgos Laborales de la Delegación del Gobierno en Madrid admite que no debió celebrarse el 8-M, ¿por qué José Manuel Franco no canceló la manifestación?  https://t.co/gjB71HWfDr","neutral","negative",NA
"1268809309577756672","partido popular","El cuidado y el respeto por el medio ambiente es una de las mejores herencias que podemos dejar a las futuras generaciones.  El futuro del planeta está en nuestras manos.  #DíaMundialDelMedioAmbiente  https://t.co/EEROTisVdS","negative","positive",NA
"1268803826879991809","partido popular","▶ @ALevySoler en @Desayunos_tve 👉 ""Para salvar al soldado Sánchez no pueden atacar a la Guardia Civil o al Poder Judicial, cuando no politizar instituciones o decir que hay sospechas de golpe de Estado"".  https://t.co/iYjlyZn8PP","positive","neutral",NA
"1268802301298442241","partido popular","▶ @ALevySoler en @Desayunos_tve 👉 ""El PSOE está asumiendo las tesis del independentismo y Podemos al decir que hay una policía patriótica. No puede ser que la mala gestión de Pedro Sánchez intente ser blanqueada mediante la destrucción del Estado de Derecho y la democracia"".  https://t.co/apAsopcL3R","positive","negative",NA
"1268795817755885568","partido popular","🎙 @cucagamarra en @RadioInter_es 👉 “Los elementos reaccionarios están en el Gobierno, que está impulsando la crispación contra las FCSE. Deberían respetar la acción de la justicia y no hacer injerencias en el Poder Judicial”.","positive","negative",NA
"1268795051225874432","partido popular","🎙@cucagamarra en @RadioInter_es 👉 “El Gobierno ha intentado que solo haya una realidad, la suya. Pero la verdad es que, con tanto cambio de criterios, hay una ceremonia de la confusión y les desmienten todo el mundo, desde organismos internacionales hasta sus propios informes”.","positive","negative",NA
"1268793557000863745","partido popular","🎙 @cucagamarra en @RadioInter_es 👉 “Hay muchos puntos negros en la gestión de la crisis por parte del Gobierno y del Ministerio de Sanidad. Ya nadie duda, a estas alturas, que hemos llegado reaccionado tarde a la actuación para contener la pandemia”.","negative","negative",NA
"1268789773155602432","partido popular","📺 A partir de las 09:00 @ALevySoler es entrevistada en @Desayunos_tve.  👉 Podrás seguirla, en directo, en  https://t.co/S0OU9kFES5  https://t.co/QBShxq1u24","neutral","neutral",NA
"1268783448690475009","partido popular","📻 A partir de las 08:30 @cucagamarra es entrevistada en @RadioInter_es.  👉 Podrás escucharla, en directo, en  https://t.co/WH2Jd5GzAv  https://t.co/mUM2D9Ccep","positive","neutral",NA
"1268780634367025153","partido popular","☀️ Muy buenos días y #FelizFinde. Os dejamos nuestra agenda para hoy 👉  https://t.co/S74g2KqN64  https://t.co/THa1K6thsb","neutral","neutral",NA
"1268620593621946371","partido popular","""Somos un partido serio, de Estado, con experiencia, leal, que sabe solucionar problemas y con el bagaje de saber gestionar España. Esa la prueba de que, cuando quieran los españoles, somos el partido mejor preparado para gobernar"".  📺@abeltran_ana en @rtvcyl  https://t.co/pqQ09kmBdm","positive","positive",NA
"1268618162863345665","partido popular","""El señor Marlaska tiene que dimitir de inmediato, por no respetar la separación de poderes y pedir a un funcionario que incumpliera el Estado de derecho"".  ""El Gobierno sabía perfectamente que el #COVID19 estaba en la población y no hicieron nada"".  📺@abeltran_ana en @rtvcyl  https://t.co/pcGncmU0IB","negative","negative",NA
"1268617067499937793","partido popular","""Nuestra obligación es poner en evidencia aquello que hace mal el Gobierno de Sánchez; y eso no es crispar. Quien crispa de verdad es el señor Sánchez con sus ataques a la oposición, que son su principal escudo"".  📺@abeltran_ana en @rtvcyl  https://t.co/HqHByemWUc","negative","negative",NA
"1268173880906207233","partido popular","▶ 𝐏𝐚𝐛𝐥𝐨 𝐂𝐚𝐬𝐚𝐝𝐨, a Pedro Sánchez 👉 ""No hable de independencia judicial cuando dijo en una radio que la Fiscalía dependía de usted. No hable de corrupción con 3 Ministros que estaban en el Gobierno de Chaves y Griñán."".  https://t.co/ue0UQwzVez","positive","negative",NA
"1268172686078902273","partido popular","▶ 𝐏𝐚𝐛𝐥𝐨 𝐂𝐚𝐬𝐚𝐝𝐨, a Pedro Sánchez 👉 ""¿Por qué ocultan las cifras de fallecidos? 3 de sus ministerios dan cifras diferentes, casi duplicando las cifras oficiales"".  https://t.co/2hzbzIvYVj","neutral","negative",NA
"1268171527272443904","partido popular","▶ 𝐏𝐚𝐛𝐥𝐨 𝐂𝐚𝐬𝐚𝐝𝐨, a Pedro Sánchez 👉 ""El 8-M lo vinculó Irene Montero a los contagios. Pero no solo ella, sino un Juzgado y la asociación FEDEA"".  Ser feminista no es poner en riesgo la vida de centenares de miles de mujeres. Lecciones de feminismo al PP, ninguna.  https://t.co/CQrIchFHaY","negative","negative",NA
"1268170204460265472","partido popular","🔵 𝐄𝐍 𝐃𝐈𝐑𝐄𝐂𝐓𝐎 👉 𝐏𝐚𝐛𝐥𝐨 𝐂𝐚𝐬𝐚𝐝𝐨 interviene en el Pleno del Congreso de los Diputados.   https://t.co/CVNQ4Kf2VH","neutral","neutral",NA
"1268167582990942209","partido popular","¿Acusará Sánchez de estar buscando follón a las asociaciones por llevar a los tribunales a la directora general de la Guardia Civil, como hace con el Partido Popular?  https://t.co/T2EwqNAdtf","positive","negative",NA
"1268145978382655491","partido popular","Premio Princesa de Asturias de la Concordia, más que merecido. Los sanitarios han demostrado un gran sacrificio y profesionalidad en estos momentos tan difíciles para España, poniendo sus vidas en peligro para mantener a salvo las nuestras.  GRACIAS  https://t.co/TxMxfl0WqP","positive","positive",NA
"1268139198785163267","partido popular","Jugar con los muertos es algo muy serio. Exigimos al gobierno que deje de ocultar datos y facilite las cifras reales de fallecidos por el coronavirus; los familiares merecen respeto.  https://t.co/aDTl45vTeu","negative","negative",NA
"1268120363709411328","partido popular","▶ 𝐏𝐚𝐛𝐥𝐨 𝐂𝐚𝐬𝐚𝐝𝐨, a Sánchez 👉 ""Los españoles no merecen un Gobierno que mienta constantemente a los españoles"".  Dice querer pactar con la oposición, pero al final sigue siendo el hombre del ""no es no"".  https://t.co/TF92cDGW6M","negative","negative",NA
"1268119377309728769","partido popular","▶ 𝐏𝐚𝐛𝐥𝐨 𝐂𝐚𝐬𝐚𝐝𝐨 anuncia que el Partido Popular solicitará la creación de una Comisión parlamentaria para esclarecer las responsabilidades del Gobierno en su nefasta gestión de la pandemia.  https://t.co/BjGMjzsQDY","negative","negative",NA
"1268118827189129218","partido popular","▶ 𝐏𝐚𝐛𝐥𝐨 𝐂𝐚𝐬𝐚𝐝𝐨, a Sánchez 👉 ""¿Qué oculta para mantener a Marlaska después de haber mentido en la Moncloa, en el Congreso y en el Senado?""  Usted es el máximo responsable de las purgas en la Guardia Civil, y debería cesar a quienes ejecutaron una orden que conocía.  https://t.co/aHpWkVfp0N","positive","negative",NA
"1268117456456908800","partido popular","▶ 𝐏𝐚𝐛𝐥𝐨 𝐂𝐚𝐬𝐚𝐝𝐨, a Sánchez 👉 ""Pretende hacer una moción de censura al Estado; todo ello bajo palio de alarma, que quiere prorrogar incluso reconociendo que hay un plan alternativo"".  Repaso de nuestro Presidente, detallando las líneas rojas cruzadas por el Gobierno.  https://t.co/GHYxeZRhsE","positive","negative",NA
"1268116152691163138","partido popular","▶ 𝐏𝐚𝐛𝐥𝐨 𝐂𝐚𝐬𝐚𝐝𝐨, a Pedro Sánchez 👉 ""Irene Montero reconocía que antes del 8-M había un grave riesgo de contagio, y que otros países tomaban medidas superdrásticas"".  Miles de mujeres no tenían esa información, a pesar de que les iba la vida en ello, como decía Calvo.  https://t.co/D8UgY9eMtv","negative","negative",NA
"1268115526825521152","partido popular","▶ 𝐏𝐚𝐛𝐥𝐨 𝐂𝐚𝐬𝐚𝐝𝐨, a Pedro Sánchez👉 ""Llevamos tres meses ofreciendo un plan de activación económica que ni siquiera se han dignado a valorar"".  Mientras, sus ataques a la industria han tenido efectos negativos como se ha visto en los casos de Alcoa y Nissan.  https://t.co/BoUNoqoVxq","negative","negative",NA
"1268114914180247553","partido popular","▶ 𝐏𝐚𝐛𝐥𝐨 𝐂𝐚𝐬𝐚𝐝𝐨, a Pedro Sánchez👉 ""No salimos más fuertes, y no hay futuro sin empleo: hay que recuperar el mercado de trabajo sin mantras radicales que destruyen el tejido productivo"".  https://t.co/p1QhATuDM6","positive","neutral",NA
"1268113882817716224","partido popular","▶ 𝐏𝐚𝐛𝐥𝐨 𝐂𝐚𝐬𝐚𝐝𝐨, a Pedro Sánchez👉 ""Mientras preguntaba por el coronavirus en febrero, su portavoz decía que no había riesgo de infectarse. Sobre las mascarillas decían que no podían recomendar lo que no podían aplicar"".  https://t.co/c9ibT2Wh7u","neutral","neutral",NA
"1268112147147632643","partido popular","▶ 𝐏𝐚𝐛𝐥𝐨 𝐂𝐚𝐬𝐚𝐝𝐨, a Pedro Sánchez👉 ""Usted ha logrado ser el ejemplo del mayor fracaso mundial en la lucha contra la pandemia, con las peores cifras de fallecidos por habitante que todavía se niega a clarificar tras tres meses de mando único"".  https://t.co/1PCuizxpxF","negative","negative",NA
"1268111415388372992","partido popular","▶ 𝐏𝐚𝐛𝐥𝐨 𝐂𝐚𝐬𝐚𝐝𝐨 hace un balance económico y de empleo de dos años de Gobierno de Pedro Sánchez  https://t.co/g9WUyrsfDP","negative","neutral",NA
"1268111010549968898","partido popular","▶ 𝐏𝐚𝐛𝐥𝐨 𝐂𝐚𝐬𝐚𝐝𝐨 👉 ""El que reparte hoy cicuta habla de veneno. Ha hecho de la polarización y la división su hoja de ruta"".   Pedro Sánchez está convirtiendo su Gobierno en un bazar donde la igualdad de los españoles se regatea a precio de saldo.  https://t.co/Mv4D5LHUEt","negative","negative",NA
"1268109758411812865","partido popular","▶ 𝐏𝐚𝐛𝐥𝐨 𝐂𝐚𝐬𝐚𝐝𝐨 defiende la labor realizada por el Gobierno de @marianorajoy frente al Ejecutivo que, durante dos estos dos últimos años, ha formado Pedro Sánchez👉 ""No ha podido, ni sabido, gobernar"".  https://t.co/oEpfGaBfjX","neutral","neutral",NA
"1268108047064485891","partido popular","🔵 𝐄𝐍 𝐃𝐈𝐑𝐄𝐂𝐓𝐎 👉 𝐏𝐚𝐛𝐥𝐨 𝐂𝐚𝐬𝐚𝐝𝐨 defiende en el Congreso la postura del Partido Popular ante la solicitud de una nueva prórroga del estado de alarma.  https://t.co/4f1VIJQfsM","neutral","neutral",NA
"1266040312415297536","partido popular","Rosa María Mateo es el rostro de la manipulación de Sánchez, prestándose a su estrategia de someter a su interés partidista instituciones independendientes como la Fiscalía, el CIS, la Guardia Civil o RTVE.  https://t.co/x1gLPjjzT9","positive","negative",NA
"1263781519623180288","partido popular","🎙 @montesinospablo en @OndaCeroMalaga 👉 ""Pedro Sánchez decía que, bajo ningún concepto, iba a pactar con Bildu. En estos días ha quedado demostrado, una vez más, que las palabras del presidente del Gobierno no valen nada dando protagonismo a Arnaldo Otegi"".","positive","negative",NA
"1263774447636484097","partido popular","📻 A partir de las 12:30 @montesinospablo es entrevistado en @OndaCeroMalaga.  👉 Podrás escucharlo, en directo, en  https://t.co/mcwxCNtum5  https://t.co/iJXtcAeIbk","positive","neutral",NA
"1263742621157122048","partido popular","▶ @cucagamarra en @canalsur 👉 ""El acuerdo firmado entre PSOE, Podemos y Bildu, en su punto 2, rompe la igualdad entre todos los españoles al pretender un sistema de financiación diferente"".  https://t.co/FlMEcnZTAT","positive","neutral",NA
"1263740839509004289","partido popular","▶ @cucagamarra en @canalsur 👉 ""Como ciudadana española nunca pensé que Sánchez diera tanta autoridad a Arnaldo Otegi, aceptando chantajes y amenazas por la propia actitud del PSOE"".  El acuerdo firmado con Bildu nos pone a los pies de un partido que no condena el terrorismo.  https://t.co/LvgmZYPVxQ","positive","negative",NA
"1263739987608178688","partido popular","▶ @cucagamarra en @canalsur 👉 ""La Reforma Laboral del año 2012 no debe derogarse. Es un grandísimo error y engaño a los españoles echar algo abajo que, más que nunca, es necesario"".  https://t.co/CRhSi5a1dX","neutral","negative",NA
"1263728462612893696","partido popular","▶ @erodriguez_2019 vuelve a explicar, en @Desayunos_tve, por qué consideramos que el estado de alarma no debe seguir en vigencia y se debe aplicar la normativa ordinaria que hay en vigor, aplicando las reformas necesarias. #LosDesayunos  https://t.co/h6maOIfmB3","positive","neutral",NA
"1263726244010524674","partido popular","▶ @erodriguez_2019 en @Desayunos_tve 👉 ""El Gobierno ha estado jugando con una de las piezas clave en estos momentos: la Reforma Laboral del año 2012. Hay muchos españoles preocupados porque no están cobrando los ERTE y por el futuro, y no actuaron con seriedad"". #LosDesayunos  https://t.co/alO7AEYpNR","positive","negative",NA
"1263718737376694272","partido popular","📺 A partir de las 09:00 @cucagamarra es entrevistada en ""Buenos días, Andalucía"", de @canalsur.  👉 Podrás seguirla, en directo, en  https://t.co/9hqZNFIQrP  https://t.co/NLAJRvL1w1","positive","neutral",NA
"1263713622062235648","partido popular","📺 A partir de las 08:45 @erodriguez_2019 es entrevistada en @Desayunos_tve.  👉 Podrás seguirla, en directo, en  https://t.co/S0OU9kFES5  https://t.co/XgtaTtwqeo","neutral","neutral",NA
"1263711401408892934","partido popular","☀️ Muy buenos días y #FelizViernes. Os dejamos nuestra agenda para hoy 👉  https://t.co/S74g2KqN64  https://t.co/FqD4XdwQ1u","neutral","neutral",NA
"1263578874039816192","partido popular","📺 @montesinospablo en @Lanoche_24h: “Mientras @pablocasado_ proponía un Pacto por la Sanidad -Pacto Cajal-, Sánchez daba protagonismo a Arnaldo Otegi, condenado por pertenencia a banda terrorista”.  👉Sánchez prefiere hablar con Bildu antes que con el líder de la oposición.  https://t.co/Og7TMOtovf","neutral","negative",NA
"1263577713358635008","partido popular","📺 @montesinospablo en @Lanoche_24h: “Lo primero que tenía que haber hecho el Gobierno es hablar con los agentes sociales. Es muy difícil fiarse de Sánchez porque miente a los miembros de su Gobierno, a los agentes sociales y al conjunto de la población”.  https://t.co/w7N08yoIgP","neutral","negative",NA
"1263576753395687429","partido popular","📺 @montesinospablo en @Lanoche_24h: “La decisión de pactar con Bildu la derogación de la reforma laboral ha creado una convulsión dentro del propio Gobierno. La propia Nadia Calviño ha dicho que es absurdo y contraproducente"".  👉 El Partido Popular no tiene nada más que añadir.  https://t.co/Mci6bi8PE5","negative","negative",NA
"1263575989864595456","partido popular","📺 @montesinospablo en @Lanoche_24h: “Lo peor es la mentira. Sánchez aseguró que nunca, bajo ningún concepto, iba a pactar con Bildu, por lo cual, lo más grave es que la mentira del presidente del Gobierno no vale absolutamente nada, tal y como demuestran los hechos”.  https://t.co/HeJBkbultT","negative","negative",NA
"1263575704844845057","partido popular","📺 @montesinospablo en @Lanoche_24h: “Mi mensaje de apoyo a todos los periodistas en su labor de información. Hoy hemos visto un tweet del portavoz de Unidas Podemos señalando a un periodista en concreto. Es una barbaridad”.  https://t.co/AeTEt3k7MC","positive","negative",NA
"1263564927421292544","partido popular","A partir de las 22:45h., @montesinospablo estará en @Lanoche_24h.  Podrás seguir la entrevista, en directo, aquí👉🏼  https://t.co/968Fwb3s6x  https://t.co/lCtxSAsN5y","neutral","neutral",NA
"1263545466454769671","partido popular","“Lo sorprendente es que el Gobierno pida diálogo y consenso a la oposición y no sean capaces de dialogar ni en el propio Consejo de Ministros”.  📻 @Aglezterol en @encasadeherrero","positive","negative",NA
"1263545220555251714","partido popular","“En lugar de presumir de que se está en el podio del éxito con 28.000 muertos, que Sánchez haga un poco de caso al Partido Popular, como ha hecho hoy aceptando el uso obligatorio de mascarillas. Urge el plan #ActivemosEspaña de @pablocasado_”.  📻 @Aglezterol en @encasadeherrero","negative","negative",NA
"1263544697701761035","partido popular","“Sánchez está aplicando su doctrina, la de la mentira. Mintió a sus votantes en campaña, sigue haciéndolo, y miente también a sus socios de investidura y de reales decretos”.  📻 @Aglezterol en @encasadeherrero","negative","negative",NA
"1263544561340747778","partido popular","“El PSOE ha superado la línea roja que pensamos que nunca traspasaría. Los ayuntamientos necesitan lo que llevamos pidiendo un mes: poder utilizar su superávit para paliar la crisis del COVID-19; son sus ahorros”.  📻 @Aglezterol en @encasadeherrero","neutral","neutral",NA
"1262349771953537025","partido popular","🔵@TeoGarciaEgea solicita que las Cortes Generales estén abiertas durante los meses de julio y agosto 👉 ""Hay mucho que hacer y reconstruir. Los españoles necesitan la presencia y el trabajo de todos nosotros"".  https://t.co/mxw5hpTUq2","positive","neutral",NA
"1262347869526294529","partido popular","🔵 @TeoGarciaEgea traslada nuestras condolencias a los familiares de los fallecidos, así como un mensaje de esperanza y agradecimiento a los contagiados y a los sanitarios.  https://t.co/Vczx9SWfdl","positive","neutral",NA
"1262346827128602624","partido popular","🔵 @TeoGarciaEgea 👉 ""Mientras muchos españoles no cobran el ERTE, o a los autónomos se les cobra la cuota, Sánchez e Iglesias doblan el récord de cargos a dedo en su Gobierno"".  Mientras todos buscamos salvar vidas y empleo, Sánchez busca salvar su carrera politica.  https://t.co/2bpt1fbSKK","negative","negative",NA
"1262345422561062912","partido popular","🔵 @TeoGarciaEgea 👉 ""Pedimos al Gobierno que rectifique en su deriva contra la Comunidad de Madrid. Sánchez no se da cuenta de que sus decisiones no perjudican a @IdiazAyuso, sino a todos los madrileños"".  https://t.co/pG8v0icpr2","neutral","negative",NA
"1262344925737295872","partido popular","🔵 @TeoGarciaEgea 👉 ""La gestión de los gobiernos autonómicos del Partido Popular está dejando en evidencia a un Ejecutivo y a su desdichado mando único"".  Sr. Sánchez, no se equivoque: el enemigo es el virus, no el PP.  https://t.co/JyyIJsqiE0","negative","negative",NA
"1262343557853085696","partido popular","🔵 @TeoGarciaEgea anuncia que hemos recurrido ante la Audiencia Nacional la Orden Ministerial que regula el fin de este curso académico y el inicio del próximo👉 ""El Gobierno se ha lavado las manos y se ha echado a un lado; si tiene un mando único, que lo aplique"".  https://t.co/5QoIhvbhzC","negative","negative",NA
"1262342393770246144","partido popular","🔵 @TeoGarciaEgea 👉 ""Vamos a exigir la comparecencia de la ministra de Trabajo para que dé explicaciones y se disculpe con los agricultores, que se levantan muy temprano para que toda España puedan disponer de alimentos de primera necesidad"".  https://t.co/gNjW2xdrHZ","positive","neutral",NA
"1262341473070186502","partido popular","🔵 @TeoGarciaEgea 👉 ""España vive en estado de caos permanente gracias a un Gobierno repleto de ministros de bajo valor añadido. Europa no entiende que Garzón insulte y desprecie al sector turístico"".  https://t.co/6dexZEukCL","positive","negative",NA
"1262340724542124033","partido popular","🔵 @TeoGarciaEgea anuncia que vamos a instar al Gobierno a eliminar el periodo de cuarentena a los turistas que lleguen a nuestro país. Queremos establecer corredores turísticos seguros.  https://t.co/gcEod3yY9q","negative","neutral",NA
"1262339728902414338","partido popular","🔵 @TeoGarciaEgea  👉 ""España no puede esperar más a Pedro Sánchez; hay salida a esta crisis sanitaria y económica sin tener que estar confinados"". #ActivemosEspaña  https://t.co/EvZGWVH6V0","negative","neutral",NA
"1262339008920682496","partido popular","¿Por qué el Gobierno de España solo acierta cuando rectifica y hace caso al Partido Popular? @TeoGarciaEgea lo cuenta en un minuto y medio. 👇  https://t.co/bHwRnNl07F","negative","negative",NA
"1262338542614843393","partido popular","🔵 @TeoGarciaEgea  👉 Frente al ""estado de alarma, o el caos"" de Pedro Sánchez, @pablocasado_ ha presentado un programa completo para superar la crisis sanitaria y evitar la ruina de España y el presidente del Gobierno opta por dar la razón al Partido Popular. #ActivemosEspaña  https://t.co/ThtkXiLaKC","negative","neutral",NA
"1262337586988748806","partido popular","🔵 @TeoGarciaEgea  👉 ""Seguiremos trabajando para que el acto de homenaje a los fallecidos tenga la máxima solemnidad y dignidad, así como para que los familiares no tengan que pagar el impuesto de sucesiones en aquellas regiones donde no se ha eliminado"".  https://t.co/3TfcgpBmM9","positive","neutral",NA
"1262337248730722304","partido popular","🔵 @TeoGarciaEgea  👉 ""Hemos solicitado al Gobierno que ratifique a los sanitarios con una paga extraordinaria por su enorme sacrificio, así como el pago del salario bruto a los profesionales de los servicios esenciales"".  https://t.co/PpWKgMJp0V","negative","neutral",NA
"1262336089009926144","partido popular","🔵 𝗘𝗡 𝗗𝗜𝗥𝗘𝗖𝗧𝗢 👉 Rueda de prensa de @TeoGarciaEgea   https://t.co/BTXmafzBOf","neutral","neutral",NA
"1262325777648975872","partido popular","📡 A partir de las 12:45 @TeoGarciaEgea comparece en rueda de prensa.  Podrás seguirlo, en directo, en  https://t.co/08eZ0fzjAi y en nuestras redes sociales.  https://t.co/eLd5GVv9zC","neutral","neutral",NA
"1262322420893077504","partido popular","Un nuevo espaldarazo para seguir trabajando por España y los españoles. #ActivemosEspaña 🇪🇸  https://t.co/bDHrll6gWE  https://t.co/IxF5smGtc3","positive","neutral",NA
"1262312733590065152","partido popular","📰 Queremos que el Gobierno actúe con transparencia y explique todas las irregularidades que rodean al informe contrario al pase de Fase de la Comunidad de Madrid en el proceso de desescalada.  https://t.co/SY1Ibk6Y5l","negative","neutral",NA
"1262290398661283840","partido popular","📊 Cada vez más ciudadanos confían en la alternativa de Gobierno que propone @pablocasado_ frente a Sánchez e Iglesias.  Seguiremos abogando por la unión del voto de centro-derecha en nuestro proyecto político.  https://t.co/hWUdpUJ0i0","neutral","neutral",NA
"1262283735283703808","partido popular","▶ @montesinospablo en @Desayunos_tve 👉 ""Desde el Partido Popular exigimos al Gobierno transparencia, criterios claros y objetivos para toda España, y lealtad"".  Queremos ver los informes de todas las Comunidades Autonómas para comprobar que no hay trato de favor.  https://t.co/iOOZd52y89","positive","negative",NA
"1261029457760043008","partido popular","📻 A partir de las 22:40 @carlositurgaiz es entrevistado en @BrujulaOndaCero.  👉 Podrás escucharlo, en directo, en  https://t.co/eOx4E3FHYb  https://t.co/34xLyaZ1n6","positive","neutral",NA
"1260116325772427264","partido popular","📺@IdiazAyuso: “El partido de Sánchez está lanzando todo tipo de insidias contra mí. Intentan justificar que si ellos se equivocan, yo también; intentando tapar sus errores. Cuando lo hacen, no paran de ser criticados por organismos internacionales independientes” #UnCaféConAyuso  https://t.co/4IvsVrr1XT","neutral","negative",NA
"1260098361811746816","partido popular","Buenos días y #FelizMartes ☀️  Esta es nuestra agenda para hoy 👉🏼  https://t.co/S74g2KqN64  https://t.co/pqZtPVB8st","positive","neutral",NA
"1259962579079827457","partido popular","▶ @Aglezterol en @Gato_directo 👉 ""Hay 26.744 dramas que no se han podido despedir de sus familiares. Mientras tanto, hemos tenido un vicepresidente que se ha saltado la cuarentena para que le metieran en el CNI"".  https://t.co/jqqN1EZSNu","neutral","negative",NA
"1255110207304273921","partido popular","Reclamamos para el sector de la automoción:  👉🏼Reincorporación segura de los trabajadores 👉🏼Apertura de los concesionarios 👉🏼Planes de estímulo de la demanda interna 👉🏼Pago de los ERTE y posibilidad de ampliación 👉🏼Medidas fiscales de estímulo 👉🏼Impuesto de matriculación al uso  https://t.co/OvgKLryKYz","negative","neutral",NA
"1247137833346793472","partido popular","▶ @pablocasado_ “Para salvar vidas el Gobierno tiene todo nuestro apoyo, pero no para arruinar España.” #TodosSomosEspaña🇪🇸  https://t.co/9NtGMylL2q","neutral","neutral",NA
"1247133546122264576","partido popular","▶ @pablocasado_ propone a los cargos del Partido Popular hacer un fondo de hasta un cuarto de millón €. para comprar comida a los ancianos sin recursos que pueden moverse de sus casas y comprar material a los hospitales que aún no lo han recibido.  https://t.co/Yydzn672Y6","positive","neutral",NA
"1247133355130445824","partido popular","▶ “Un Gobierno con competencias extraordinarias tiene que tener al menos un control ordinario. Si desde la oposición hemos dado poderes máximos a Pedro Sánchez, al menos le pedimos una eficacia mínima.” @pablocasado_  https://t.co/6rS9dfwR0H","neutral","neutral",NA
"1247130538290405376","partido popular","▶ @pablocasado_  hace un reconocimiento a los servidores públicos, también a nuestros presidentes autonómicos, que se han ido anticipando a las medidas que tenía que adoptar España. #TodosSomosEspaña🇪🇸  https://t.co/bhZbniEP4b","positive","neutral",NA
"1247129673487863810","partido popular","▶ @pablocasado_ anima a colocar en la ventana, balcón, o sobre la bandera nacional un crespón negro como señal de duelo y solidaridad.  #TodosSomosEspaña🇪🇸  https://t.co/gWZnGj07Du","negative","neutral",NA
"1247126820564197376","partido popular","🔴 EN DIRECTO: @pablocasado_ interviene en la reunión con los grupos parlamentarios del PP  https://t.co/ImGGXP9z5f","neutral","neutral",NA
"1247117577782005760","partido popular","🔵 A partir de las 13:30h., @pablocasado_ interviene en la reunión con los grupos parlamentarios del PP.  📡 Síguelo en directo en nuestras redes y en  https://t.co/6WGpUWq5JJ  https://t.co/Ux4Ah25TFS","neutral","neutral",NA
"1247062730957295616","partido popular","Buenos días, aquí os dejamos nuestra agenda para el día de hoy  https://t.co/BMvEOmkwn7  https://t.co/q9o6nvAdEG","positive","neutral",NA
"1246883229560442883","partido popular","Somos un partido de Estado, y apoyaremos al Gobierno para prorrogar el estado de alarma hasta el día 26 porque la prioridad es salvar vidas.  Ahora bien, si quiere seguir contando con nosotros, debe abandonar la política económica que quiere llevar a cabo.  https://t.co/zrLzEgnmOJ","negative","neutral",NA
"1246821746461810696","partido popular","📰 Además, solicitamos desde el @GPPopular que el Gobierno que fije servicios mínimos para las actividades de distribución de carburante al por menor realizadas por las gasolineras.  https://t.co/A5FJrUeGOw","negative","neutral",NA
"1246770127779094528","partido popular","¡Feliz Domingo de Ramos! Este año se hace especial al no poder celebrarse de la manera habitual, pero la fe mueve montañas y lo haremos todos desde nuestros hogares.  https://t.co/lgiDZPyqM9","positive","neutral",NA
"1246752471457955840","partido popular","🔴 Desmontando bulos de la izquierda:  El gasto sanitario creció en un 13% en las regiones dirigidas por el PP.  https://t.co/myGq6SDAFB  https://t.co/fD5e6RajYu","neutral","negative",NA
"1246736047050014720","partido popular","Con las PNL presentadas queremos poner a disposición del sector el 20% del tiempo de publicidad institucional en los medios de comunicación públicos para la información y el impulso de las actividades culturales en nuestro país durante el año 2020.  https://t.co/rXDLhqtSTK","positive","neutral",NA
"1246490361599582208","partido popular","Los españoles merecen y quieren conocer toda la verdad sobre la gestión del Gobierno en la crisis del #COVID19. Y los periodistas son un altavoz para plantear todas las inquietudes al Presidente.  El @GPPopular también aboga por #LaLibertadDePreguntar  https://t.co/yxoCWTet8k","negative","neutral",NA
"1246468393160638465","partido popular","▶ @DolorsMM: “Los profesionales sanitarios, esos héroes de bata blanca y traje verde, son el corazón de nuestro sistema nacional de salud. Dan su vida para cuidar la nuestra, y en los momentos difíciles, como ahora, están ahí, dejándose la piel por todos y cada uno de nosotros”  https://t.co/8PD2cS2kdC","positive","positive",NA
"1246460473115127812","partido popular","Sánchez ha contestado a preguntas ""seleccionadas"" por el secretario de Estado de Comunicación"".  Lo que todos sabíamos y por lo que buena parte de la prensa protesta. Solo contestan a lo que quieren.  Poco más que añadir. Todo nuestro apoyo a la prensa.  #LaLibertadDePreguntar  https://t.co/RMBbt3seGP","positive","negative",NA
"1246414363856121858","partido popular","Solicitamos el informe a partir del 2 de marzo porque es la fecha en que la elevó el peligro del brote para los países de la Unión Europea a “alto” y el número de personas contagiadas en España adoptó la forma de curva exponencial.  https://t.co/LJnoYCLdHx","negative","neutral",NA
"1246379675296948224","partido popular","🔴 Aprovechar un estado de alarma para despenalizar las injurias a la Corona y los ultrajes a España🇪🇸, es una auténtica vergüenza.  ¿Qué os aparece a vosotros?  Dejad aquí vuestro comentario 👇🏻  https://t.co/4EGmY2uLFM","negative","negative",NA
"1246377027650957313","partido popular","El Gobierno no puede pretender imponer una ley del silencio y que las Cortes se cierren para el control parlamentario.  Juristas afirman que los diputados deben poder controlar a Sánchez.  https://t.co/OfMuFPLCHG","neutral","negative",NA
"1246069520499740672","partido popular","💬 @MarioGarcesSan: “Aún estamos esperando la llamada de Pedro Sánchez.”   https://t.co/v0xkoj6FPr","neutral","neutral",NA
"1241082435242164227","partido popular","5⃣ - Medidas económicas con rebajas fiscales y aumento de la flexibilidad y la competitividad.  📘 #PlanDeChoqueCOVID19 #QueNadieSeQuedeAtrás  https://t.co/pVMT0egKRv","positive","neutral",NA
"1241082433346457601","partido popular","4⃣ - Garantizar la seguridad en el suministro alimentario  📘 #PlanDeChoqueCOVID19 #QueNadieSeQuedeAtrás  https://t.co/QWTMnQj3FL","positive","neutral",NA
"1241082431286976513","partido popular","3⃣ - Medidas en materia de Defensa y Política exterior.  📘 #PlanDeChoqueCOVID19 #QueNadieSeQuedeAtrás  https://t.co/K4tWeliaFi","positive","neutral",NA
"1241082428866924545","partido popular","2⃣ - Protocolo de actuación en residencias  📘 #PlanDeChoqueCOVID19 #QueNadieSeQuedeAtras  https://t.co/HNIWKIhJWv","positive","neutral",NA
"1225013847695728641","partido popular","📈 El tejido empresarial español se contrae en 2019 por primera vez en siete años.  Una muestra más de la inquietud y desconfianza de quienes crean empleo por la inestabilidad y las medidas anunciadas por el Gobierno de """"""""progreso"""""""".   Vía @voz_populi  https://t.co/xbnBc6Dqjg","negative","negative",NA
"1225008171619700737","partido popular","🔴 Solo ha mentido y dado versiones contradictorias.   1⃣No la vi 2⃣Solo saludé 3⃣Fue para que no bajara del avión 4⃣No pisó suelo español 5⃣Me mandó Marlaska 6⃣Se cambió de avión 7⃣Estuvimos en la sala VIP 8⃣Desautorizó a la policía  Pero qué cara más dura. #ÁbalosDimisión","negative","negative",NA
"1221014562851475456","partido popular","-No podría dormir con Podemos en el Gobierno... -No pactaremos con independentistas... -Solo subí al avión saludar...  #ÁbalosDimisión  https://t.co/xmSEepdqj8","negative","negative",NA
"1217857841584918530","partido popular","📰 Registramos una batería de preguntas al Ejecutivo de Pedro Sánchez para que aclare cuándo hará caso el presidente del Gobierno al criterio que mantenían sus socios de coalición sobre el señor Tezanos y decidirá, por fin, cesarle.  https://t.co/dSMBL26NBP","neutral","neutral",NA
"1217795324607127552","partido popular","🔴 El vicepresidente del Gobierno y la ministra de Igualdad valoran el CIS de Tezanos. 🤐 Nada más que añadir.  https://t.co/oZFubQqAsj","neutral","neutral",NA
"1217792137007378433","partido popular","▶ @montesinospablo: ""No valoramos el #CIS porque el socialista Tezanos continúa al frente, utilizando una institución pública como laboratorio del PSOE, como un instrumento más de propaganda de Sánchez.""  https://t.co/rtkdxKluFL","negative","negative",NA
"1217791703878373376","partido popular","El Parlamento Europeo reitera el reconocimiento a @jguaido y condena el intento de golpe de Estado de Maduro en Venezuela. Este país hermano sabe que cuenta con nosotros.  https://t.co/EMqPBSFy8h","positive","negative",NA
"1217744373691113472","partido popular","▶ La Eurocámara activa el suplicatorio contra Puigdemont, y hay que preguntarse: ¿de qué lado está el Gobierno de Sánchez, del de los independentistas o de la Justicia española? @pablocasado_ lo tiene claro.  https://t.co/VXB7Kjcb9N","neutral","neutral",NA
"1217732655074160640","partido popular","Fernando Grande-Marlaska ofrece a ERC la purga de la cúpula de la Guardia Civil.  Todo lo que haga falta para contentar a los independentistas.  https://t.co/GGjFsj089D","negative","negative",NA
"1217725043737800704","partido popular","▶ @EnriqueLopezJIV: “En vez de acusar al PP de bloquear la Justicia, Pedro Sánchez debería llamar a @pablocasado_ y ofrecer un pacto de Estado.” @EspejoPublico  https://t.co/ljo9zZGJFK","positive","neutral",NA
"1217723434660175872","partido popular",".-¿Ha humillado la justicia europea a la española? .-“El que la humilla es Pablo Iglesias.""  ▶ @EnriqueLopezJIV en @antena3com  https://t.co/6AZNyJVDZm","positive","negative",NA
"1217721749422452738","partido popular","▶ Mensaje de @pablocasado_ a Pablo Iglesias: “Tiene que entender que ya no es un tertuliano, es el vicepresidente del Gobierno de España. Lo peor es que Pedro Sánchez lo avala.” @EspejoPublico  https://t.co/W8RRDpqcRZ","negative","negative",NA
"1217720449725014016","partido popular","▶ Nuestro secretario de Justicia e Interior, @EnriqueLopezJIV, explica en @EspejoPublico por qué el nombramiento de Dolores Delgado “reúne todos los requisitos para hablar de desviación de poder.”  https://t.co/rEVKBAKrqI","positive","neutral",NA
"1217714962807902208","partido popular","📺 A partir de las 09:00 h., @EnriqueLopezJIV es entrevistado en @EspejoPublico de @antena3com.  👉 Puedes verlo en directo en  https://t.co/ong5DMZ7We  https://t.co/ZOOdq4IgHh","neutral","neutral",NA
"1217714448942739456","partido popular","🎙 “El nombramiento de Dolores Delgado como fiscal general del Estado acentúa la presencia política en la Justicia. Los políticos debemos alejarnos de la Justicia, pero al vicepresidente Iglesias le gusta mucho opinar sobre ella.” @gmariscalanaya en @LasMananas_rne","positive","negative",NA
"1217713442389446656","partido popular","🎙 “Cambiando el Consejo de Ministros a los martes, Sánchez pretende limitar y ocultar a la opinión pública la acción de oposición al Gobierno, que es una de las funciones del Congreso.” @gmariscalanaya en @LasMananas_rne","neutral","negative",NA
"1217711309480964096","partido popular","📻 A partir de las 08:30 h., @gmariscalanaya es entrevistado en @LasMananas_rne de @rne.    👉 Puedes escucharlo, en directo, en  https://t.co/bF6wLP3w5x  https://t.co/OQcBuwso3X","positive","neutral",NA
"1217710607790637056","partido popular","☀️ Muy buenos días y #FelizJueves. Os dejamos nuestra agenda para hoy 👉  https://t.co/BMvEOmkwn7  https://t.co/3WVOMoYMia","neutral","neutral",NA
"1217537950554128385","partido popular","Ha dicho 7 cosas y 8 son mentira.  https://t.co/WXk7dKdxQ2","negative","negative",NA
"1217520515365134341","partido popular","—Dolores Delgado: ❌Iglesias pidió su dimisión. ✅Sánchez la nombra Fiscal General del Estado.  —Tezanos: ❌Iglesias pidió su dimisión. ✅Sánchez le vuelve a encargar el CIS.  Nunca una ❌ tuvo tan poco valor...  https://t.co/zsQ2isWI6I","positive","negative",NA
"1217493642090295296","partido popular","Tercer día de Gobierno y el Poder Judicial ya tiene que llamar la atención al vicepresidente Iglesias.  Y esto no ha hecho más que empezar.","neutral","negative",NA
"1217490137984249863","partido popular","🔴@cayetanaAT: ""Hemos visto que en RNE han entrevistado a Torra como si fuera presidente de la Generalitat cuando no lo es legalmente"".  Es intolerable que un medio público le considere como tal, ponga un rótulo debajo, lo emita en bucle, y se salte las resoluciones judiciales.  https://t.co/Cal9Ijnug8","positive","negative",NA
"1217485997757403136","partido popular","💬 @cayetanaAT: ""Exigimos a la Fiscalía que ampare y defienda la JEC y no a Torra"".  🔴 Que no haga lo que su propio jefe, Sánchez, ha hecho hasta ahora👉 atacar a la JEC y defender los intereses de Torra y Junqueras.  https://t.co/1h5v65TqFY","negative","negative",NA
"1344398320186388485","psoe","Salvador, un gran compañero, ha tomado la decisión de ser un excelente candidato a la Generalitat.   Cataluña necesita liderazgo y @salvadorilla es la persona adecuada.   🎙️@MarotoReyes en @24horas_rne   #LaEspañaQueNosMerecemos  https://t.co/eoPetKVnKU","positive","positive",NA
"1344394915481088000","psoe","Con la vacuna tenemos un horizonte con el que trabajar para reactivar el sector en 2021.  Los #PGEDePaís2021 son la herramienta para modernizar y mejorar un sector que ya es muy competitivo.  🎙️@MarotoReyes en @24horas_rne   #LaEspañaQueNosMerecemos  https://t.co/3L0UV6ha5C","positive","neutral",NA
"1344373693041020928","psoe","🙋‍♀️ No te pierdas, a partir de las 22:05h, la entrevista a la ministra de @mincoturgob, @MarotoReyes.  📻 En @24horas_rne  🔗 Síguelo en directo:  https://t.co/m1p1S3JGZH  #LaEspañaQueNosMerecemos  https://t.co/bH0Z4n3AM1","positive","neutral",NA
"1344348505251459072","psoe","📌@salvadorilla:  ""Soy un servidor público. He tratado siempre de estar donde puedo resolver problemas.  Me dicen mis compañeros que puedo ser útil para resolver la situación en Cataluña.  Estoy preparado para presidir Cataluña.""  #SomPSC/❤️ #VuelveIlla  https://t.co/9hJL7i7ygK","positive","neutral",NA
"1344281837254930434","psoe","Toda nuestra confianza en la decisión adoptada por nuestros compañeros @socialistes_cat que contarán con Salvador Illa como candidato socialista🌹  Gracias @miqueliceta por tu inmensa labor ✊ Gracias @salvadorilla por tu trabajo incansable ✊  ORGULLOSOS   https://t.co/xCnDFl1FIs","positive","positive",NA
"1344260415321202688","psoe","2021 debe ser el año de una gran recuperación. Para eso necesitamos una gran 𝘊𝘖𝘕𝘍𝘐𝘈𝘕𝘡𝘈.  En nosotros mismos, como país. En nuestra capacidad, fuerzas e instituciones.  El Gobierno ha optado por el camino de la 𝘌𝘚𝘗𝘌𝘙𝘈𝘕𝘡𝘈. Porque en eso se basa nuestra historia ✊  https://t.co/LtKQqvc5km","neutral","positive",NA
"1344207012062777345","psoe","👩‍🏫👨‍🏫Un modelo educativo más equitativo e inclusivo, que no deja nadie atrás.  El BOE de hoy recoge la #LOMLOE👏  Una educación pública del s.XXI para todos y todas, igualitaria y universal, que desarrolla al máximo las capacidades del estudiante.   #EquidadEducaciónFuturo  https://t.co/OYqPvzPe99","positive","neutral",NA
"1344194267007348736","psoe","¡Es Ley!  Hoy es un gran día para los derechos de todas las mujeres en #Argentina.  Hoy el Senado argentino ha aprobado la Ley que permite la interrupción voluntaria del embarazo, para que puedan decidir, con 𝗟𝗜𝗕𝗘𝗥𝗧𝗔𝗗 ✊  Todo nuestro apoyo, marea verde💚 #AbortoLegal2020  https://t.co/IAytFGOYAv","positive","neutral",NA
"1343999476856467456","psoe","Fue pionero del prêt-à-porter, de la revolución y evolución en la alta costura.  Pierre Cardin derribó barreras de género, de tejidos, de texturas, de colores... formando parte del cambio desde las pasarelas.  Su talento será eterno.  Adiós, maestro.   https://t.co/2zjY07nBum","positive","positive",NA
"1343981357886803978","psoe","Estas fiestas 🎄 siente PSOE/❤️  Comparte los valores de nuestra lucha por la igualdad, la diversidad, la transición ecológica y energética...  Visita la #TiendaPSOE y descubre nuestra historia, los valores que nos unen ✊🌹  ¡No te lo pierdas!  ⬇️  https://t.co/Yfh53kEg5Q  https://t.co/oHNlEWRAUk","neutral","neutral",NA
"1343966279217111041","psoe","Cuando no se reconoce la existencia de la violencia sexual se sobrepasan todos los límites.  ❌Otra condena en el seno de Vox por un delito sexual.  De verdad, ¿contempláis semejante calaña en vuestras filas?  ‼️Vergüenza.  https://t.co/1hdVihM65y","neutral","negative",NA
"1343949664249327618","psoe","🗞️@sanchezcastejon: “2021 puede y debe ser el año de una gran recuperación, y para eso necesitamos una gran confianza”.  ´𝘊𝘶𝘮𝘱𝘭𝘪𝘦𝘯𝘥𝘰´, el primer informe de rendición de cuentas de un Gobierno en la historia de España.  ↓ Todos los detalles ↓  https://t.co/hp1qrNUkLJ","negative","neutral",NA
"1343912462140268544","psoe","Informe CUMPLIENDO✅  Es una radiografía completa, honesta y objetiva del trabajo ya realizado por el Gobierno de España.  1.238 compromisos.   Sumando compromisos cumplidos y sobre los que ya se trabaja, el Gobierno ha puesto en marcha un 90,9% del total.   #Cumpliendo2020  https://t.co/zzKxVSLCAK","positive","neutral",NA
"1343911838329798656","psoe","Araceli, nuestra primera vacunada, nació en un país atrasado. 42 años después vive en democracia.   España puede volver a conseguirlo.   🔝 Tenemos la fuerza y el talento. Solo necesitamos la confianza y la esperanza de lograrlo.   🗨️ @sanchezcastejon  #Cumpliendo2020  https://t.co/xpiTI06Wnr","positive","neutral",NA
"1343911276687355904","psoe","Frente a conspiraciones lunáticas...   El Gobierno quiere recorrer 2021 desde la esperanza y la confianza. Ningún progreso se construye sobre el miedo.   En 2020 hemos resistido porque teníamos esperanza en sobreponernos.   🗨️ @sanchezcastejon   #Cumpliendo2020  https://t.co/n0NFsFlQXt","neutral","neutral",NA
"1343910823786328064","psoe","2020 ha sido el año de una Gran Calamidad y de una Gran Resistencia.   🔜 2021 debe ser, el año de una Gran Recuperación y para eso necesitamos una Gran Confianza.   𝗖𝗢𝗡𝗙𝗜𝗔𝗡𝗭𝗔.   🗨️ @sanchezcastejon   #Cumpliendo2020  https://t.co/Ry2jfTE6GF","positive","neutral",NA
"1343910183521710083","psoe","La rendición de cuentas mejora la calidad de nuestra democracia.   Por la robustez metodológica, la ambición de los objetivos y el alcance de las conclusiones, España se sitúa en 1ª línea internacional en materia de rendición de cuentas.   🗨️ @sanchezcastejon   #Cumpliendo2020  https://t.co/laCjUzLLdF","positive","neutral",NA
"1343909031061164033","psoe","🤝 Compromisos con la España cohesionada e inclusiva  👉Ley Orgánica de regulación de la eutanasia. 👉Ley de Formación Profesional. 👉Primera Ley Estatal de Vivienda. 👉Anteproyecto de Ley de Memoria Democrática. 👉Estrategia para el Reto Demográfico.  #Cumpliendo2020  https://t.co/2rsbQXTmzt","positive","neutral",NA
"1343908951017066496","psoe","🙋‍♀️ Compromisos con la España feminista  👉 Anteproyecto de Ley de Libertad Sexual. 👉 Modificar la legislación y actuar frente a las agencias que ofrecen la práctica de vientres de alquiler. 👉 Plan España que te protege contra la violencia machista.  #Cumpliendo2020  https://t.co/slFAuYopNJ","positive","neutral",NA
"1343908852392210432","psoe","💚 Compromisos con la transición ecológica, con la España verde  👉 Anteproyecto de Ley de residuos y suelos contaminados. 👉 Ley de Movilidad, que incluirá la creación de un Sistema Nacional de Movilidad.  #Cumpliendo2020  https://t.co/pVmDfJUtBi","positive","neutral",NA
"1341657583694864385","psoe","La justicia social es el principio del Gobierno.   Lo importante es cómo se afronta una crisis como la que atravesamos:   - Con  recortes, como la derecha. - O reforzando lo público, como hace este Gobierno.   📺 @Ander_Gil en @LaHoraTVE   #LaEspañaQueNosMerecemos  https://t.co/URvoyOQoI1","negative","negative",NA
"1341657223475437568","psoe","La renovación de los órganos constitucionales es un  mandato de la Constitución. No se entiende que el PP mantenga el bloqueo.   Nosotros no vamos a tirar la toalla.   📺 @Ander_Gil en @LaHoraTVE   #LaEspañaQueNosMerecemos  https://t.co/XX0ymV6CkO","negative","negative",NA
"1341655899274960897","psoe","La #LOMLOE viene precedida por un acuerdo parlamentario muy importante.   Y viene precedida de un clamor social de rechazo a la ley Wert que dinamitó la #educación pública.   La #LOLMOE revierte los recortes de la LOMCE.   📺 @Ander_Gil en @LaHoraTVE   #LaEspañaQueNosMerecemos  https://t.co/b51Nf3KM02","positive","negative",NA
"1341655265641426944","psoe","Hubo un gran acuerdo en el @Senadoesp entre muchas formaciones políticas para aprobar los #PGEDePaís2021.   Vamos a iniciar la reconstrucción de España y esa es la principal urgencia.   📺 @Ander_Gil en @LaHoraTVE   #LaEspañaQueNosMerecemos  https://t.co/CpSgHSMmQi","positive","neutral",NA
"1341641187401330688","psoe","¡Buenos días 🌇☕️ !  🚨 ¡Y no te lo pierdas!  🌞 Esta mañana, a partir de las 8:55h, entrevista con el portavoz del @gpssenado en @rtvenoticias.  📺 @Ander_Gil en @LaHoraTVE.  📶  https://t.co/z8S40EFVBp  #LaEspañaQueNosMerecemos  https://t.co/ulopXBeOHj","positive","neutral",NA
"1341498402065014786","psoe","Hay indicadores que van en positivo.  Si mantenemos crecimiento, en 2021 podremos enfilar la senda de la recuperación.  Quedan meses duros, pero el Gobierno apoya a los sectores que lo necesitan, como hemos hecho hoy.  📺 @NadiaCalvino en @Lanoche_24h   #LaEspañaQueNosMerecemos  https://t.co/mLlqFDjfkq","neutral","positive",NA
"1341494550205001737","psoe","La determinación del Gobierno es seguir mejorando el Salario Mínimo Interprofesional.  En 2 años lo hemos subido un 29%.  En estos momentos, la prioridad es recuperar los 250 mil empleos perdidos y absorber los ERTE.  📺 @NadiaCalvino en @Lanoche_24h   #LaEspañaQueNosMerecemos  https://t.co/cvu9agfnQR","positive","neutral",NA
"1341492976887934979","psoe","Es el momento de proteger a los más vulnerables y a los sectores más golpeados por la crisis debido a la pandemia.  Nuestra determinación es poner los medios para enfilar la senda de la recuperación económica.  📺 @NadiaCalvino en @Lanoche_24h   #LaEspañaQueNosMerecemos  https://t.co/88pY2sVIUF","negative","neutral",NA
"1341492139977551873","psoe","La aprobación de los #PGEDePaís2021 tiene cierto aroma histórico. Es muy buena noticia.  Son fundamentales. Esenciales. Son los Presupuestos que necesitamos.  Canalizarán, además, los Fondos europeos.  📺 @NadiaCalvino en @Lanoche_24h   #LaEspañaQueNosMerecemos  https://t.co/HutPeu2w7F","neutral","positive",NA
"1341480377840357376","psoe","🚨 ¡No te lo pierdas!  🌃 Esta noche, a partir de las 22:00h, entrevista con la vicepresidenta 3ª y ministra de @_minecogob en @rtvenoticias.  📺 @NadiaCalvino en La Noche en 24 Horas.  📶  https://t.co/qIfKMjUgWg  #LaEspañaQueNosMerecemos  https://t.co/WDdlysCMcm","negative","neutral",NA
"1341471481813983232","psoe","𝗘𝘀𝗽𝗮𝗻̃𝗮 𝘆𝗮 𝘁𝗶𝗲𝗻𝗲 #𝗣𝗚𝗘𝗗𝗲𝗣𝗮𝗶́𝘀𝟮𝟬𝟮𝟭.  El #Senado ha aprobado por amplia mayoría los Presupuestos Generales del Estado.  👏🏽👏🏽👏🏽  Unos Presupuestos: PROGRESISTAS. QUE NO DEJAN A NADIE ATRÁS. LOS DE LA MODERNIZACIÓN DE LA ECONOMÍA. UNA MIRADA AL SIGLO XXI.  https://t.co/TW6bMi2255","positive","positive",NA
"1341408934201090053","psoe","Más abajo, la solución al misterio @populares.   Felices Fiestas y siempre, SIEMPRE 😷  Sí, creamos gobernanza:   👉Comisión recuperación, transformación y resiliencia. 👉Comité técnico. 👉Unidad seguimiento Plan de recuperación. 👉Conferencia Sectorial. 👉Foros alto nivel.","positive","neutral",NA
"1341399868737282058","psoe","Es el momento de la política para proteger a los que más lo necesitan y transformar la sociedad, como siempre hemos hecho en estos 141 años de historia.   Esto son los #PGEDePaís2021📊en los que muchos y diversos nos hemos sabido encontrar.   🏛️ @Ander_Gil   #PlenoSenado  https://t.co/lVsq2EEJ2v","positive","neutral",NA
"1341399036906057728","psoe","👉🏽 @populares:   Llevan desde marzo, junto a la ultraderecha, pensando en sabotajes y en mentiras.   Ni una sola aportación.   Van a quedar ustedes marcados por darle la espalda a su país cuando España más les necesitaba.   🏛️ @Ander_Gil   #PlenoSenado #PGEDePaís2021📊  https://t.co/cWVydf9yMR","neutral","negative",NA
"1341398850070831106","psoe","👉🏽 @populares:  ¿Acaso les molesta que salgamos de ésta todas y todos juntos?.   Los españoles y españolas eligieron en las urnas un gobierno PROGRESISTA.   Y hay para largo. Vayan asumiéndolo.   🏛️ @Ander_Gil   #PlenoSenado #PGEDePaís2021📊  https://t.co/8DidVvzfeS","negative","neutral",NA
"1341397536398077953","psoe","La aprobación de estos PGE es un triunfo de la política:   Acuerdo. Capacidad de construir. Hacer progresar nuestra democracia.   🏛️ @Ander_Gil   #PlenoSenado #PGEDePaís2021📊  https://t.co/l1PcOf3rOc","positive","neutral",NA
"1341397289974312971","psoe","Hoy queda algo claro: El PP NO tiene una alternativa a estos #PGEDePaís2021📊.   Les pasa como los avances sociales: Con el PP, NINGUNO. Desde el divorcio...hasta ahora con la eutanasia.   🏛️ @Ander_Gil   #PlenoSenado  https://t.co/DU1SoLV8mB","negative","negative",NA
"1341396401180332033","psoe","📡 En directo. Intervención del portavoz del @gpssenado, @Ander_Gil, en el debate del Proyecto de Ley de Presupuestos Generales del Estado 2021 en el @Senadoesp. #PGEDePaís2021  https://t.co/IKUAvUw3Kj","positive","neutral",NA
"1341384089501388802","psoe","💜💜💜💜💜   El Gobierno crea el Observatorio de Igualdad en el Deporte para acabar con la brecha de género en este ámbito.   🙋‍♀️ Objetivo:   👉 Fomentar la igualdad de trato y oportunidades en el sistema deportivo español.   #CMin #LaEspañaQueNosMerecemos  https://t.co/8VptiXCck2","positive","neutral",NA
"1341381933197119495","psoe","En materia de Seguridad Social:   👉 Se amplía el plazo hasta el 31 de mayo de 2021 para las ayudas a las salas de exhibición.   #CMin #LaEspañaQueNosMerecemos  https://t.co/Hk1qg1Z5ae","neutral","neutral",NA
"1339611312356290563","psoe","Hagamos un cambio de verdad ✊ Hemos aprobado unos #PGEDePaís2021 que unen:  Crecimiento Competitividad  Cohesión social Desarrollo sostenible Innovación  Esta crisis no será una excusa para que la derecha recorte derechos y libertades.  🌹@Adrilastra  #LaEspañaQueNosMerecemos  https://t.co/Lj2RlceGaj","positive","neutral",NA
"1339601527271346177","psoe","💧 @abelcaballero: ""el suministro de agua está garantizado para toda la población, especialmente para quienes peor lo están pasando a causa de la pandemia”.  👏 ¡𝗚𝗥𝗔𝗖𝗜𝗔𝗦 @fempcomunica! 👏  Por vuestra gran labor 🤝 priorizando este derecho.  ➪  https://t.co/O9jmQ3JdSH  https://t.co/YX2onjoAP4","neutral","positive",NA
"1339597722463182848","psoe","Disfrutemos de la Navidad, en casa 🏡 Cumpliendo las recomendaciones sanitarias.  ✋ No bajemos la guardia ✋  Regalemos seguridad a nuestros seres queridos 🎁 Es la forma más sencilla de decirnos que queremos seguir unidos.  🌹@sanchezcastejon  #LaEspañaQueNosMerecemos  https://t.co/JBeMuTSmEi","positive","positive",NA
"1339584712772218886","psoe","El Pleno del @Congreso_Es ha dado un paso más hacia #LaEspañaQueNosMerecemos.   𝗔𝗽𝗿𝗼𝗯𝗮𝗱𝗮 𝗹𝗮 𝗹𝗲𝘆 𝗼𝗿𝗴𝗮́𝗻𝗶𝗰𝗮 𝗾𝘂𝗲 𝗿𝗲𝗴𝘂𝗹𝗮 𝗹𝗮 #𝗘𝘂𝘁𝗮𝗻𝗮𝘀𝗶𝗮. 👏🏽👏🏽👏🏽   Es el DERECHO a la última libertad.   Nuestra democracia es hoy más ancha.   #VidaDignaMuerteDigna  https://t.co/ssWW2Lalz7","positive","neutral",NA
"1339563861582688269","psoe","Hoy se impone el sentido común.  Conquistamos un DERECHO.  Nuestra democracia es lo suficientemente madura para afrontar esta cuestión y garantizar los derechos de estas personas.  🏛️ @salvadorilla   #VidaDignaMuerteDigna   #Pleno  https://t.co/OVJeY6FqIp","positive","neutral",NA
"1339562595397885955","psoe","Hoy avanzamos en el reconocimiento de derechos y hacia una sociedad más humana y justa.  Hoy es un día importante para quienes se encuentran en situación de padecimiento y para sus familias.  🏛️ @salvadorilla   #VidaDignaMuerteDigna   #Pleno  https://t.co/XcIDLtkQdq","positive","neutral",NA
"1339562141003755520","psoe","Es una ley que avanza en garantías.  La derecha reclama ahora los paliativos....¡Y el calvario que hicieron pasar al doctor Montes!.  🏛️ @luisacarcedo   #VidaDignaMuerteDigna   #Pleno  https://t.co/rs7MzapNRt","positive","negative",NA
"1339561578069438465","psoe","Cada vez que hablamos de nuevos derechos, la derecha se enzarza en broncas apocalípticas.  Se trata de una decisión autónoma del paciente. Es garantista.  🏛️ @luisacarcedo   #VidaDignaMuerteDigna   #Pleno  https://t.co/8Gpz4OxPrK","positive","negative",NA
"1339560828287246341","psoe","Se trata de un nuevo derecho.  Es un avance en derechos civiles y en el sistema democrático de derecho de la Constitución  Hoy, hablamos de LIBERTAD.  🏛️ @luisacarcedo   #VidaDignaMuerteDigna   #Pleno  https://t.co/TBoOElIbFU","positive","neutral",NA
"1339560013510156291","psoe","Hoy es un día importante para las personas que sufren y que sufrieron.  El 84% de la población respalda esta regulación.  Es una ley que piensa en la condición humana.   HUMANIDAD, EMPATÍA, COMPASIÓN.  🏛️ @luisacarcedo   #VidaDignaMuerteDigna   #Pleno  https://t.co/0KkJLOZTZB","positive","neutral",NA
"1339558686264537089","psoe","📡 EN DIRECTO, desde el @Congreso_Es, intervención de la diputada @luisacarcedo en defensa de la ley orgánica que regula la #eutanasia.  #VidaDignaMuerteDigna  https://t.co/Xk073DljKM","positive","neutral",NA
"1339548014353010688","psoe","𝐄𝐥 𝐝𝐞𝐫𝐞𝐜𝐡𝐨 𝐚 𝐞𝐣𝐞𝐫𝐜𝐞𝐫 𝐥𝐚 𝐮́𝐥𝐭𝐢𝐦𝐚 𝐥𝐢𝐛𝐞𝐫𝐭𝐚𝐝.  #VidaDignaMuerteDigna  https://t.co/eudPVEfVx4","neutral","neutral",NA
"1339547441306234880","psoe","𝐀𝐧𝐭𝐞 𝐞𝐥 𝐬𝐮𝐟𝐫𝐢𝐦𝐢𝐞𝐧𝐭𝐨 𝐢𝐧𝐭𝐨𝐥𝐞𝐫𝐚𝐛𝐥𝐞, 𝐞𝐥 𝐝𝐞𝐫𝐞𝐜𝐡𝐨 𝐚 𝐦𝐨𝐫𝐢𝐫 𝐜𝐨𝐧 𝐥𝐢𝐛𝐞𝐫𝐭𝐚𝐝.  #VidaDignaMuerteDigna  https://t.co/bgGbLe3DbT","neutral","negative",NA
"1339547211491930117","psoe","𝐓𝐞𝐧𝐞𝐫 𝐮𝐧𝐚 𝐦𝐮𝐞𝐫𝐭𝐞 𝐥𝐞𝐠𝐚𝐥 𝐲 𝐞𝐥𝐞𝐠𝐢𝐝𝐚.  #VidaDignaMuerteDigna  https://t.co/ZlTSXRAbDk","neutral","neutral",NA
"1339544922442113026","psoe","𝐄𝐥 𝐝𝐞𝐫𝐞𝐜𝐡𝐨 𝐚 𝐦𝐨𝐫𝐢𝐫 𝐜𝐨𝐧 𝐝𝐢𝐠𝐧𝐢𝐝𝐚𝐝.  #VidaDignaMuerteDigna  https://t.co/DQ8fVYCman","neutral","neutral",NA
"1339542818709262337","psoe","𝐋𝐞𝐠𝐚𝐥𝐢𝐳𝐚𝐦𝐨𝐬 𝐞𝐥 𝐝𝐞𝐫𝐞𝐜𝐡𝐨 𝐩𝐚𝐫𝐚 𝐩𝐨𝐧𝐞𝐫 𝐟𝐢𝐧 𝐚𝐥 𝐬𝐮𝐟𝐫𝐢𝐦𝐢𝐞𝐧𝐭𝐨 𝐢𝐧𝐜𝐮𝐫𝐚𝐛𝐥𝐞 𝐜𝐨𝐧 𝐥𝐢𝐛𝐞𝐫𝐭𝐚𝐝.  #VidaDignaMuerteDigna  https://t.co/Egc2tRl6xa","neutral","neutral",NA
"1339534837460426752","psoe","Ramón. José Antonio. Maribel. María José.  España da un paso decisivo para una muerte digna. Conquistamos un nuevo derecho con la aprobación de la Ley de Eutanasia.  Libertad. Derechos Civiles. Dignidad.   #VidaDignaMuerteDigna  https://t.co/6KwGxqVmNa","positive","positive",NA
"1339524212734750720","psoe","🤝 ""He cuidado a mi mujer 30 años y el último fue algo realmente terrible. Decidimos que esto ya no podía seguir adelante.""  Hoy, el @Congreso_Es pondrá fin a este sufrimiento. Hoy, conseguimos un nuevo derecho para la ciudadanía.  🔊 Escucha la historia de Ángel Hernández.  https://t.co/xfp33VsssP","neutral","negative",NA
"1339504583916331009","psoe","Su historia nos conmocionó como sociedad. Y consiguió sacar la #violenciamachista del ámbito doméstico.  Hoy, hace 23 años, Ana Orantes fue asesinada por su marido tras relatar en televisión 40 años de maltrato.  💜 Siempre en nuestra memoria.  #NiUnaMenos  https://t.co/bpwyRcpSX9","positive","negative",NA
"1339489547470708736","psoe","Una España de las oportunidades para TODOS y TODAS.  👉 De la igualdad, del bienestar, de la justicia social.  NO más división ni confrontación.   🤝 La verdadera política refuerza los lazos comunes para crecer como una sociedad UNIDA y JUSTA.  #LaEspañaQueNosMerecemos  https://t.co/5eI9lrvvkm","positive","neutral",NA
"1333063668586713096","psoe","Se ha demostrado que repetir es perjudicial para la trayectoria educativa:  ❌No es eficaz. ❌No mejora resultados.  👉Hacer repetir es lo más simple y lo menos exigente. Una educación exigente, no admite recortes ni tanta segregación y brecha de equidad.  #EquidadEducaciónFuturo  https://t.co/UL3uoxjKr8","negative","negative",NA
"1333053853227479040","psoe","La responsabilidad del Estado es garantizar el derecho a la educación de TODOS.  La educación pública garantiza este derecho.  ✅Un proceso de admisión ➕ transparente. ✅Que los centros sostenidos con fondos públicos no discriminen a ningún estudiante.  #EquidadEducaciónFuturo  https://t.co/VZGcsHkR0t","positive","neutral",NA
"1333034602617827328","psoe","🗞️“Con la LOMLOE se limitan privilegios, se eliminan guetos y se devuelve la educación pública al lugar del que nunca debió ser desviada.”  🗣️@CelaaIsabel, ministra de @educaciongob.  Lee la noticia sobre el encuentro con la comunidad educativa de hoy👇   https://t.co/QJfZCPWyvC","positive","neutral",NA
"1333020174979637249","psoe","""Aprovechemos el tiempo para mitigar al máximo las consecuencias del cambio climático porque tendría incidencia en el conjunto de la economía y de la sociedad.""  🗞️Lee la entrevista de la ministra de @mitecogob, @Teresaribera, en @ElHuffPost 👇   https://t.co/UanLcXrKno","positive","neutral",NA
"1333014775845040128","psoe","🗞️""La ley afirma la libertad de enseñanza y la libertad de elección de las familias.""  Lee la entrevista a la ministra de @educaciongob, @CelaaIsabel, en el diario @elcomerciodigit👇   https://t.co/Sthgl4UVbI","positive","neutral",NA
"1333003779864752128","psoe","La #LOMLOE atiende a los principales problemas de la educación:  👉 Abandono escolar temprano. 👉 Necesidad de trabajar sobre la carrera profesional de los docentes. 👉 Establecer evaluación que sirva para mejorar el sistema.  📚 @CelaaIsabel   #EquidadEducaciónFuturo  https://t.co/uyO3j9rOx3","positive","negative",NA
"1333003113838555136","psoe","Esta Ley impulsa un debate sobre la calidad de la prestación de servicio público. La #LOMLOE:  👉 Limita privilegios. 👉 Elimina guetos. 👉 Devuelve la educación pública al lugar del que nunca debió ser desviada.  📚 @CelaaIsabel   #EquidadEducaciónFuturo  https://t.co/BXp33ITaAM","positive","neutral",NA
"1333002344393551874","psoe","La #LOMLOE busca desarrollar el talento y el potencial del alumno.  👉 Binomio de equidad y excelencia.  Esto es lo que NO aguantan las derechas.  📚 @CelaaIsabel   #EquidadEducaciónFuturo  https://t.co/eNyaVYJ2KN","positive","neutral",NA
"1333001421952872448","psoe","Las y los socialistas nos sentimos orgullos por la nueva Ley educativa.  Un nuevo modelo educativo basado en:  👉 La equidad. 👉 La igualdad de oportunidades. 👉 La apuesta por la diversidad. 👉 La calidad. 👉 La innovación.  📚 @luzseijo   #EquidadEducaciónFuturo  https://t.co/ZNoylZS4Cs","positive","positive",NA
"1333000791448297472","psoe","Esta Ley NO pretende acabar con la escuela concertada.  La #LOMLOE retira los privilegios de la Ley WERT que permitía una concertada basada en fines lucrativos y no educativos.  La educación no es un privilegio, es un DERECHO.  📚 @luzseijo   #EquidadEducaciónFuturo  https://t.co/fQuc9cY5aP","positive","negative",NA
"1333000340132802562","psoe","La derecha solo se ha dedicado a difundir FAKE NEWS.  ¿Cómo puede decir la derecha que el castellano va a desaparecer de las aulas?  Se garantiza el derecho a estudiar el castellano y la lengua cooficial. Lingüística plena en ambas lenguas.  📚 @luzseijo   #EquidadEducaciónFuturo  https://t.co/LQB73T20h5","positive","negative",NA
"1332999608268689409","psoe","La #LOMLOE es una Ley absolutamente debatida.  👉 Más de 252 aportaciones que nos han trasladado las asociaciones.  Esta es una Ley que nace del consenso. Una educación constructiva.  📚 @luzseijo   #EquidadEducaciónFuturo  https://t.co/iZrz6i5kYN","positive","neutral",NA
"1332996643243876353","psoe","📡#ENDIRECTO, desde #Ferraz, la ministra de Educación, @CelaaIsabel y la secretaria ejecutiva de Educación y Universidades del #PSOE, @luzseijo, participan en un encuentro con la COMUNIDAD EDUCATIVA sobre la LOMLOE.  #EquidadEducaciónFuturo  https://t.co/CGMP2mjrgR","positive","neutral",NA
"1332990994430750721","psoe","Todos los estudiantes se formarán en:  ✅Contenidos constitucionales. ✅Derechos humanos. ✅Valores democráticos como la tolerancia o la no discriminación.  👩🏻‍🤝‍👨🏽👨🏼‍🤝‍👨🏻👭🏻  ¿Por qué elegir entre religión o valores cívicos? Con la #LOMLOE podrán acceder a ambos.  #EquidadEducaciónFuturo  https://t.co/ZRNQPcYBbG","positive","neutral",NA
"1332988772749815809","psoe","🖤 Día triste para los fans de ""Star Wars"".  Ha fallecido David Prowse, el actor que encarnó a Darth Vader en la trilogía original de la película.   Que la fuerza te acompañe, David.  https://t.co/eiPMU6ZjBV","negative","negative",NA
"1332982023779135488","psoe","🗞️ @joseluisescriva en @LaVanguardia.   ""Los datos de afiliación de octubre y los que llevamos hasta ahora nos hacen pensar que la ocupación va a crecer al menos al 2% en el cuarto trimestre del año"".  Lee la entrevista completa👇  https://t.co/VBzGGuXvgR  https://t.co/n66EXVQnOL","positive","neutral",NA
"1332976441462493186","psoe","""Los fondos europeos acelerarán la electrificación, la hibridación de modelos y el uso del hidrógeno verde en la automoción"".  🗞️ Entrevista de la ministra de Industria, Comercio y Turismo, @MarotoReyes en @abc_es.   https://t.co/IhwrLXVwaH  https://t.co/YCp3kZGMZy","positive","neutral",NA
"1332974149522903041","psoe","🗞️ @AranchaGlezLaya en @elperiodico:  Estamos construyendo una política de asilo e inmigración en Europa en un momento de dificultades económicas derivadas del covid.  🇪🇺 tiene que construir consenso y dialogar con los países de origen y de tránsito.   https://t.co/7qtgKg0CZs","neutral","neutral",NA
"1332960763133177858","psoe","🏫Hoy, desde #Ferraz:  ""Encuentro con la COMUNIDAD EDUCATIVA sobre la #LOMLOE""  🗣️Participan @CelaaIsabel, ministra de Educación y @luzseijo, secretaria ejecutiva de Educación y Universidades.  ⏰11:30h  📶Síguelo en nuestros canales digitales.  #EquidadEducaciónFuturo  https://t.co/68QO6wavYe","positive","neutral",NA
"1332796068313116673","psoe","Qué triste noticia.   Nos deja uno de los entrenadores que más éxitos cosechó a lo largo de su carrera. Una pérdida enorme para el deporte español.  Nuestro más sentido pésame para sus seres queridos y nuestro recuerdo, siempre.","negative","negative",NA
"1330841663451881475","psoe","Esta semana, celebramos el Día Internacional para la Eliminación de la Violencia contra la Mujer.  Tenemos que acabar con esta lacra y denunciar a aquellos que desde su fanatismo cuestionan esta barbarie.  🌹 @abalosmeco   #EnMarchaTodosUnidos  #25N  #NiUnaMenos  https://t.co/jRKpK0RAls","negative","negative",NA
"1330837790704214017","psoe","📡EN DIRECTO, desde #Ferraz, rueda de prensa de nuestro secretario de Organización y ministro de @mitmagob, José Luis @abalosmeco, tras la reunión de la Permanente Federal del #PSOE 🌹  #EnMarchaTodosUnidos   https://t.co/Kc7LzUloO7","positive","neutral",NA
"1330831829855838209","psoe","🌹 Tras la reunión de la Permanente Federal del #PSOE:  🗣️ Rueda de prensa del secretario de Organización y ministro de @mitmagob, @abalosmeco.  ⏰ A partir de las 12:30h.  ¡Síguela en directo!  ▶️📲  https://t.co/sDqSiCIxRm  #EnMarchaTodosUnidos  https://t.co/v2zbQot17o","positive","neutral",NA
"1330819087967145985","psoe","📹 Reunión semipresencial de la Permanente Federal del #PSOE, encabezada por el presidente del Gobierno y secretario general, @sanchezcastejon.  La dirección socialista aborda la actualidad política.  #EnMarchaTodosUnidos  https://t.co/mNkynG7kiP","positive","neutral",NA
"1330796219589922816","psoe","La educación no puede esperar y la derecha se ha autoexcluido del debate.  Jamás el PP ha secundado una ley de cuño socialista. Para tener una ley del PP ha sido preciso una mayoría absoluta y que la hiciera en solitario.  🗣️@CelaaIsabel en @LaHoraTVE📺  #EquidadEducaciónFuturo  https://t.co/7kzvVpc15I","positive","negative",NA
"1330790420276781057","psoe","Además de los centros ordinarios existen los centros de educación especial, que son de referencia y apoyo para el sistema.  Los centros de educación especial NO ❌ se van a cerrar porque son necesarios en el sistema.  🗣️@CelaaIsabel en @LaHoraTVE 📺   #EquidadEducaciónFuturo 📚  https://t.co/ZPVUKyVTa2","positive","neutral",NA
"1330787486101102593","psoe","La nueva Ley #LOMLOE ha conseguido su mayoría absoluta.   Tenemos un marco legislativo para una sociedad que ya no existe 👉estamos incorporando más talento al conocimiento 👧🧒🏻  Es la EQUIDAD lo que nos importa.  🗣️@CelaaIsabel en @LaHoraTVE📺   #EquidadEducaciónFuturo  https://t.co/TWhJGvOAdp","positive","neutral",NA
"1330785009494585345","psoe","Plan estratégico con 11 líneas de desarrollo:   👉Acreditaremos la experiencia laboral ➜ a algo más de 3M de ciudadanos.   👉Aumentamos las plazas en FP➜ de grado medio y superior.   🗣️@CelaaIsabel en @LaHoraTVE📺  #EquidadEducaciónFuturo  https://t.co/pKw3zRUEpc","positive","neutral",NA
"1330783382767357952","psoe","El nuevo plan de la FP va a dar desembocadura a todo un plan estratégico de modernización de la Formación Profesional.  👉Es línea de primea para formar a nuestros jóvenes para alcanzar trabajos bien remunerados.   🗣️@CelaaIsabel en @LaHoraTVE📺  #EquidadEducaciónFuturo  https://t.co/a8R7X6451a","positive","neutral",NA
"1330778446667128832","psoe","Buenos días 🌞  En unos minutos, @CelaaIsabel será entrevistada en @LaHoraTVE, en @rtve.  ⏰A partir de las 9:00h. ▶️ https://t.co/q879oHikfk  #EnMarchaTodosUnidos  https://t.co/s8RD7UzV4q","positive","neutral",NA
"1330612265100349440","psoe","¿Sabes qué recuerdo de Ernest #Lluch tiene @salvadorilla en su despacho?  👉🏽Descúbrelo en esta entrevista de @RuizMaritcha para #ElSocialista con el ministro de @sanidadgob en la que repasa el legado del socialista asesinado por ETA.  #Lluch20anys🌹   ▶️ https://t.co/Jt6ZPL18nq  https://t.co/1yrJojwtGS","positive","neutral",NA
"1330605721927335936","psoe","""Hemos establecido por primera vez criterios favorecedores de la igualdad de género como no discriminación y como equiparación entre hombres y mujeres del sector cultural"". ♂ ♀   🎥Sigue la 4ª parte de la entrevista de @RuizMaritcha a @jmrdezuribes en 'El Socialista' 🌹  Dale▶️  https://t.co/Jqba4epD4X","positive","neutral",NA
"1330584639816294400","psoe","🗞️@sanchezcastejon: ""En estas Navidades diferentes nuestra prioridad debe ser evitar una 3ª ola"".  Como ha adelantado el presidente en la rueda de prensa posterior a la cumbre del #G20, “La mejor resistencia, la única posible, es actuar para avanzar”. 👇  https://t.co/J5lfyhbs4p","positive","neutral",NA
"1330572200823427074","psoe","El Gobierno considera que la pluralidad lingüística es un gran activo.  Y garantizamos, como dice la Constitución, el aprendizaje en castellano y en las cuatro lenguas cooficiales.  🗣️ @sanchezcastejon   #EquidadEducacionFuturo  #G20RiyadhSummit  https://t.co/odewJQjXEP","neutral","neutral",NA
"1330571759146426368","psoe","Nuestro país necesitaba modernizar su sistema educativo. Y lo han refrendado 6 grupos parlamentarios distintos.  Tras la LOMLOE, abordaremos la siguiente reforma; La Formación Profesional. Y lo haremos por ley.  🗣️ @sanchezcastejon   #EquidadEducacionFuturo  #G20RiyadhSummit  https://t.co/GmDFBawk7I","positive","neutral",NA
"1330567074809262082","psoe","La mejor resistencia, La única posible,   👉Es actuar para AVANZAR.   Tenemos motivos para poder seguir resistiendo y cuando todo pase, veremos con orgullo lo que fuimos capaces de construir unidos mientras resistíamos.  🗣️ @sanchezcastejon   #G20RiyadhSummit #NadieSeQuedaAtrás  https://t.co/UoWfvZxHPK","positive","neutral",NA
"1330564567370436608","psoe","Características Plan de vacunación:   👉 13.000 puntos de vacunación. 👉 Se garantizará que todos los grupos prioritarios tengan acceso a la vacuna. 👉 Sistema de información y registro para el seguimiento y evaluación.  🗣️ @sanchezcastejon   #G20RiyadhSummit #NadieSeQuedaAtrás  https://t.co/Ws2v03yzmc","positive","neutral",NA
"1330564143540211713","psoe","España será el primer país de la Unión Europa junto con Alemania en tener un Plan completo de vacunación.   👉 Lo presentaremos este martes en #CMin.   Queremos iniciar el proceso de vacunación tentativamente en enero.  🗣️@sanchezcastejon   #G20RiyadhSummit  #NadieSeQuedaAtrás  https://t.co/MLYOCeOlgP","positive","neutral",NA
"1330563449085190145","psoe","¿Cómo serán estas Navidades?   Nos moveremos: El abrazar a los que más queremos... 👉🏽 Y la obligación de protegerlos.   Este año, tendremos quizá que permanecer LEJOS de ellos.   PRIORIDAD: ⚠️ EVITAR una 3ª OLA.   🗣️ @sanchezcastejon   #G20RiyadhSummit #NadieSeQuedaAtrás  https://t.co/0yv4i5Ay5p","negative","neutral",NA
"1330562980208054272","psoe","Estamos logrando con la ayuda de todos y con disciplina social evitar el confinamiento domiciliario que sí han tenido que activar en esta 2ª ola otros vecinos europeos.   ¡Gracias a TODOS!   NO hay que bajar la guardia.   🗣️ @sanchezcastejon   #G20RiyadhSummit #NadieSeQuedaAtrás  https://t.co/h5bIAeUmy8","negative","positive",NA
"1330561721426128899","psoe","Tras 4 semanas de estado de alarma, estamos en la tendencia de descensos adecuada.   La Estrategia Estatal está funcionando.   FUNCIONAN la cogobernanza y el estado de alarma.   🗣️ @sanchezcastejon   #G20RiyadhSummit #NadieSeQuedaAtrás  https://t.co/ow9Up33GGN","positive","neutral",NA
"1330559871461289984","psoe","🙋🏽‍♀️ En el G20, hemos lanzado un claro mensaje en favor de la igualdad de género y de reducir la brecha laboral y salarial entre mujeres y hombres.   🗣️ @sanchezcastejon   #G20RiyadhSummit  https://t.co/Q1JJgu0WIA","positive","neutral",NA
"1330559101286420483","psoe","🌍 El G-20 ha sido capaz de acordar un texto ambicioso sobre cambio climático por UNANIMIDAD.   Veremos grandes avances en 2021, gracias a la promesa del presidente electo de EE.UU @JoeBiden de volver al Acuerdo de París.   🗣️ @sanchezcastejon   #G20RiyadhSummit  https://t.co/6IePgzYCGz","positive","neutral",NA
"1330558850370572293","psoe","Los líderes del G20 han puesto de relieve su firme voluntad de hacer todo lo necesario para garantizar el acceso universal a tratamientos y vacunas contra la COVID-19.   Nadie estará totalmente seguro hasta que todo el mundo 🌍esté seguro.   🗣️ @sanchezcastejon   #G20RiyadhSummit  https://t.co/zPiGgYCNKh","positive","neutral",NA
"1330558419376476163","psoe","Compromiso de 🇪🇸 con el multilateralismo y apuesta por un futuro más verde, más feminista, más igualitario y más inclusivo.   En esta cumbre, 🇪🇸 ha confirmado su vocación global como una de las 20 democracias más influyentes del mundo.   🗣️ @sanchezcastejon   #G20RiyadhSummit  https://t.co/7NdTouQ9lZ","positive","neutral",NA
"1330556855375040521","psoe","📡EN DIRECTO, rueda de prensa del presidente del Gobierno, @sanchezcastejon, tras su participación en la segunda jornada de la cumbre del #G20.  #EnMarchaTodosUnidos #G20RiyadhSummit  https://t.co/uOoe9UAdNl","neutral","neutral",NA
"1330545324012695554","psoe","Por primera vez en la historia una crisis no trae como consecuencia recortes en #Cultura y #Deporte🎼🤸‍♀️📚  ⇑ Suben los PGE del sector un 38%, ""para fortalecerlo e impulsarlo hacia el futuro"".   🎥3ª parte de la entrevista de @RuizMaritcha a @jmrdezuribes en 'El Socialista' 🌹 ▶️  https://t.co/5qC0s3Aizl","positive","neutral",NA
"1330534754651840513","psoe","🗞️ El ministro de @mapagob, @LuisPlanas, cree que el sector agroalimentario será uno de los grandes ganadores de la pandemia.  🚜👩🏽‍💻👨🏽‍🔬 ""El campo es rentable y una oportunidad para una juventud formada"".  👇🏽  https://t.co/um6QH7EGw1  https://t.co/cfaEuI2SQX","positive","neutral",NA
"1330523822731169795","psoe","""Con una Administración demócrata 🇺🇸 y Biden en la presidencia, probablemente haya más espacio para impulsar juntos el multilateralismo en temas como:  👉Medioambiente, protección de derechos humanos o la respuesta sanitaria al Covid"".  Entrevista de @AranchaGlezLaya para @abc_es  https://t.co/ckgtKWeZVc","neutral","neutral",NA
"1330508074092728320","psoe","🏆Albert Arenas, 𝗰𝗮𝗺𝗽𝗲ó𝗻 𝗱𝗲𝗹 𝗺𝘂𝗻𝗱𝗼 de #Moto3 🏍️  El catalán ha traspasado la bandera de cuadros🏁en Portugal alzándose por primera vez con el gran título🌎   ¡Enhorabuena campeón! 👏🏻👏🏻👏🏻👏🏻👏🏻👏🏻  Orgullosos de tenerte en esta GRAN historia del deporte Español 🇪🇸  https://t.co/9b9yxkY9sj","positive","positive",NA
"1330499422128631817","psoe","🗞️@luzseijo a Casado: “Deje de jugar con las familias, con la incertidumbre y con cuestiones que son plenos derechos de la CE”.   Con la educación no se juega, se progresa 📚 ""No se puede seguir mintiendo"".  👩‍💻Toda la info sobre sus declaraciones ⇩  https://t.co/Dfy84auAUY","positive","negative",NA
"1330492824278675456","psoe","La nueva #LOMLOE constituye una gran apuesta por la igualdad y la calidad en la enseñanza.  ""La derecha busca reproducir desigualdades, la izquierda acabar con ellas. Por eso no ha habido consenso con ellos"".  ✍️Tribuna de @SimancasRafael en @FSistema 👇  https://t.co/bAVXyVC0pf  https://t.co/JrZ7txxcFU","neutral","negative",NA
"1330476750371958793","psoe","DEJEN DE JUGAR CON LOS NIÑOS Y LAS NIÑAS.  El #PP les está utilizando. ❌ Con la educación NO se juega.  ❌ #Casado alienta EL DESACATO.  Que cumpla con el Estado de Derecho y no genere incertidumbre en las familias.  🗣️ @luzseijo  #EquidadEducaciónFuturo 📚  https://t.co/hULmR3cGaQ","positive","negative",NA
"1330476257700667392","psoe","NO SE PUEDE ENGAÑAR A LAS FAMILIAS.  La LOMLOE:  ✅ Garantiza el castellano. ✅ Garantiza la educación concertada. ✅ Garantiza la educación especial.  🗣️ @luzseijo  #EquidadEducaciónFuturo 📚  https://t.co/VcKcvbz7VR","positive","neutral",NA
"1330475274392248322","psoe","La LOMLOE avanza en un modelo equitativo e inclusivo que garantiza educación para todos y todas.  Garantiza becas. Elimina segregación. Limita repeticiones. Nuevo currículo, avanzado y moderno.  🗣️ @luzseijo  #EquidadEducaciónFuturo 📚  https://t.co/1R4zeIf4Ls","positive","neutral",NA
"1330474251145650176","psoe","La LOMLOE da un salto enorme a un sistema equitativo, inclusivo, moderno y no segregador.  Hemos incorporado más de 300 enmiendas.  Da un paso enorme, y siempre en la tradición de diálogo y consenso sobre el sistema educativo.  🗣️ @luzseijo  #EquidadEducaciónFuturo 📚  https://t.co/kbgfPQwUxf","positive","positive",NA
"1330473055055998978","psoe","📡 Declaraciones de la portavoz de Educación, @luzseijo, sobre la nueva ley de #Educación #LOMLOE.  #EquidadEducaciónFuturo 📚  https://t.co/kt0CjXa7N9","positive","neutral",NA
"1330470078194847746","psoe","La #LOMLOE refuerza las medidas estructurales de equidad para:   🤲Ampliar la igualdad de oportunidades y reducir la segregación. 🤝Reforzar las garantías de gratuidad para combatir la pobreza infantil.   👩🏻‍🏫Incrementar las plazas en la red pública.   #EquidadEducaciónFuturo  https://t.co/vUCN8w0e1e","positive","neutral",NA
"1330463786717884417","psoe","Cuando el PP abandonó el gobierno, los recortes en la enseñanza pública eran 10 veces ➕que en la concertada.   ❌La #LOMCE evidencia el modelo educativo del PP:  promueve y ampara la privatización de lo público y de la ordenación de la oferta educativa.   #EquidadEducaciónFuturo  https://t.co/X1EcW1fSix","positive","negative",NA
"1330458502796611587","psoe","Los centros de educación especial 𝗡𝗢 𝗦𝗘 𝗩𝗔𝗡 𝗔 𝗖𝗘𝗥𝗥𝗔𝗥.  Señores del PP:  👉Dejen de jugar con la vulnerabilidad de las familias. 👉Dejen de engañar. 👉Dejen de enfrentar con algo tan delicado y sensible.  Es, simplemente, RUIN.  🌹@luzseijo  #EquidadEducaciónFuturo  https://t.co/dleLPV4Ls2","neutral","negative",NA
"1328296981077352448","psoe","Una mayoría parlamentaria abrumadora dijo SÍ a algo tan necesario como el trámite de los PGE.  Son los Presupuestos del PAÍS.  La situación que vive el país exige grandeza y generosidad.  🌹@abalosmeco   #PGEDePaís2021  https://t.co/brvl9olbg3","positive","neutral",NA
"1328296294893367296","psoe","La CEF valora positivamente el nuevo escenario político que se abre en España:  Una mayoría SIN PRECEDENTES rechazó las enmiendas de totalidad a los PGE.  198 votos de hasta 12 formaciones políticas distintas. Una votación políticamente importante.  🌹@abalosmeco   #PGEDePaís2021  https://t.co/FLyrH6smo7","positive","neutral",NA
"1328291084808687617","psoe","📡EN DIRECTO, desde #Ferraz, rueda de prensa telemática del secretario de Organización, @abalosmeco, tras la reunión de la Comisión Ejecutiva Federal.  #EnMarchaTodosUnidos 🌹  https://t.co/aRvVZrRPrr","positive","neutral",NA
"1328278616787083265","psoe","📹 Reunión semipresencial de la Comisión Ejecutiva Federal del #PSOE, encabezada por el presidente del Gobierno @sanchezcastejon.  La dirección socialista aborda la actualidad política.  #EnMarchaTodosUnidos  https://t.co/sVdgQNSupw","neutral","neutral",NA
"1328261290159185926","psoe","💃 Este año celebramos el #DíaInternacionaldelFlamenco en tiempos de pandemia. Todo nuestro apoyo y solidaridad para sus profesionales.  Hoy hace 10 años que fue reconocido por la @UNESCO Patrimonio Inmaterial de la Humanidad.  ¡Feliz #DíaInternacionaldelFlamenco con toda pasión!  https://t.co/Jkm0eK20u0","positive","positive",NA
"1328255573603782658","psoe","Hemos reducido en un 50% las entradas ilegales.  Estamos luchando contra las mafias con los gobiernos de origen y destino.  Son políticas bilaterales y europeas.  📺 Grande-Marlaska en ☕ @EspejoPublico   #EnMarchaTodosUnidos  https://t.co/xmHfropaJX","neutral","neutral",NA
"1328253574229483521","psoe","Los #PGE están orientados a la recuperación y transformación del país.  Lo importante es que TODO el mundo se sume. Son necesarios.  Han tenido el mayor apoyo parlamentario en su primer trámite.  📺 Grande-Marlaska en ☕ @EspejoPublico   #EnMarchaTodosUnidos  https://t.co/JNAjYnMIul","positive","positive",NA
"1328252301073584129","psoe","Cuando llegamos al Gobierno, trasladé a las asociaciones de víctimas del terrorismo la política penitenciaria: Aplicar la ley.  El Estado de Derecho venció a ETA y la ley se aplica de forma individualizada.  📺 Grande-Marlaska en ☕ @EspejoPublico   #EnMarchaTodosUnidos  https://t.co/mz0L7AjKeP","neutral","neutral",NA
"1328250944035971072","psoe","La tasa de delitos ha descendido desde que comenzó la pandemia un 13,5%.  Lo que sí aumentan son los delitos informáticos. Tenemos planes de ciberseguridad.  📺 Grande-Marlaska en ☕ @EspejoPublico   #EnMarchaTodosUnidos  https://t.co/Qub07emiHr","negative","neutral",NA
"1328250943792615426","psoe","La tasa de delitos ha descendido desde que comenzó la pandemia un 13,5%.  Lo que sí aumentan son los delitos informáticos. Tenemos planes de ciberseguridad.  📺 Grande-Marlaska en ☕ @EspejoPublico   #EnMarchaTodosUnidos  https://t.co/OcQYlzbeKG","negative","neutral",NA
"1328239631196966912","psoe","¡Buenos días! 🌞  Comenzamos el lunes con la entrevista al ministro del @interiorgob, Fernando Grande-Marlaska.   ⏰A partir de las 9:00h 📺En @EspejoPublico  No te lo pierdas, puedes seguirlo aquí  ▶️  https://t.co/9ofL68l7bi  #EnMarchaTodosUnidos  https://t.co/3ueEiAIkUJ","positive","neutral",NA
"1328083099780075521","psoe","🗣️ En un caso tan grave como la #Kitchen, es importante que declaren en el Congreso todos los responsables de aquel momento del #PP.   ❌El partido del Gobierno utilizó las instituciones para atacar a las propias instituciones y a la Justicia.   🌹 @Adrilastra   #comisiónKitchen  https://t.co/4jPPrpV0Oq","negative","negative",NA
"1328074291762630657","psoe","🗣️ Frente a los intentos de derribo, el Gobierno, en solo 1 año, ha superado pruebas difíciles:  👉 6 acuerdos en el diálogo social. 👉 Estado de alarma de 6 meses. 👉 Cogobernanza. 👉 Una moción de censura. 👉 Un debate a la totalidad de los PGE.   🌹@abalosmeco   #PGEDePaís2021  https://t.co/TYPBQgmcpT","neutral","negative",NA
"1328067245453443072","psoe","🗣️ Quien está bloqueando la reforma del CGPJ es el #PP.   👉 Vamos a paralizar la tramitación de nuestra ley unas semanas para intentar pactar.   Lo que está haciendo el PP con este bloqueo es incumplir la Constitución.   🌹@Adrilastra  #ReformaDesbloqueoCGPJ  https://t.co/1usYs1tqKn","positive","negative",NA
"1328061708724703232","psoe","🇺🇸 retoma la senda del multilateralismo y los consensos.   El futuro presidente hace que 🇪🇺 afiance la esperanza de volver a tener en Estados Unidos a ese gran socio y aliado estratégico con el que hacer frente a los retos globales.🌍   Lee el artículo👇  https://t.co/bgMv1FiFYj","positive","neutral",NA
"1328051775639851009","psoe","🗣️ Por primera vez tenemos 52 diputados de Vox orgullosos del franquismo. Miles de personas asesinadas, años de racionamiento, de hambre, de represión, de silencio, de dolor…   👉 Reivindican la obra de la dictadura sin complejos.   🌹@abalosmeco   #PorMemoriaDemocrática  https://t.co/ceGpObTds0","negative","neutral",NA
"1328043664975810561","psoe","🗣️ Se va a seguir estudiando en catalán y castellano en los colegios. Es absurdo decir lo contrario.   👉 Es un ataque de la derecha para frenar una ley, la #LOMLOE, que deroga la ley Wert y que fue nefasta para nuestra educación.   🌹 @Adrilastra   #PSOEConUnaEducaciónDeCalidad  https://t.co/snWQUIOBb4","negative","negative",NA
"1328032782292021248","psoe","¿Quieres saber cómo ha sido nuestra semana❓   No te pierdas el vídeo que hemos preparado con lo más destacado de una semana marcada por el rechazo en el @Congreso_Es de las enmiendas a la totalidad al proyecto de #PGEDePaís2021.   📽️Dale al ▶️  https://t.co/uOiBqgd1a3","neutral","neutral",NA
"1328019309650718721","psoe","🗣️ Un marco presupuestario con el que poder trabajar de verdad en la transición hacia un modelo productivo:   ➕ecológico🌿 ➕igualitario ♀️♂️ ➕cohesión de los territorios 🇪🇸 ➕moderno 🏭   👉 La derecha quiere despreciar esta oportunidad. 🌹@abalosmeco   #PGEDePaís2021  https://t.co/dLBckafR89","positive","negative",NA
"1328010230521884672","psoe","🗣️ Son unos PGE necesarios, progresistas, expansivos y afrontan la recuperación.   👉El #PSOE no va a vetar a nadie que quiera apoyar estas cuentas y espero que el resto de fuerzas políticas tampoco.   ❌No son unos PGE de partido. 💪Son #PGEDePaÍs2021.  🌹@Adrilastra  https://t.co/DGE8fxKi9c","positive","negative",NA
"1326490120208457729","psoe","Los indicadores muestran una recuperación progresiva en el tercer trimestre del año.  📈 En 2021, nuestra previsión es un crecimiento del PIB del 9,8%.  Gracias al de Plan de Recuperación, que moviliza 27.000 M€ ya en estos Presupuestos.  📊 @mjmonteroc   #PGEDePaís2021  https://t.co/mKv5gbul4O","positive","neutral",NA
"1320355594180661248","psoe","El estado de alarma es la herramienta constitucional para situaciones extremas. Y la situación es EXTREMA.   🚶🏽‍♂️ Se restringe la movilidad entre las 23h y las 6h.   Propondremos al Congreso extender el estado de alarma durante 6 meses.   🗣️ @sanchezcastejon   #EnMarchaTodosUnidos  https://t.co/W9SORD6mIz","positive","negative",NA
"1320354310153175040","psoe","El #CMin ha aprobado hoy decretar el estado de alarma en todo el país. Entrará en vigor esta misma tarde.  Este nuevo estado de alarma se aprueba a petición de 10 CCAA  y de la ciudad autónoma de Melilla.   La situación es grave.  🗣️ @sanchezcastejon   #EnMarchaTodosUnidos  https://t.co/Xc78ldbkdr","negative","negative",NA
"1320353160410636288","psoe","📡 EN DIRECTO, @desdelamoncloa, rueda de prensa del presidente del Gobierno @sanchezcastejon tras el #CMin extraordinario celebrado hoy.  #EnMarchaTodosUnidos    https://t.co/ywx1Hpzdyy","positive","neutral",NA
"1320340367926005761","psoe","Ánimo, @LauraRivado. Tienes todo nuestro apoyo, compañera.  Tolerancia, concordia, convivencia, entendimiento. Es la única forma de entender la democracia.  Los demócratas debemos atajar y condenar estas amenazas y los discursos del odio.","positive","negative",NA
"1320298555307888640","psoe","Huérfano. Pobre. Periodista. Parlamentario.  'Indalecio Prieto no merece ser desterrado de nuevo de su patria, sobre todo por el Ayuntamiento de la ciudad por la que tanto hizo'.  Enrique Barón reflexiona en 'El Socialista' sobre la retirada de su estatua.  https://t.co/eMxwL2KYuV  https://t.co/H8XgakIRtv","negative","negative",NA
"1320282259665178624","psoe","'La moción de la exhibición'.  Esta moción ha aislado parlamentariamente a Vox y ha servido para que toda 🇪🇸 tome conciencia de la invalidez del discurso de la ultraderecha.  #EspañaGanaPierdeVox  🗞️Lee el editorial de El Socialista🌹  https://t.co/slHGQggqiC","negative","neutral",NA
"1320088469503463424","psoe","🎬 El #PSOE presenta...  DEL CAMBIO CLIMÁTICO A LA LUZ VERDE 👏🏽👏🏽👏🏽👏🏽👏🏽👏🏽  ¡No te puedes perder la proyección que hemos realizado esta noche sobre nuestra sede de #Ferraz!  📽️  https://t.co/aGrEB8Nrdo  Espectacular broche final a nuestra jornada sobre #PlanLuzVerdePSOE💚   PSOE/💡  https://t.co/i1202HwPHA","negative","neutral",NA
"1320050672042004480","psoe","🗞️El #PSOE presenta su Plan de Transformación Ecológica y Digital para sus sedes y Casas del Pueblo.   Se trata de reducir la huella de carbono, modernizar y gestionar de un modo más sostenible el día a día💚   #PlanLuzVerdePSOE💡   👩‍💻Toda la información⬇️  https://t.co/ARUlFfXFXZ","positive","neutral",NA
"1320041360951406599","psoe","La @ONU_es celebra su 75º aniversario y queremos recordar su enorme importancia para la hermandad mundial, ahora también en tiempos de pandemia.   🌎🌏🌍Nos recuerda la enorme importancia de la solidaridad para poder construir un mejor futuro para todos, para el mundo.   #ONU75  https://t.co/r2CRLriJAG","positive","neutral",NA
"1320028526280658946","psoe","Las bibliotecas son ese espacio de cultura integradora que nos dan acceso al conocimiento. Nos ven lograr nuestros objetivos profesionales y cómo dejamos volar la imaginación a través de sus libros 📚   Nos acogen, ofreciéndonos un lugar mágico.   ¡Feliz #DíadelasBibliotecas2020!  https://t.co/5vqz9VZkq5","positive","positive",NA
"1320020045259509761","psoe","📰El #PSOE celebra con dignidad, memoria y reparación el I aniversario de la salida de los restos de Franco del Valle de los Caídos.  Hace un año, nuestro país terminó con una anomalía democrática, rendir honores a los restos de un dictador.  👩‍💻Más info👇  https://t.co/hf4XPTiwrO","neutral","negative",NA
"1320003361064710146","psoe","Hoy celebramos el I aniversario del final del enaltecimiento del dictador. Una gran victoria para la democracia.   DIGNIDAD. MEMORIA. REPARACIÓN.   🌹✊🏽   Hemos dignificado la memoria de los represaliados que aún están en el Valle, fosas y cunetas.   #DignidadyMemoriaDemocrática  https://t.co/sjNswfawjs","positive","neutral",NA
"1319984596164005888","psoe","Un #PSOE más ecológico y digital ♻️📗✅  Hoy hemos presentado el Plan de Transformación Ecológica y Digital con el que el partido se suma al reto global de lucha contra el cambio climático.  #PlanLuzVerdePSOE 💡💚  NO te pierdas el resumen del acto ▶️  https://t.co/6T0IzD4F3j","negative","neutral",NA
"1319974003386318848","psoe","El #PSOE reclama al #PP que se una a la lucha conjunta contra la pandemia. Hay UNA España que tiene que hacer frente unida a la COVID.  Convertir palabras en hechos: moderación, responsabilidad, diálogo.  Ya en nuestra web 👇🏽  https://t.co/K4Dov7Ii3H","negative","neutral",NA
"1319969392944439296","psoe","💡💚 #PlanLuzVerdePSOE:  Un partido sostenible y digital.  La lucha contra el #CambioClimático y la transición ecológica es uno de los ejes fundamentales de la acción de nuestro Gobierno y empieza YA 🌏  Tenemos un plan y 🖐️ proyectos.  https://t.co/wnjUcYlN6U  🎥 ¡Te lo contamos!  https://t.co/XyJeavERD7","negative","positive",NA
"1319956944183066624","psoe","Casado va a tener que demostrar que su ruptura con la ultraderecha es SINCERA.   Tiene que poner FIN a los bloqueos institucionales. Tiene que CUMPLIR con la Constitución.   💡💚 @abalosmeco   #PlanLuzVerdePSOE  https://t.co/OgHcMUFSKC","positive","neutral",NA
"1319955755097784321","psoe","La noticia de esta semana es que Pablo Casado ha salido de la cueva dando un portazo.   👉 Ha roto porque no le salían la cuentas.   ¿Es ahora cuando ha reparado en que Vox le quería comer la tostada?  💡💚 @abalosmeco   #PlanLuzVerdePSOE  https://t.co/bGgnt4W0zs","positive","negative",NA
"1319955085313646599","psoe","Algunos dicen que el ecologismo es volver a las cavernas.   Los socialistas no queremos volver ahí, porque viven algunos todavía hoy,  practicando una oposición insostenible, muy negra y bastante carbonizada:   La ultraderecha-cromañón.   💡💚 @abalosmeco  #PlanLuzVerdePSOE  https://t.co/BonjigbjFy","negative","negative",NA
"1319954929163829249","psoe","El cambio climático no se detiene y está afectando a todas las economías del mundo.   El plan de reconstrucción ha de poner los cimientos de la economía del siglo XXI.   💚 Una economía verde 🤝 Respetuosa ✅ Sostenible ♻️ Saludable.   💡💚 @abalosmeco   #PlanLuzVerdePSOE  https://t.co/9NukFnhxRD","positive","neutral",NA
"1319954371124318209","psoe","Somos coherentes con nuestros valores, con nuestros principios y con nuestra historia.   Y nos comprometernos en estar a la vanguardia de ese ecologismo inteligente, sensato y moderno.   Nos sobran ganas y determinación para llevarlo a cabo.   💡💚 @abalosmeco  #PlanLuzVerdePSOE  https://t.co/xeQANWqqNy","positive","positive",NA
"1317500304489959426","psoe","📌""El Plan A del Gobierno y del Grupo Socialista siempre ha consistido y consistirá en renovar el Consejo General del Poder Judicial mediante el consenso""  🗞️Interesante artículo de @SimancasRafael en @FSistema👇   https://t.co/c3SEjVFdIM  https://t.co/DmwUqFbRJC","positive","neutral",NA
"1317482248178982913","psoe","Tras la pandemia, no vamos a dejar la igualdad al curso natural de las cosas, y la brecha salarial es el reflejo de la suma de las discriminaciones que sufren las ♀️ en el mercado laboral.  🖋️Lee la Opinión de @carmencalvo_    https://t.co/gMVbJ2AFQG","negative","negative",NA
"1317447864222625793","psoe","🗞️El PSOE insiste en que el PP se siente con el Gobierno para renovar el CGPJ desde el diálogo.  @CristinaNarbona: Pedimos a Casado que deje de generar inquietud o recelos hacia 🇪🇸 en 🇪🇺 y se dedique a hacer limpieza en su partido.  Lee la noticia👇  https://t.co/wm543HsnQD","positive","negative",NA
"1317428316605919238","psoe","Además de la sentencia ratificada por el TS esta semana en relación con la Gürtel, están pendientes varias sentencias como la Kitchen.  Lo que ha dicho el Tribunal Supremo sobre la Gürtel es que ha habido corrupción sistemática en el PP.  🌹@CristinaNarbona   #EnMarchaTodosUnidos  https://t.co/ZQ8TA6i2jM","positive","neutral",NA
"1317427892444405760","psoe","Pedimos a Casado que deje de generar inquietud y recelos hacia la democracia en nuestro país ante 🇪🇺.  En lugar de hacer esa actuación tan poco patriótica que se dedique a hacer limpieza dentro de su partido.   🌹 @CristinaNarbona   #EnMarchaTodosUnidos  https://t.co/2I2fwogmR5","positive","negative",NA
"1317427658620284928","psoe","Desde el PSOE queremos reiterar la oferta de negociación para la renovación del CGPJ.  Se necesita diálogo para acabar con el bloqueo.  Esperamos que el PP, esta vez, SÍ sea capaz de alcanzar un acuerdo con el PSOE.  🌹 @CristinaNarbona   #EnMarchaTodosUnidos  https://t.co/C81KxuLFAC","positive","neutral",NA
"1317426181768122368","psoe","📡 Declaraciones de la presidenta del #PSOE, @CristinaNarbona, sobre la actualidad política.  #EnMarchaTodosUnidos  https://t.co/soP1THavth","positive","neutral",NA
"1317412137568972800","psoe","🌹Hace 170 años, tal día como hoy, nacía en Ferrol nuestro fundador, Pablo Iglesias Posse.  Gracias a ti llevamos 141 años defendiendo la libertad, la igualdad y la justicia social desde la política.  ✊🏽 “Los socialistas no mueren:los socialistas se siembran” Pablo Iglesias Posse  https://t.co/1AUTlqDGNG","positive","neutral",NA
"1317400982234537985","psoe","Las y los socialistas creemos en las instituciones y en la democracia por la que lucharon nuestros padres.   La lealtad con las instituciones es sinónimo de lealtad al sistema constitucional y por ende, a nuestra democracia.  Lee nuestro Editorial 👉  https://t.co/Ub3LIOzxho","positive","positive",NA
"1317389620196331521","psoe","Hoy se celebra el #CentenarioDelibes para recordar al gran literato español, pero también a la persona humanista, que amaba el campo y su tierra, Castilla.  📚Con melancolía e ironía fue capaz de retratar la propia vida. Nos queda un gran tesoro, su obra.  https://t.co/P52Jf8xBfP","positive","positive",NA
"1317377229735813120","psoe","🗞 “ Es clave garantizar unos recursos materiales mínimos a los hogares sin recursos que les permitan aprovechar las oportunidades vitales que se les presentan y puedan salir así del círculo de la pobreza”.  👇🏽 Artículo de @joseluisescriva en @eldiarioes    https://t.co/vXQoDxK4nz","negative","neutral",NA
"1317360445565636608","psoe","Tras la pandemia, se estima que más de un 1% de la población 🌍 caerá en la pobreza extrema.  Por eso, las y los socialistas seguiremos trabajando por erradicarla y eliminar la desigualdad y la pérdida de derechos que ello conlleva.  #DíaInternacionalparalaErradicaciónDeLaPobreza  https://t.co/vM6RcrX4wL","negative","negative",NA
"1317170192057798656","psoe","La crispación, el desaliento, la división y el cinismo no han construido ningún hospital, no han levantado una sola escuela y no nos van a ayudar contra la pandemia.   El único sentido de la política es resolver los problemas de la sociedad.   🌹@Adrilastra   #TodosSomosMadrid  https://t.co/5J3pZhEDY5","positive","negative",NA
"1317155404749676549","psoe","La obligación del Gobierno, de cualquier Gobierno, de cualquier administración, es frenar al virus, doblegar la curva de contagios y proteger la salud de los ciudadanos, los que viven en un mismo territorio y los que viven en otros vecinos.  🌹@salvadorilla   #TodosSomosMadrid  https://t.co/9r2ZeMWzFW","neutral","neutral",NA
"1317141137170354176","psoe","Creo en la política que practican miles de concejales, consejeros, alcaldes y presidentes que se desvelan por responder a los problemas.   Este tiempo necesita una política que eleve y dé ejemplo, no que ataque con crispación y extremismo.   🌹@Adrilastra   #TodosSomosMadrid  https://t.co/G4idblu8vE","neutral","neutral",NA
"1317122259006459905","psoe","El nivel de transmisión en Madrid era y es muy alto.   👉🏼 Hay transmisión comunitaria.  Se corría el riesgo de que la atención sanitaria colapsara.   🌹@salvadorilla   #TodosSomosMadrid  https://t.co/QZ7uizxdDY","negative","negative",NA
"1317094033265655809","psoe","Extra‼️ Extra‼️   Ya está aquí la Edición nº 82 de`El Socialista'🌹  🗞️Las últimas noticias de actualidad, curiosidades, contenidos exclusivos... 👇  https://t.co/NHzqPGcg8k  📩 Suscríbete y recibe cada viernes en tu mail toda la actualidad política.  https://t.co/FjwmZUmsc9  https://t.co/WY2hQUEujG","positive","neutral",NA
"1317081859977703424","psoe","El PP solo habla para un público: el extremismo que quiere atraer a su partido.   Aunque el precio sea el de arrastrar a su partido al extremismo.    🌹@Adrilastra   #TodosSomosMadrid  https://t.co/1grLxLNQbE","positive","negative",NA
"1317068773933735937","psoe","La obligación del Gobierno es frenar al virus, doblegar la curva de contagios, y proteger la salud de los ciudadanos.    El objetivo urgente era dar cobertura jurídica a las medidas adoptadas y evitar la difusión sin control del virus.   🌹 @salvadorilla  #TodosSomosMadrid  https://t.co/S10aMsJZh9","negative","neutral",NA
"1317050511007358979","psoe","❌No sabemos si Rajoy miente o ha perdido el sentido de la realidad. En vez de asumir su responsabilidad y pedir perdón, lanza #FakeNews.   La #comisiónKitchen arrojará luz sobre el entramado parapolicial montado por el gobierno del #PP para tapar sus comisiones ilegales.  https://t.co/oeCB3RMFlk","negative","negative",NA
"1316814598964604928","psoe","📢 Atención, atención‼️   Mañana llega una NUEVA edición de ""El Socialista""🌹  📩 Suscríbete y recibe cada viernes en tu mail toda la actualidad política 👇  https://t.co/FjwmZUE33H  Descarga nuestra App: 📲Android:  https://t.co/vzAZJZJDY2 📲iOS:  https://t.co/ES3nlamjTf  https://t.co/7gpcmbyNv1","negative","neutral",NA
"1314545911415148550","psoe","La paciencia tiene un límite. No hay más ciego que el que no quiere ver.  El Gobierno decreta el estado de alarma en #Madrid durante 15 días.  Se trata de que que virus no se propague y de proteger la salud de los madrileños.  🗣️ @salvadorilla   #CMin #EnMarchaTodosUnidos  https://t.co/OdGD6x2KxE","positive","neutral",NA
"1314545489631731713","psoe","Los hechos son claros.  Hoy, la presidenta de #Madrid ha decidido no hacer nada.  Podemos cruzarnos de brazos o luchar contra el virus.  En Madrid, hay transmisión comunitaria. La atención sanitaria corre riesgo de verse desbordada.   🗣️ @salvadorilla   #CMin #EnMarchaTodosUnidos  https://t.co/5cTKZa2726","neutral","negative",NA
"1314542158850949121","psoe","📡 EN DIRECTO, rueda de prensa del ministro de @sanidadgob y del ministro de @interiorgob tras el #CMin que ha abordado la situación epidemiológica en Madrid.   https://t.co/C7W3gE6GSa","neutral","neutral",NA
"1314504376086663169","psoe","Debemos reforzar la cohesión económica, social y territorial para crear una sociedad más justa y resiliente.   Para ello, hay 3 objetivos clave:   1️⃣ El cierre de brechas sociales y territoriales 2️⃣ El desarrollo del medio rural 3️⃣ La justicia intergeneracional   #PlanEspañaPuede  https://t.co/GZMyFYOEqa","positive","neutral",NA
"1314499594684968961","psoe","Hay 2 cifras que visualizan el enorme impacto positivo económico de la inversión pública y el efecto multiplicador de este Plan:  👉Impacto adicional en el PIB de más de 2,5 puntos anuales. 👉Creación de más de 800.000 nuevos puestos de trabajo.  #PlanEspañaPuede  https://t.co/EoOm4rSDow","positive","neutral",NA
"1314490066488745985","psoe","Es innegable que hay una campaña política de acoso y derribo al Gobierno.  No han entendido los resultados electorales.  📺 @Ander_Gil en @elprogramadear   #EnMarchaTodosUnidos  https://t.co/8W1dzUZkq8","negative","negative",NA
"1314484721833979905","psoe","La lucha contra el virus debe quedar fuera de la lucha partidista.  El problema es la utilización política de la pandemia.  Debe haber acuerdo. Como lo hubo, por mayoría, en el Consejo Interterritorial de Salud.  📺 @Ander_Gil en @elprogramadear   #EnMarchaTodosUnidos  https://t.co/ou9Pj49zou","negative","negative",NA
"1314483760629456897","psoe","El enemigo común es el virus. Y hay que utilizar las herramientas que sean necesarias.  No debe ser una contienda entre partidos, ni un debate jurídico.  Se trata de llegar a acuerdos para frenar el virus.  📺 @Ander_Gil en @elprogramadear   #EnMarchaTodosUnidos  https://t.co/LBW9UEkmDn","negative","neutral",NA
"1314480863489523712","psoe","Estamos ante un lío monumental por la actuación del gobierno de #Madrid que antepone su interés a la salud de los ciudadanos.  La presidenta Ayuso recurrió medidas que han aprobado otras CCAA y que fueron consensuadas.  📺 @Ander_Gil en @elprogramadear   #EnMarchaTodosUnidos  https://t.co/jeazF3O3zr","neutral","negative",NA
"1314451276231372801","psoe","¡Buenos días!  ☕️ y 📺  Esta mañana, el portavoz del @gpssenado participa en la tertulia del @elprogramadear en @telecincoes.  📺 @Ander_Gil  ⏰ A partir de las 10:00h  ➡️  https://t.co/Z2FV4zBYeE  #EnMarchaTodosUnidos  https://t.co/kA28y90GKb","positive","neutral",NA
"1314303334224928768","psoe","Tenemos que terminar con el bloqueo que ha impuesto el PP a los órganos constitucionales.  No podemos mantener un CGPJ con sus vocales caducados desde hace 2 años.  📻 @SimancasRafael   #EnMarchaTodosUnidos","negative","negative",NA
"1314302278426337290","psoe","El Gobierno va a presentar unos PGE expansivos.  Son los que necesita el país. Esperamos el apoyo de la mayoría de fuerzas parlamentarias.   📻 @SimancasRafael   #EnMarchaTodosUnidos","positive","neutral",NA
"1314300994688229376","psoe","La prioridad del Gobierno es velar por la salud de los madrileños y madrileñas.   👉🏼 Las cifras están ahí.   Tenemos una pandemia fuera de control en la Comunidad de Madrid.  📻 @SimancasRafael   #EnMarchaTodosUnidos","positive","negative",NA
"1314300080447320064","psoe","Estamos en la fase de cogobernanza.  El Gobierno de España ha actuado siempre pensando en la salud de los madrileños y madrileñas, siempre conforme a criterios científicos.  📻 @SimancasRafael   #EnMarchaTodosUnidos","positive","neutral",NA
"1314271216723689473","psoe","Esta noche, no te pierdas la entrevista del secretario general del @gpscongreso, a partir de las 22:00h.  🗣️ @SimancasRafael  📻 @24horas_rne   👉  https://t.co/m1p1S3JGZH  #EnMarchaTodosUnidos  https://t.co/kkUgUghccU","positive","neutral",NA
"1314259764378054660","psoe","🌹 🗞️ Mañana tenemos nueva edición de 'El Socialista', el histórico periódico de Pablo Iglesias Posse.  'El Socialista' es pasión por los valores universales progresistas.  ⚖ Justicia. 👫 Igualdad. 🏛 Democracia.  ✊ Suscríbete:  https://t.co/FjwmZUmsc9  https://t.co/pwvVRTydxd","positive","neutral",NA
"1314240727728222211","psoe","🗞️ La defensa de los valores democráticos implica respetar la historia y las leyes.  L@s socialistas seguiremos trabajando en favor de la verdad y la reparación de las víctimas. No cejaremos en el empeño de mantener la dignidad en el callejero de Madrid.   https://t.co/Zx1XGLVMaO","positive","neutral",NA
"1314227048844455938","psoe","Modernización del sistema fiscal para un crecimiento inclusivo y sostenible.   👉 Debemos tomar medidas para mejorar la eficacia y eficiencia del gasto público.   ✅ Asegurar la sostenibilidad del sistema público de pensiones.   #PlanEspañaPuede  https://t.co/G3hGlXKK2r","positive","neutral",NA
"1314224280574590976","psoe","🎼 La pandemia ha revelado la vulnerabilidad de la industria cultural. Impulsaremos su revalorización en todos sus sectores apoyando la nueva economía digital.  🏆 También al deporte cuyo potencial interior y exterior es una ventaja competitiva de nuestro país.   #PlanEspañaPuede  https://t.co/pF5fFocsqJ","positive","neutral",NA
"1314221763874619393","psoe","La pandemia ha demostrado la necesidad absoluta de situar a las personas en el centro de la economía, asegurando que nadie queda atrás🤝  Sobre todo a nuestros mayores 👵🏻👴🏻  Debemos legarles unos servicios de atención mucho más adaptados a sus necesidades.  #PlanEspañaPuede  https://t.co/awLnYSr3kn","positive","neutral",NA
"1313080429029797889","psoe","El PP de Castilla y León aplica criterios sanitarios para confinar mientras que el PP de Ayuso y de Casado va a la deriva.  El PP está descabezado.  🌹 @santicl   #EnMarchaTodosUnidos  https://t.co/o8mkHocq3W","neutral","negative",NA
"1313079623580872704","psoe","Algunos quieren llevar los debates a la antipolítica.  Aznar, en eso, es especialista. No respeta las instituciones que un día presidió y el PP no está respetando la Constitución.  🌹 @santicl   #EnMarchaTodosUnidos  https://t.co/r4nc2OjqRi","positive","negative",NA
"1313077956143722497","psoe","En #Madrid, la prioridad es actuar por la salud de la ciudadanía.   ""No vamos a confinar al 100% de los madrileños para salvar al 1%” ➡️ Una frase que nos parece muy grave.  Debemos actuar con sentido común y criterios científicos.  🌹 @santicl   #EnMarchaTodosUnidos  https://t.co/vYVX8r0t4u","negative","negative",NA
"1313077456983781377","psoe","Queremos robustecer las instituciones, a la vista del seguidismo que hace el PP a Vox.  El PP bloquea la renovación de los órganos constitucionales y no cumple la Constitución.  ❌ No se puede ser constitucionalista de boquilla.  🌹 @santicl   #EnMarchaTodosUnidos  https://t.co/k8n0PVEx26","positive","negative",NA
"1313076319421444097","psoe","Ratificamos nuestro compromiso y el del Gobierno con los #ayuntamientos.  Vamos a fortalecerlos, tras su esfuerzo para luchar contra la pandemia.  Se suspenderá la regla de gasto.  🌹 @santicl   #EnMarchaTodosUnidos  https://t.co/A3oh8utI41","negative","neutral",NA
"1313075855833419776","psoe","El miércoles se presentan las reformas necesarias para la modernización que necesita el país.  Un Plan con varios pilares:  ♻️ Transición ecológica 💻 Digitalización 🤝 Cohesión social y territorial 🙋🏽‍♀️ Igualdad  Esta es la agenda que preocupa.  🌹 @santicl   #EnMarchaTodosUnidos  https://t.co/MLzrTUdVLh","positive","neutral",NA
"1313061356527116289","psoe","📡 Rueda de prensa telemática desde #Ferraz tras la reunión de la Comisión Ejecutiva Federal que ha presidido @sanchezcastejon.  🌹 Comparece @santicl ⏰a partir de las 13:00h.  DIRECTO➡️  https://t.co/7jmPSR9rbZ  #EnMarchaTodosUnidos  #NadieSeQuedaAtrás /❤️  https://t.co/38dRqAKbzG","positive","neutral",NA
"1313053556027666435","psoe","No podemos permitirnos el bloqueo constitucional.  La Constitución está para que se cumpla y la renovación del CGPJ lleva ya 2 años de retraso.  📻 @Jccampm en @MasDeUno    #BloqueoPPInstitucional  https://t.co/H7uGMAmRvJ","negative","negative",NA
"1313053483776577536","psoe","No se puede parar el reloj de la democracia.  Las instituciones constitucionales deben renovarse de inmediato y el PP debe avenirse al buen entendimiento.  📻 @Jccampm en @MasDeUno   #BloqueoPPInstitucional  https://t.co/ZHmPGnLRXU","positive","neutral",NA
"1313044899760164865","psoe","🌹 Reunión telemática de la Comisión Ejecutiva Federal del #PSOE, encabezada por el secretario general y presidente del Gobierno, @sanchezcastejon.  Se analizará la actualidad política y la situación de la pandemia en España.   #EnMarchaTodosUnidos  https://t.co/tY8q4r1MST","positive","neutral",NA
"1313009710153560065","psoe","📚La educación es un derecho fundamental que hace posible otros muchos derechos. El mejor instrumento para avanzar hacia el progreso y la cohesión social.  Reivindicamos el papel determinante de las y los docentes en nuestro sistema educativo.  👩‍🏫#DiaMundialDeLosDocentes👩‍🏫  https://t.co/cHXICl1vgV","positive","neutral",NA
"1313000200806465536","psoe","🌞 ¡Buenos días! 🌞  ⏰ A partir de las 9:00 h  📻 No te pierdas la entrevista del ministro de @justiciagob, @Jccampm en @MasDeUno.  #EnMarchaTodosUnidos  https://t.co/AR9A8U2Ym3","positive","neutral",NA
"1312845807431938048","psoe","Nos ha dejado Juan Romero, último superviviente español de los crueles campos de concentración nazis, donde fue un firme defensor de la libertad y la democracia.  Gracias por luchar contra la barbarie del fascismo.  Nuestro cariño a sus familiares y amigos.  https://t.co/dca58eLkzq","positive","negative",NA
"1312835881951092736","psoe","Para afrontar la crisis económica, social y sanitaria provocada por la pandemia necesitamos instituciones a pleno rendimiento.   ‼️Exigimos que el PP vuelva a la senda constitucionalista y democrática de derecho. ¡No al bloqueo de las instituciones!   #BloqueoPPInstitucional  https://t.co/jVI8Civ77v","negative","negative",NA
"1312803921363165186","psoe","¡Repasa la actualidad socialista 🌹 más reciente!   🎞️Ya está aquí nuestro resumen semanal.   La aprobación de la comisión de investigación de la #OperaciónKitchen o la extensión de los #ERTE y ayudas a autónomos, entre otros, en 5 minutos.   👉 https://t.co/IX7PbAXNmE  https://t.co/K8kcAeQEz3","neutral","neutral",NA
"1312783788687028229","psoe","Esta semana, en 🌹""El Socialista"", @IratxeGarper analiza la crisis generada por la Covid-19, que afecta a #España y #UE, y la gestión de los socialistas europeos.   ""Esperamos que en 2021 la economía vuelva a crecer.""   Lee la entrevista completa aquí 👇👇  https://t.co/chkDFvVlKZ","negative","neutral",NA
"1312747902339514369","psoe","🌹 Ofrenda floral a Clara Campoamor con motivo de la celebración, el 1 de octubre, del 89 aniversario de su discurso en defensa del derecho al voto de la mujer.   💜 Un homenaje para recordar su contribución a nuestra historia democrática.  https://t.co/aPsL1JvBNU","positive","neutral",NA
"1312711961575071744","psoe","📌“Parar este virus es nuestro único objetivo, aun cuando otros han entendido que el suyo era el acoso sin tregua al Gobierno de España”  Lee la nota completa de las declaraciones de @carmencalvo_ hoy en nuestra web👇  https://t.co/tdJ68IUj8s","neutral","negative",NA
"1312688073424150528","psoe","La obligación principal del Gobierno y de las instituciones tiene que ser salvar vidas y proteger la salud.   👉 Sin salud no hay economía.  Tenemos la mano tendida, la coordinación permanente. Nuestro objetivo es parar este virus.  🌹 @carmencalvo_  https://t.co/tu3PVBgCSP","positive","neutral",NA
"1312687550734258177","psoe","La mejor política es la del compromiso, la de la razón y la del cumplimiento.  No entendemos, como en tantas ocasiones, como quienes frente a esta pandemia utilizan el juego de la política, particularmente en lugares donde más se ceba como Madrid.   🌹 @carmencalvo_  https://t.co/XalvJiaE01","negative","negative",NA
"1310683004877107206","psoe","El Gobierno de la CAM está obligado a actuar.  Es contradictorio pedir al Gobierno que ejerza la autoridad, y después, negarse a seguir las recomendaciones que este hace.  📺 @abalosmeco en @Lanoche_24h  https://t.co/2UAlifsA5I","negative","negative",NA
"1310682078309224449","psoe","La movilidad debe estar adaptada a las necesidades y situaciones del momento.  En el peor momento de la pandemia conseguimos garantizar el abastecimiento de la población y contribuimos a que el virus no se propagara.  📺 @abalosmeco en @Lanoche_24h  https://t.co/1SFV6opKIb","negative","neutral",NA
"1310679376225284096","psoe","No es normal que este mandato constitucional, como es la renovación de los órganos, no se produzca porque hay un partido que se opone.   No es legítimo el bloqueo constitucional.  📺 @abalosmeco en @Lanoche_24h  https://t.co/G9tuIDo1RF","neutral","negative",NA
"1310668742863589378","psoe","Es necesario que se contrate más personal sanitario en Madrid.  Gobierno y CCAA, en junio, consensuaron el plan de atención temprana para hacer frente a eventuales empeoramientos de la pandemia.   📻 @CristinaNarbona en @CanalSurRadio","neutral","neutral",NA
"1310667227562156033","psoe","Las medidas tomadas por la CCAA de Madrid son insuficientes.  Esto no es un problema ideológico, hay que luchar contra el #Covid19.  📻 @CristinaNarbona en @CanalSurRadio","neutral","negative",NA
"1310665604752310273","psoe","La situación en la CAM es grave, tienen que escuchar a los científicos.  El Gobierno viene advirtiendo de la necesidad de establecer medidas más restrictivas.  📻 @CristinaNarbona en @CanalSurRadio","negative","negative",NA
"1310664434638086154","psoe","Se tiene que abrir un tiempo nuevo en Cataluña donde los ciudadanos se manifiesten en las urnas.  Se supera una etapa de bloqueo.  📻 @CristinaNarbona en @CanalSurRadio","neutral","negative",NA
"1310662081927098368","psoe","Hemos decidido comprar al menos 7 vacunas.  Solo si superan los análisis podremos empezar a administrar con criterios de seguridad, eficacia y bajo las leyes europeas de medicamentos.  📺 @salvadorilla en @telediario_tve  https://t.co/oo7QycBJyO","positive","neutral",NA
"1310661171649884160","psoe","No es una batalla ideológica. Es una batalla contra el virus.  Estoy trasladando a la CCAA de Madrid las recomendaciones de los expertos.  Espero que en las próximas horas se produzca la revisión correspondiente de las medidas.  📺 @salvadorilla en @telediario_tve  https://t.co/ULRFGp6tS2","negative","neutral",NA
"1310660704781971456","psoe","Son recomendaciones técnicas y científicas.  Hay que actuar con una mayor determinación para contener el virus. Esperamos que la CAM revise los datos.   El Gobierno no viene a tutelar ni a imponer, viene a ayudar.  📺 @salvadorilla en @telediario_tve  https://t.co/XjzJxArIYU","positive","neutral",NA
"1310660303533867008","psoe","Madrid tiene transmisión comunitario y la pandemia está fuera de control.  Se tienen que adoptar medidas específicas.   👉 Hay que controlar la pandemia y actuar con rapidez.  📺 @salvadorilla en @telediario_tve  https://t.co/13yxGlypXd","neutral","negative",NA
"1310652243499266049","psoe","🙋‍♀️ Esta noche, no te pierdas la entrevista al ministro de @mitmagob, José Luis @abalosmeco, en @Lanoche_24h.  ⏰ A partir de las 22:00h 🔗Puedes seguirlo aquí:  https://t.co/qIfKMkbSkQ  #EnMarchaTodosUnidos  https://t.co/LYtPw7KhYk","neutral","neutral",NA
"1310648720405524480","psoe","📢Esta noche no te pierdas la entrevista a nuestra presidenta, @CristinaNarbona, en @ElMiradorCSR.   ⏰ A partir de las 21:30h 🔗Síguelo aquí:  https://t.co/gaq9qoSBPo  #EnMarchaTodosUnidos  https://t.co/bSQHYkPAnk","neutral","neutral",NA
"1310644442278195202","psoe","📢Esta noche no te pierdas la entrevista al ministro de @sanidadgob, Salvador Illa, en el @telediario_tve.  ⏰ A partir de las 21:00h 🔗Síguelo aquí:  https://t.co/q879oH0IQK  #EnMarchaTodosUnidos  https://t.co/1YHH61BDmH","negative","neutral",NA
"1310643496445976576","psoe","Como parte de la ronda de contactos con los grupos parlamentarios, arranca la reunión de nuestra vicesecretaria General, @Adrilastra 🌹, y la vicepresidenta 1ª y ministra de @M_Presidencia, @carmencalvo_ 🌹.  Un encuentro en el que tratarán, entre otros, asuntos legislativos.  https://t.co/kBAyAonVvV","positive","neutral",NA
"1310626901187231744","psoe","🤔¿Quieres plantear una duda y que un responsable del PSOE te responda❓  📬Envíala a nuestro buzón ´El Socialista´ a través del formulario que encontrarás en el siguiente enlace👇  https://t.co/DNPVd9PJFs  También podrás leer aquí las respuestas a las consultas de otros lectores.","negative","neutral",NA
"1310611476546293760","psoe","La prostitución representa una flagrante violación de los derechos humanos de mujeres, niñas y niños, por ello el PSOE apuesta firme y decididamente por su abolición.  ✍️ Lo explica @Ruben_MR_, secretario de Igualdad del @PSPV_LaMuntanya, en su artículo👇   https://t.co/4XRORnz5Zr","negative","negative",NA
"1310601254561886208","psoe","💡💚Os invitamos a participar en nuestra webinar ECOnversaciones: ""Retos del teletrabajo"" 💻  📆 El 30 de septiembre. ⏰ A las 18:00h. 🗣️ Con Toni Ferrer, Rosa Santos, Martín Hermoso.  ¡No te lo pierdas!   https://t.co/CzkrhxAsYl  https://t.co/E6IlywRAu4","positive","neutral",NA
"1310576546571333633","psoe","📰Sucedió en... 1944  En septiembre del 44, tras el fin de la Guerra Civil, tuvo lugar en la ciudad francesa de Toulouse el primer congreso celebrado por el #PSOE en el exilio, el décimo cuarto en la historia del partido.   👇 Así lo contó El Socialista 🌹  https://t.co/XbLElHNBig","negative","neutral",NA
"1310574998709567488","psoe","🗞️No te pierdas la entrevista de @joseluisescriva en @65ymuchomas sobre el futuro de las pensiones.  ""Lo importante es crear un sistema que asegure que, pasados los años, las pensiones mantienen su poder adquisitivo con arreglo al IPC.""  👉 https://t.co/EwEXEcM6mL","positive","neutral",NA
"1307420448498618369","psoe","Nuestra vicesecretaria general y portavoz del @gpscongreso, @Adrilastra, intervendrá mañana domingo en un acto público en Alcalá de Henares.   Podréis seguirlo en directo en nuestros canales. 📡  ⏰12:00 horas.   #EnMarchaTodosUnidos 🤝  https://t.co/dVAWWXDIU2","positive","neutral",NA
"1307414231843774465","psoe","La ciencia va a dar una pronta respuesta a la pandemia y habrá vacuna entre diciembre y enero.  Mientras tanto:  Responsabilidad. Lavado de manos. Distancia social. Mascarillas.  📺 @sanchezcastejon   #L6Nalertacontagios  https://t.co/iERZKExUfE","positive","neutral",NA
"1285846820162281474","psoe","¡Qué pena que la derecha española esté tremendamente triste por el acuerdo histórico que ha logrado España en Europa!.  Han estado horadando la credibilidad del Gobierno para lograr un Fondo imprescindible para el país.  🏛️ @mjmonteroc   #SesiónDeControl #EnMarchaTodosUnidos  https://t.co/GkZRkuFzA2","neutral","negative",NA
"1285845104285163520","psoe","En Vox no se creen ni el Estado de Derecho, ni la separación de poderes, ni la independencia del Ministerio Fiscal.  Este Gobierno se cree la Constitución.  🏛️ @Jccampm   #SesiónDeControl #EnMarchaTodosUnidos  https://t.co/j2bPEOytpc","positive","neutral",NA
"1285840407675502593","psoe","El Gobierno no está en una reforma de la envergadura de la forma de Estado.  La jefatura del Estado no está en cuestión en este país.  No inventemos situaciones.  Lo demás se dilucida en el marco del Estado de Derecho.  🏛️ @carmencalvo_   #SesiónDeControl #EnMarchaTodosUnidos  https://t.co/nH0SHSLkHX","positive","neutral",NA
"1285839224881713154","psoe","Para el Gobierno, defender la Constitución es desarrollarla.  Ustedes, que llegaron tarde, pretenden patrimonializar la Constitución. Su visión es excluyente.  Menos mal que España es una gran democracia.  🏛️ @carmencalvo_   #SesiónDeControl #EnMarchaTodosUnidos  https://t.co/eRNb5H0kFh","negative","negative",NA
"1285838208803250176","psoe","El Gobierno de España ha logrado un éxito para el país.  Un acuerdo en Europa que no podemos conseguir aquí...Difícil, con un #PP que se mimetiza con la ultraderecha.  Hace falta lealtad institucional y echar una mano.  🏛️ @sanchezcastejon   #SesiónDeControl #EnMarchaTodosUnidos  https://t.co/U5aTNrSti0","positive","negative",NA
"1285837616005492736","psoe","El Gobierno de España mantiene la hoja de ruta marcada en la investidura.  Cuando pactamos los socialistas y el #PNV, gana España y gana Euskadi.  🏛️ @sanchezcastejon   #SesiónDeControl #EnMarchaTodosUnidos  https://t.co/glTgZ1VE3o","negative","neutral",NA
"1285837265810448385","psoe","El resultado de la negociación en el #EUCO ha sido extraodinaria.  Sr. Casado, ¿su aportación? : INEXISTENTE. No ha hecho nada para arrimar el hombro.  El acuerdo es un 95% satisfactorio para España. Su aportación: 0%.  🏛️ @sanchezcastejon   #SesiónDeControl #EnMarchaTodosUnidos  https://t.co/WLYhwVfJRP","positive","negative",NA
"1285833762140573697","psoe","Aplausos para el presidente @sanchezcastejon a su entrada en el hemiciclo del @Congreso_Es por el acuerdo histórico del #EUCO en Bruselas para el Fondo europeo de Recuperación.  👏🏻👏🏻👏🏻👏🏻👏🏻👏🏻  #Pleno 🏛️ #SesiónDeControl  #EnMarchaTodosUnidos  https://t.co/22i46Vcp9k","positive","neutral",NA
"1285826874380255237","psoe","🏛️ Hoy, a partir de las 9:00h, en el @Congreso_Es, nueva sesión plenaria:  - #SesionDeControl al Gobierno. - Votación de los dictámenes de la Comisión de Reconstrucción Social y Económica y de un RDL de medidas económicas.  #Pleno #EnMarchaTodosUnidos  https://t.co/Liayl2t4HT","negative","neutral",NA
"1285818065788248065","psoe","¡Buenos días! ☕️  Esta mañana, a partir de las 9:15h, la ministra de @MAECgob estará en @telecincoes con @anaterradillos.  🎙️ @AranchaGlezLaya  📺 @elprogramadear   ▶️  https://t.co/Z2FV4zknn6  #EnMarchaTodosUnidos  https://t.co/OtVIpiFDCt","positive","neutral",NA
"1285679789387378688","psoe","Acuerdos se han cerrado muchos con otras fuerzas parlamentarias. Hay 60 enmiendas transaccionales.  Pero, globalmente, hemos perdido la enorme oportunidad de demostrar que la política es pactar y acordar.  Hace 40 años se pudo.   🎙️ @patxilopez  📻 @hora25   #EnMarchaTodosUnidos","positive","negative",NA
"1285678807496744964","psoe","El Gobierno ha cedido y se ha acercado a las posiciones del #PP para buscar el acuerdo.  Para empezar, se creó una comisión parlamentaria.  Hemos acercado posiciones. ¿Ha servido para algo? No. No se han movido de la estrategia.  🎙️ @patxilopez  📻 @hora25   #EnMarchaTodosUnidos","positive","neutral",NA
"1285678183157817347","psoe","La política con MAYÚSCULAS busca los acuerdos. Otra política es la que obedece a estrategias electorales.  El #PP ha mantenido una estrategia electoral. ¿Qué han hecho para mejorar la vida de la gente?  Acordar es de valientes.  🎙️ @patxilopez  📻 @hora25   #EnMarchaTodosUnidos","positive","neutral",NA
"1285663879884951552","psoe","Rotunda condena de la #ViolenciaDeGénero, que sigue causando la muerte de mujeres.  Tras 9 días luchando por su vida tras la paliza de su pareja, ha muerto otra mujer en #Palma.  Acabemos con la #ViolenciaMachista.  #BastaYa #NiUnaMenos     👩🏻‍💻016-online@igualdad.gob.es  📲 016  https://t.co/4DTR0nXUbX","negative","negative",NA
"1285638587648815105","psoe","📊 Cronología actualizada sobre la evolución de la #Covid_19, a 21/07/2020.   🧐 Ya puedes leer en nuestra web los datos ofrecidos por @sanidadgob.  #EnMarchaTodosUnidos   ⬇️   https://t.co/urdqQn4QRr","neutral","neutral",NA
"1285630448186675202","psoe","Medidas urgentes en el ámbito social y económico para hacer frente al #COVID19:  Se extienden hasta el 30 de septiembre las principales medidas para asegurar que los hogares vulnerables tienen garantizados sus derechos mientras dure la pandemia.   #Pleno 🏛️ #EnMarchaTodosUnidos  https://t.co/Oo46mEwTdr","positive","neutral",NA
"1285619343120891905","psoe","La ampliación hasta finales de septiembre de las medidas  de protección social tiene como objetivo salvaguardar a los más vulnerables.  Hay razones de necesidad y de urgencia.   🏛️ @abalosmeco   #Pleno #EnMarchaTodosUnidos  https://t.co/UpZ5MpqtYn","positive","neutral",NA
"1285618813912965120","psoe","El RDL contiene medidas para impulsar el parque de viviendas a precio asequible o social.  Se prorroga el bono social eléctrico, la moratoria hipotecaria y la garantía de suministros de gas y luz hasta el 30 de septiembre.  🏛️ @abalosmeco   #Pleno #EnMarchaTodosUnidos  https://t.co/nVhnDyWRfN","positive","neutral",NA
"1285614823867387905","psoe","Las medidas para el sector privado del transporte y por las tasas aeroportuarias alcanzan un valor de más de 600 M€ para dar respuesta al impacto del #COVID19.  🏛️ @abalosmeco   #Pleno #EnMarchaTodosUnidos  https://t.co/TY7smc9LJa","positive","neutral",NA
"1285613369215586305","psoe","📡 EN DIRECTO, desde el @Congreso_Es, intervención del ministro de @mitmagob, @abalosmeco, en la convalidación del RDL que extiende el escudo social.  #Pleno #EnMarchaTodosUnidos   https://t.co/7u8QymDGP7","neutral","neutral",NA
"1283011708278185986","psoe","El jueves se celebrará la ceremonia de Estado por las víctimas del #COVID19.  Presidido por el Rey. Asistirán autoridades europeas y nacionales.  Acto de solidaridad con los familiares y los amigos de las personas fallecidas.  🗣️ @mjmonteroc   #CMin #EnMarchaTodosUnidos  https://t.co/SWt7shDEgF","positive","neutral",NA
"1283010572016132096","psoe","📡 EN DIRECTO, @desdelamoncloa, rueda de prensa de la ministra portavoz @mjmonteroc y del ministro de @sanidadgob, @salvadorilla tras la reunión de hoy del Consejo de Ministros.  #CMin #EnMarchaTodosUnidos   https://t.co/Tnl6kuFpRF","positive","neutral",NA
"1282972317719490563","psoe","Las elecciones vascas y las gallegas fueron autonómicas. El Gobierno no se presentaba a esos comicios.  El #PSOE ha crecido en ambos territorios.  Nuestra hoja de ruta sigue intacta para toda la legislatura.  🎙️ @carmencalvo_  📻@LasMananas_rne   #EnMarchaTodosUnidos  🔊▶️  https://t.co/CYbuRU7e7H","negative","neutral",NA
"1282972276720312320","psoe","Estamos reaccionando bien con los rebrotes.  El Gobierno apoyará a las CCAA.  Hay legislación suficiente. Pero se podría mejorar la legislación actual ante un cambio de escenario.  🎙️ @carmencalvo_  📻@LasMananas_rne   #EnMarchaTodosUnidos  🔊▶️  https://t.co/e9F6pcFzG3","positive","neutral",NA
"1282940602166980608","psoe","El presidente @sanchezcastejon no está parando para conseguir que Europa salga bien de esta crisis sanitaria. Hoy se entrevista con #Merkel.  No es fácil. Europa está obligada a una respuesta común, justa y solidaria.  🎙️ @carmencalvo_  📻 @LasMananas_rne   #EnMarchaTodosUnidos  https://t.co/ueuU3szKKj","positive","neutral",NA
"1282940013563514882","psoe","Las elecciones vascas y las gallegas fueron autonómicas. El Gobierno no se presentaba a esos comicios.  El #PSOE ha crecido en ambos territorios.  Nuestra hoja de ruta sigue intacta para toda la legislatura.  🎙️ @carmencalvo_  📻 @LasMananas_rne   #EnMarchaTodosUnidos  https://t.co/xvI5x056LW","neutral","neutral",NA
"1282939196894785536","psoe","Coordinación y unidad.  Es la fórmula para vigilar permanentemente la evolución delos rebrotes.  Las CCAA cuentan con el apoyo del Gobierno.  Está en estudio un escenario para mejorar la legislación actual.  🎙️ @carmencalvo_  📻 @LasMananas_rne   #EnMarchaTodosUnidos  https://t.co/jTpDet2d0m","positive","neutral",NA
"1282937962225905664","psoe","Las decisiones políticas, envueltas siempre en el Estado de Derecho, se toman en base a los criterios sanitarios de los expertos.  El Gobierno tomará decisiones si es necesario. De momento, las CCAA están preparadas.  🎙️ @carmencalvo_  📻 @LasMananas_rne   #EnMarchaTodosUnidos  https://t.co/PLe5PkwFps","neutral","neutral",NA
"1282936531972489216","psoe","El ministro de Sanidad @salvadorilla está preparando con las CCAA la forma de afrontar una segunda oleada.  En estos momentos, las autonomías tienen instrumentos legales y jurídicos suficientes para gestionar rebrotes.  🎙️ @carmencalvo_  📻 @LasMananas_rne   #EnMarchaTodosUnidos  https://t.co/HH642aXnaP","positive","neutral",NA
"1282935781993205760","psoe","El fin del estado de alarma no significa que la pandemia haya terminado.  Hace falta mucha responsabilidad social. Y los poderes públicos, alerta máxima continua.  Las CCAA tienen instrumentos.  🎙️ @carmencalvo_  📻 @LasMananas_rne   #EnMarchaTodosUnidos  https://t.co/MOn3SfZ2HY","negative","neutral",NA
"1282918930512859136","psoe","¡Buenos días! ☕️  A partir de las 9:00h, entrevista a la Vicepresidenta 1ª, @M_Presidencia.    🎙️ @carmencalvo_  📻 @LasMananas_rne   📶  https://t.co/8xYLFwDAR1  #EnMarchaTodosUnidos  https://t.co/BR6OBxR2JH","positive","neutral",NA
"1282744603020390400","psoe","🗞️Sucedió en... 1921. El desastre de Annual.  Una de las peores derrotas de la historia militar de España, la más sonada de las guerras coloniales.🌹  💻 Así lo registró El Socialista.👇    https://t.co/1A6zhD4l1p","neutral","negative",NA
"1282721622559006720","psoe","Cronología actualizada sobre la evolución de la #Covid_19, a 13/07/2020. 📊  Ya puedes leer en nuestra web los datos ofrecidos por el Centro de Coordinación de Alertas y Emergencias Sanitarias, @sanidadgob.👇   #EnMarchaTodosUnidos   https://t.co/urdqQn4QRr","positive","neutral",NA
"1282643900184899584","psoe","El PSOE ha consolidado sus posiciones en #Galicia y en #Euskadi.  📰💻 Aquí tienes ya la info sobre la reunión de la Comisión Ejecutiva Federal que ha analizado los resultados del #12J en ambas comunidades autónomas.  #EnMarchaTodosUnidos   https://t.co/4fYr3DP1HK","neutral","neutral",NA
"1282583870735613952","psoe","En estos tiempos de incertidumbre, la ciudadanía ha respaldado la continuidad y el mensaje de la moderación.  Lo que ha fracasado es la estrategia de la crispación y de la oposición bronca del Partido Popular.  🎙️ @abalosmeco  📻 @LasMananas_rne   #EnMarchaTodosUnidos  https://t.co/OyyCGt6KUE","positive","negative",NA
"1282579965716901890","psoe","El Gobierno está haciendo un seguimiento estrecho de la evolución de los rebrotes del #COVID. No nos vamos a quedar al margen de nuestra responsabilidad.  Son las CCAA las que están gestionando los rebrotes. Cooperaremos.  🎙️ @abalosmeco  📺 @LasMananas_rne   #EnMarchaTodosUnidos  https://t.co/2FwLP3j3Ht","negative","neutral",NA
"1282578235767885825","psoe","Las lógicas electorales en Euskadi y en Galicia son singulares.  En tiempos de incertidumbre la ciudadanía opta por la continuidad.  Lo que ha fracasado en la estrategia de Casado.  🎙️ @abalosmeco  📺 @LasMananas_rne   #EnMarchaTodosUnidos  https://t.co/bR9VnzXnGw","neutral","negative",NA
"1282577513751949316","psoe","Ha fracasado la campaña de hostilidad, crispación y de descalificación contra el Gobierno.  Hemos logrado mantener los resultados, e, incluso, subir en algunos territorios.  🎙️ @abalosmeco  📺 @Desayunos_tve   #EnMarchaTodosUnidos  https://t.co/EqDnaHRB2z","negative","negative",NA
"1282576767845367816","psoe","En el Partido Popular se ha impuesto la tesis de la moderación, que es la victoria de Feijoo.  Esperemos que los populares tomen nota y que dejen la oposición bronca y a remolque de la ultraderecha.  🎙️ @abalosmeco  📺 @Desayunos_tve   #EnMarchaTodosUnidos  https://t.co/XUu4kHZpfw","negative","neutral",NA
"1282576344270938113","psoe","El Gobierno tiene un programa, una agenda y un compromiso.  Y tiene unos adversarios muy claros cuya estrategia, la crispación, ha fracasado.  El PP no puede salir nada contento.  🎙️ @abalosmeco  📺 @Desayunos_tve   #EnMarchaTodosUnidos  https://t.co/VgFuLPBEQ5","negative","negative",NA
"1279380376587304961","psoe","No hay más que dos caminos el #12J:   El camino de los que han gobernado #Galicia durante 33 años y su respuesta insolidaria.   👉🏽O la respuesta social y del Partido Socialista.  El sálvese quien pueda... O el que nadie se quede atrás.  🗣️ @sanchezcastejon   #AHoraDoCambio 🌹  https://t.co/91ripux4Ax","neutral","negative",NA
"1279371902725820416","psoe","¡Movilización!  Somos el cambio. Gonzalo, si todos los gallegos y todas la gallegas se movilizan, serás presidente de la Xunta.  ¡Participación!  Esta pandemia ha eliminado cualquier excusa para no ir a votar el #12J.  ¡A votar! 🗳️  🗣️ @sanchezcastejon   #AHoraDoCambio 🌹  https://t.co/zZQXnYDtq1","positive","neutral",NA
"1279371010459000833","psoe","Si triunfa la postura del #PP en Europa, España pierde.  Les pido que arrimen el hombro. Tenemos una batalla que dar. Que no pongan palos en la rueda.  🗣️ @sanchezcastejon   #AHoraDoCambio 🌹  https://t.co/IlpHHoF7Ef","positive","negative",NA
"1279370606388142083","psoe","El #PP se ha desvinculado de los acuerdos para la Reconstrucción.  El PP de Casado ha dejado de ser un partido de Estado.  Van en dirección contraria a una sociedad que reclama UNIDAD.  🗣️ @sanchezcastejon   #AHoraDoCambio 🌹  https://t.co/AHZ8r5XKdY","positive","negative",NA
"1279369937052676097","psoe","No utilicemos #Alcoa como arma electoral.  Nosotros vamos a seguir defendiendo a sus trabajadores y buscando su viabilidad.  🗣️ @sanchezcastejon   #AHoraDoCambio 🌹  https://t.co/gMQh1wKgOB","positive","neutral",NA
"1279369236285095936","psoe","Hemos dialogado desde la cogobernanza con las CCAA. Y no hemos criticado a ninguna.  ...mientras otros utilizaron el virus para acosar al Gobierno.  Hemos puesto a disposición de las autonomías transferencias de 16 mil M€.  Rajoy no lo hizo.  🗣️ @sanchezcastejon   #AHoraDoCambio  https://t.co/P6iDNWkw69","negative","negative",NA
"1279368269351333888","psoe","No debemos bajar la guardia. Pero:  Hay que disfrutar de la #NuevaNormalidad y reactivar la economía.  Hoy, el Estado está más fuerte y preparado para luchar contra el coronavirus. Porque hemos hecho un esfuerzo titánico.  🗣️ @sanchezcastejon   #AHoraDoCambio 🌹  https://t.co/dU0jfXJsj6","positive","neutral",NA
"1279367363884875776","psoe","O el sálvese quien pueda del #PP o el no dejar a nadie atrás del #PSOE.  Es la opción el #12J.  Votar socialista es votar una respuesta social a la crisis provocada por la pandemia.  🗣️ @sanchezcastejon   #AHoraDoCambio 🌹  https://t.co/GM3duoRFre","negative","neutral",NA
"1279366983780380672","psoe","No es lo mismo que lidere la oposición el #PP o el #PSOE:  Ojalá hubiese tenido la misma lealtad, @G_Caballero_M, que tuviste con el presidente de la Xunta.  Por eso no tengo duda de que los gallegos y las gallegas te harán Presidente.  🗣️ @sanchezcastejon   #AHoraDoCambio 🌹  https://t.co/NxauLCWRnW","positive","neutral",NA
"1279366178004140032","psoe","El #PP no quiere que el #12J vayamos a votar.  ¡Pero hay que salir a votar! Hay que sudar la camiseta para luchar por #Galicia.  SE PUEDE. ¡QUEREMOS!  ¡Y no nos quedaremos en casa el domingo!  🗣️ @G_Caballero_M   #AHoraDoCambio 🌹  https://t.co/PhFfRzcPdK","positive","neutral",NA
"1279362805448298496","psoe","NO es lo mismo que gobierne la derecha o la izquierda.  Aquí, con #Alcoa, mientras que el ministerio @mincoturgob buscaba un inversor para salvar su futuro, a Feijoo ni está ni se le espera.  🗣️ @G_Caballero_M   #AHoraDoCambio 🌹  https://t.co/W6598onQNW","positive","negative",NA
"1279361951609602048","psoe","¡Este partido PUEDE y la semana que viene vamos a despedir a #Feijoo de la Xunta!  El domingo, vamos a abrir una etapa de CAMBIO.  🗣️ @G_Caballero_M   #AHoraDoCambio  https://t.co/jqnJRKO4wt","neutral","neutral",NA
"1279361610109370368","psoe","#Galicia debe dejar atrás un gobierno de la derecha.  #Galicia necesita progreso y dignidad.  Solo con los socialistas salimos de una crisis sin dejar a nadie atrás.  El #PP no está en condiciones de Reconstruir #Galicia.  🗣️ @G_Caballero_M   #AHoraDoCambio 🌹  https://t.co/UragOO95IY","neutral","negative",NA
"1279356902661652480","psoe","📡 EN DIRECTO, en A Coruña,  o presidente @sanchezcastejon e o candidato á presidencia da Xunta de Galicia, @G_Caballero_M.  #AHoraDoCambio 🌹 #FainoPorGalicia #FainoPorTi   https://t.co/xAFrSqSyXf","positive","neutral",NA
"1279330239705997312","psoe","¿No has leído el editorial de #ElSocialista?  🗞️ Te lo dejamos por aquí:  #12J: La gran fiesta de la democracia.  https://t.co/kK8NlozaS9  Tenemos dos candidaturas de demostrada solvencia para desarrollar el proyecto socialista; @G_Caballero_M e @IdoiaMendia.  #EnMarchaTodosUnidos  https://t.co/F6XsHdzlsa","positive","neutral",NA
"1279311093219934209","psoe","🌞 ¡Bos días!  Hoy, todos pendientes de #Galicia... ...¡Está nuestro secretario general y presidente del Gobierno @sanchezcastejon! 🔝🔝🔝  En A Coruña, apoyando a @G_Caballero_M.  Non o perdas ‼️  📲 Conéctate ás nosas redes!  ▶️ https://t.co/Wc2LVhJgnO  #AHoraDoCambio 🌹  https://t.co/xrhAuSRKVZ","positive","neutral",NA
"1279153510500700165","psoe","Hoy, el presidente Zapatero ha apoyado la campaña de @G_Caballero_M en #Santiago y en #Arteixo.  🔝🔝🔝 ⬆️  Para Zapatero, el #12J solo hay 2 opciones: Elegir pasado o elegir FUTURO.  🗳️ FUTURO es votar socialista y votar @G_Caballero_M.  ▶️ ¡Dale play!  #AHoraDoCambio 🌹🌹  https://t.co/2WsEne4JNj","positive","neutral",NA
"1279151298135371778","psoe","""El #12J hay que ir a votar apostando por las SOLUCIONES, por la izquierda útil y transformadora"", @salvadorilla🌹  Hay que apostar por los @socialistavasco ‼️🗳️  ▶️No te pierdas su visita hoy en #Donosti junto a nuestra candidata a Lehendakari, @IdoiaMendia  #EnMarchaTodosUnidos  https://t.co/8pbliDKkZs","positive","neutral",NA
"1279103079036706816","psoe","Las urnas del #12J se abren vacías.  Desconfiemos de quienes dan las cosas por hechas.  Elegid a quien aporta SOLUCIONES: Elegid la izquierda útil.  1⃣ #12J: Ir a votar 2⃣ #12J: Votar a @IdoiaMendia, la izquierda transformadora.  🗣️ @salvadorilla   #IdoiaLehendakari 🌹🌹🌹  https://t.co/1ynv6RuX5n","positive","negative",NA
"1279102452684505093","psoe","Hemos puesto en marcha cantidad de recursos y de ayudas sin precedentes.  Para que NADIE SE QUEDE ATRÁS.  Y esta es la diferencia: izquierda y derecha.  Nosotros, sin DEJAR A NADIE ATRÁS. Otros, que la gente se busque la vida.  🗣️ @salvadorilla   #IdoiaLehendakari 🌹🌹🌹  https://t.co/V39vxURDWH","positive","neutral",NA
"1263089561925758976","psoe","Agradezco de corazón a las fuerzas parlamentarias que votan a favor de prorrogar el estado de alarma. Empatizan con la emoción de millones de españoles en estos últimos metros.  Los que votan NO dimiten de su responsabilidad de Estado.  🏛️ @sanchezcastejon   #NadieSeQuedaAtrás  https://t.co/c798GUXtDe","positive","positive",NA
"1263088695785271296","psoe","¿Nos tenemos que callar cuando nos  insultan, nos llaman asesinos y nos amenazan desde sus escaños?  Suelta Ayuso que ""lo de Núñez de Balboa va a ser una broma"" y luego se va a su pisazo de lujo en Madrid a precio de ganga.  🏛️ @Adrilastra   #NadieSeQuedaAtrás  https://t.co/quFcTcp9ZE","neutral","negative",NA
"1263086961671233537","psoe","Sr. Casado, anima a la gente a que se eche a la calle. Y ponen en riesgo el esfuerzo que han hecho 47 millones de personas.  ¿Qué es libertad para usted?:  - ¿Amenazar a ministros en sus domicilios? - ¿Insultar a diputados? - ¿Contagiar?  🏛️ @Adrilastra   #NadieSeQuedaAtrás  https://t.co/z3veM5nOCD","positive","negative",NA
"1263085489348849665","psoe","📡 EN DIRECTO, desde el @Congreso_Es, dúplica de la portavoz del @gpscongreso y del presidente @sanchezcastejon en el debate sobre la prórroga del estado de alarma.  #NadieSeQuedaAtrás   https://t.co/tDMkhlLXuJ","positive","neutral",NA
"1263083125338447872","psoe","🏛  La prudencia debe ser una norma en las decisiones políticas que tomemos entre todos. Y con toda la prudencia y sin bajar la guardia, podemos afirmar que el estado de alarma ha funcionado y que el Plan de Desescalada está funcionando.  #NadieSeQuedaAtrás  https://t.co/rhz3qvYT32","positive","neutral",NA
"1263079501715693569","psoe","🏛 No nos ha traído hasta aquí la corriente. No hemos llegado hasta aquí por inercia.  Hemos llegado hasta aquí con el trabajo extremo de los sanitarios y el sacrificio, compromiso y resistencia de los españoles.  #NadieSeQuedaAtrás  https://t.co/jOCMs8thWq","neutral","neutral",NA
"1263068641588850689","psoe","La España que usted defiende es una España muy pequeñita y vinculada al discurso del odio.   Sigue los mismos discursos que sus predecesores durante los 40 años de dictadura en este país.   🏛️ @sanchezcastejon   #NadieSeQuedaAtrás  https://t.co/i49wTeFkkH","negative","negative",NA
"1263067813322858496","psoe","El que tiene un Plan B es Abascal: Utilizar un virus para derrocar al Gobierno LEGÍTIMO y DEMOCRÁTICO.  Y usted comete el error histórico de abrazarse a la ultraderecha votando NO a prorrogar el estado de alarma.  🏛️ @sanchezcastejon   #NadieSeQuedaAtrás  https://t.co/oF8hMTlSiR","negative","negative",NA
"1263067627448152064","psoe","No hay plan B al estado de alarma. El Plan A es la ciencia. El Plan B es la superstición.  No hay alternativa y lo dicen los informes de la Abogacía del Estado: no hay alternativa jurídica.  🏛️ @sanchezcastejon   #NadieSeQuedaAtrás  https://t.co/smXbWezGKh","neutral","negative",NA
"1263066482617069569","psoe","A Casado:  Entre la unidad y la ultraderecha, usted ha elegido a la ultraderecha.  Usted dimite de su responsabilidad de Estado de salvar vidas de compatriotas.  No tiene usted argumentos para rechazar la prórroga.  🏛️ @sanchezcastejon   #NadieSeQuedaAtrás  https://t.co/l5HSw2YxKR","positive","negative",NA
"1263066104316002306","psoe","En la votación de hoy de la prórroga del estado de alarma empatizamos con la mayoría de la sociedad española: Ganar la batalla al virus.   Es la 5ª vez que me someto a este control parlamentario. Es un ejercicio sano de democracia.   🏛️ @sanchezcastejon   #NadieSeQuedaAtrás  https://t.co/xbOfKNMuJg","positive","neutral",NA
"1263064850286206976","psoe","Este tiempo que vivimos quedará en la historia por muchas razones.   La responsabilidad, la solidaridad y el compromiso con los demás que hemos sabido demostrar es la mejor de nuestras herramientas hasta que dispongamos de una vacuna.   🏛️ @Adrilastra #NadieSeQuedaAtrás  https://t.co/DwV1lwRSdd","positive","neutral",NA
"1263063669979701255","psoe","Ha vuelto a proponer algo que ya está aprobado. Ya le pasó hace unas semanas. Comprenderá que seamos escépticos con su plan B.  Decidió votar no y lo anunció antes de conocer la propuesta. No importa lo que fuese a proponer el Gobierno.  🏛️ @Adrilastra a Casado #NadieSeQuedaAtrás  https://t.co/gdurp8y2gW","neutral","neutral",NA
"1263062472124239872","psoe","Alentar estos comportamientos en este momento es una grave negligencia. No son mis palabras, señor Casado, lo dijo usted el 13 de marzo.   ¿Se harán usted y la señora Ayuso responsables de las consecuencias si en Madrid hay un rebrote?   🏛️ @Adrilastra #NadieSeQuedaAtrás  https://t.co/gvN6TSFuF7","negative","negative",NA
"1263060256734752770","psoe","No puedo comprender que haya políticos que jaleen actitudes que desprecian el esfuerzo de estos dos meses.   Ayuso está alentando ese tipo de comportamientos. ¿Imagina lo que pasaría si hiciésemos lo mismo contra la gestión del PP en Madrid?   🏛️ @Adrilastra #NadieSeQuedaAtrás  https://t.co/wOiimwcwNw","positive","negative",NA
"1263058977233014789","psoe","Acabar con el virus debe prevalecer sobre cualquier otro objetivo.   Y estoy segura de que si todos compartimos ese fin, deberíamos ser capaces de encontrar los medios.  🏛️ @Adrilastra #NadieSeQuedaAtrás  https://t.co/TCobaIdUsx","positive","neutral",NA
"1263058239865917440","psoe","📡 En directo, intervención de la portavoz del @gpscongreso, @Adrilastra, en el @Congreso_Es y réplica a los grupos del presidente del Gobierno, @sanchezcastejon, en la solicitud de la prórroga del estado de alarma.  #NadieSeQuedaAtrás   https://t.co/NSJvCL9chN","positive","neutral",NA
"1263055189218594816","psoe","🏛 Debemos traducir los aplausos que cada día se propagan en nuestro país en políticas públicas duraderas que nos protejan a todos.   Piensen lo que piensen, vivan donde vivan, voten lo que voten: a todos. Y es lo que estamos haciendo.  #NadieSeQuedaAtrás  https://t.co/N2gnsRnpiU","positive","neutral",NA
"1263052987875897346","psoe","🗣 @sanchezcastejon: Hemos parado juntos al virus y ahora debemos culminar con unidad esta victoria y emprender también unidos la reconstrucción social y económica de España.  🖥 Info sobre el debate de la prórroga del estado de alarma ya en nuestra web.  https://t.co/dM1KybgckU","positive","neutral",NA
"1263018187043586049","psoe","Hemos sido sometidos a una prueba inimaginable. Hemos respondido con sacrificio y con unidad.   💪 Hemos parado el virus. Debemos ahora emprender también unidos la reconstrucción social y económica de España.   🏛️ @sanchezcastejon #NadieSeQuedaAtrás  https://t.co/VY2fnZLH5W","negative","neutral",NA
"1263001525640744960","psoe","📡 En directo, intervención del presidente del Gobierno @sanchezcastejon para solicitar la prórroga del estado de alarma al @Congreso_Es, 20 de mayo 2020.  #NadieSeQuedaAtrás   https://t.co/hjkBwlJXjb","positive","neutral",NA
"1256967790050902017","psoe","Salir a correr 🏃🏻‍♀️↔️🏃🏾‍♂️  Paseos 🚶🏻‍♀️↔️🚶🏽  Montar en bici 🚴🏻‍♀️ ↔️ 🚴🏽‍♂️  +5.000 Habitantes.👇🏽 ➡️Mayores de 14 años: De 6 a 10h y de 20 a 23h  ➡️Personas dependientes y mayores de 70 años: De 10 a 12h y de 19 a 20h  ➡️Niños:  De 12 a 19h  #EsteVirusLoParamosUnidos  https://t.co/K1LzP5Q2Af","neutral","neutral",NA
"1256950859419844609","psoe","Las CCAA recibirán 16.000 M€ para que puedan tener liquidez con transferencias directas que no tendrán que devolver.   #AhoraTocaLucharJuntos   Toda la Info sobre la comparecencia del ministro @salvadorilla y la ministra @mjmonteroc, en nuestra web.👇🏽 https://t.co/9PyYANFY8s","neutral","neutral",NA
"1256936287774347266","psoe","🗣@salvadorilla, ministro de @sanidadgob:   A la fase 1 pasarán directamente cuatro territorios que cumplen con las medidas y datos exigidos:   La Gomera, El Hierro, La Graciosa y Formentera. #AhoraTocaLucharJuntos  https://t.co/oHsGBAFVNe","positive","neutral",NA
"1256935184865386496","psoe","🗣@salvadorilla, ministro de @sanidadgob:   Comenzamos la FASE 0 de aplicación en todo el territorio para mañana lunes 4 de mayo.    Conjunto de medidas para la reactivación de la actividad comercial minoristas, restauración, deporte, etc  #AhoraTocaLucharJuntos  https://t.co/sStC1vahdI","positive","neutral",NA
"1256934328795308032","psoe","🗣@salvadorilla, ministro de @sanidadgob:   Las decisiones serán consensuadas con las CCAA. Si motivadamente se nos plantea que otras áreas se pueden ajustar mejor que la provincia lo analizaremos.   #AhoraTocaLucharJuntos  https://t.co/61WRkJZ1Pw","neutral","neutral",NA
"1256932580043173890","psoe","🗣@salvadorilla, ministro de @sanidadgob:   El estado de alarma sirve para controlar la pandemia, como lo hemos estado haciendo estas últimas 7 semanas.   Es imprescindible que se mantenga en la etapa de desescalada. #AhoraTocaLucharJuntos  https://t.co/1HBdCOYu6w","negative","neutral",NA
"1256932495519625218","psoe","🗣@salvadorilla, ministro de @sanidadgob:   Los objetivos se han ido cumpliendo semana a semana. Del incremento de 35% de contagios a 0,39%.   El estado de alarma funciona eficazmente.   #AhoraTocaLucharJuntos  https://t.co/11lkNYOYEM","neutral","neutral",NA
"1256931228718161922","psoe","🗣@mjmonteroc, ministra de @Haciendagob:   El gobierno aprobará el próximo martes una nueva línea del ICO. 24.500 millones de euros.   #AhoraTocaLucharJuntos  https://t.co/dgA2QZn8AY","positive","neutral",NA
"1256930648520044544","psoe","🗣@mjmonteroc ministra de @Haciendagob:   El Fondo va a ser aprobado por real Decreto. Será la mayor inyección de dinero a las CCAA y no tendrán que devolverlo.   #AhoraTocaLucharJuntos  https://t.co/zctw0lLVco","positive","neutral",NA
"1256928875092869123","psoe","🗣@mjmonteroc ministra de @Haciendagob:   Octava reunión del presidente @sanchezcastejon con l@s presidentes de las CCAA. Siempre ha tenido claro que el reto obligaba a dejar de lado las diferencias políticas por el interés común.   #AhoraTocaLucharJuntos  https://t.co/Vi0QugVcw6","neutral","neutral",NA
"1256927947333779456","psoe","🗣@mjmonteroc ministra de @Haciendagob:   El comportamiento ejemplar de la ciudadanía nos permite ser moderadamente optimistas.   Sigamos a rajatabla las indicaciones. No podemos bajar la guardia.   #AhoraTocaLucharJuntos  https://t.co/oag01fCzw8","positive","neutral",NA
"1256925141361201155","psoe","📡 En DIRECTO, @desdelamoncloa, rueda de prensa de la ministra ministro de @sanidadgob, @salvadorilla, y la ministra de @Haciendagob, @mjmonteroc.   #AhoraTocaLucharJuntos  https://t.co/MMfOvwtWzb","neutral","neutral",NA
"1256921845477134336","psoe","Día Nacional de la Convención sobre los derechos de las personas con discapacidad.   El 18/10/18, impulsada por el grupo socialista, se aprobó la reforma que permite ejercer el derecho al voto a personas con discapacidad.   Hay que seguir avanzando.  https://t.co/yBEWVdqW0c","negative","neutral",NA
"1256918056024133632","psoe","“Los socialistas miramos hacia delante con carácter constructivo. Si miramos hacia atrás sólo lo hacemos para aprender de los errores y no volver a cometerlos.”  Santos Cerdán.   #PSOEOrgulloDeHistoria ✊🏽🌹  https://t.co/J85ZKO1pRH","positive","neutral",NA
"1256905790713147392","psoe","Más que nunca necesitamos datos fidedignos, evidencia científica y fuentes de información oficiales.   La proliferación de multitud de informaciones falsas contribuyen al alarmismo entre la ciudadanía.   Más que nunca necesitamos #LibertadDePrensa    https://t.co/Z3RPogJhAt","neutral","negative",NA
"1256899198697508865","psoe","📊 Cronología actualizada de los datos y medidas ofrecidos hoy por el Centro de Coordinación de Alertas y Emergencias Sanitarias y @sanidadgob.   🗓️ 03/05/2020  #AhoraTocaLucharJuntos   👩🏻‍💻👨🏽‍💻Puedes consultarlos en nuestra web.👇🏽   https://t.co/urdqQn4QRr","positive","neutral",NA
"1256882737937551360","psoe","🔴Director del Centro de Coordinación de Alertas y Emergencias Sanitarias @sanidadgob, Fernando Simón.   Diagnosticados: 217.466 (+0,39%)  Fallecidos:  (+164) 0,7%  Altas: 118.902 (+1.654)  #AhoraTocaLucharJuntos  https://t.co/F939ddRe9M","positive","neutral",NA
"1256881175634882560","psoe","📡 En DIRECTO, comparecencia @desdelamoncloa del director del Centro de Coordinación de Alertas y Emergencias Sanitarias, Fernando Simón. 3 de mayo de 2020.  https://t.co/4Z5G8nZAT6","positive","neutral",NA
"1256861305903947778","psoe","“Todos hemos de estar a la altura para que también podamos superar la crisis económica lo mejor posible, unidos, para volver cuanto antes a una senda de crecimiento y bienestar.”  #AhoraTocaLucharJuntos  Artículo de la ministra @NadiaCalvino para @Vocento   https://t.co/hRljvhr6jr","negative","positive",NA
"1256848010220273665","psoe","“Si hay algo que nuestros fundadores nos enseñaron desde el corazón socialista es que nos unen las causas y nos mueven las pasiones para hacer posible todo lo que creemos que es posible.”   Pedro Sánchez.  #PSOEOrgulloDeHistoria ✊🏽🌹  https://t.co/k6Nu5Gdxcu","positive","neutral",NA
"1254396364538228738","psoe","🗣@salvadorilla, ministro de @sanidadgob:   La primera medida de alivio y normalidad es la de hoy, la salida de menores con un adulto y guardando las medidas de seguridad pertinentes.   #AhoraTocaLucharJuntos  https://t.co/Nccgjplj0C","positive","neutral",NA
"1254394797621723136","psoe","🗣@salvadorilla, ministro de @sanidadgob:   🔴 Primera etapa: Superar el pico y doblegar la curva.  🔴Segunda etapa: Transición hacia normalidad o desescalada.   🔴Tercera etapa: aprender a vivir con el virus hasta conseguir derrotarlo.   #AhoraTocaLucharJuntos  https://t.co/rYyUxtuEv5","positive","neutral",NA
"1254390966624178178","psoe","📡 EN DIRECTO, comparecencia @desdelamoncloa del ministro de @sanidadgob, @salvadorilla y la ministra de @mitecogob, @Teresaribera.   26/04/2020   #AhoraTocaLucharJuntos   https://t.co/g5LuSLuCyw","neutral","neutral",NA
"1254368713601581057","psoe","La mesa de reconstrucción debe marcar un antes y un después porque esta crisis marcará un antes y un después en la vida de todos los españoles.   Es el momento de la UNIÓN. 🤝   #AhoraTocaLucharJuntos  https://t.co/vWB7v1FmQ5","positive","neutral",NA
"1254358839367028736","psoe","📊 Cronología actualizada de los datos y medidas ofrecidos por el director del Centro de Coordinación de Alertas y Emergencias Sanitarias, Fernando Simón.   #AhoraTocaLucharJuntos   Datos actualizados a 26/04/2020👇🏽   https://t.co/urdqQn4QRr","positive","neutral",NA
"1254352555351605249","psoe","Las niñas y niños menores de 14 años pueden salir a jugar y pasear acompañados, pero deben hacerlo con seguridad. 👨‍👧‍👧 ↔️👩‍👦  ✅Sigue la regla de los cuatro 1:  1⃣ Adulto 🧍🏽‍♂️  1⃣ Hora ⏱  1⃣ Vez al día ☝🏽  1⃣ Km 👣  #EsteVirusLoParamosUnidos  https://t.co/BfmrYGKlmC","positive","neutral",NA
"1254336670587146240","psoe","🔴Director del Centro de Coordinación de Alertas y Emergencias Sanitarias @sanidadgob, Fernando Simón.   Hemos entregado al presidente del Gobierno, @sanchezcastejon, el informe de “Recomendaciones sanitarias para la estrategia de transición”.  #AhoraTocaLucharJuntos  https://t.co/EDoK5UHTWO","positive","neutral",NA
"1254334943309828096","psoe","🔴Director del Centro de Coordinación de Alertas y Emergencias Sanitarias @sanidadgob, Fernando Simón.   A partir de mañana iniciamos un nuevo período.   📊1729 nuevos casos. Estamos en el 0,8%⬇️  📊288 fallecidos. (+1,3%)⬇️  https://t.co/uhU5BroL9q","positive","neutral",NA
"1254329715256709120","psoe","📡 En DIRECTO, comparecencia @desdelamoncloa del director del Centro de Coordinación de Alertas y Emergencias Sanitarias del ministerio de @sanidadgob, Fernando Simón. 26 de abril de 2020.  #AhoraTocaLucharJuntos   https://t.co/BsBH0WBBmh","positive","neutral",NA
"1254316737199308800","psoe","“Habrá una respuesta rápida al pequeño comercio y ganará peso el turismo seguro sanitariamente”  #AhoraTocaLucharJuntos   Entrevista a la ministra de @mitecogob, @Teresaribera, en @LaVanguardia    https://t.co/2LYJdtebBq","positive","positive",NA
"1254303109003837440","psoe","Hemos recaudado 405.200 €, con gran esfuerzo y sacrificio del conjunto del Partido. Irán destinados a @SaludISCIII para proyectos de investigación del #Covid_19  Ampliamos una semana más el plazo de donaciones.  @mariano_moreno, Director-Gerente del PSOE  https://t.co/d7lom7qMav","positive","positive",NA
"1254132849420242944","psoe","El Consejo de Ministros aprobará el martes el Plan de Desescalada basado en el criterio de los expertos.   Será una desescalada gradual, asimétrica y coordinada. 🤝  #AhoraTocaLucharJuntos   Toda la Info en nuestra web 👩🏻‍💻👨🏽‍💻👇🏽  https://t.co/XYMI7Cvirk","positive","neutral",NA
"1254119322886131712","psoe","Todavía no está cerca la victoria plena y completa, pero ya hemos empezado a GANAR.   La reconstrucción social y económica es nuestro único horizonte, la unidad es nuestro camino y no dejar a nadie atrás es nuestro deber.   🗣️ @sanchezcastejon   #AhoraTocaLucharJuntos  https://t.co/znVYrJeftA","positive","positive",NA
"1254119186306969601","psoe","Estamos viviendo la mayor convulsión de nuestras vidas, pero lo importante es evitar un error: El error de la división y el enfrentamiento.   Es el momento de estar UNIDOS.   🗣️ @sanchezcastejon   #AhoraTocaLucharJuntos  https://t.co/viKEgQnSAR","negative","neutral",NA
"1254118246468313089","psoe","🇪🇺 La sesión del Consejo Europeo del pasado jueves fue crucial.   🏦 Paquete financiero de 540.000 millones de €. 🤝 Negociación de un gran Fondo de Recuperación de hasta 1,5 billones de €.   La 🇪🇺 avanza hacia el camino de la UNIDAD.   🗣️ @sanchezcastejon  https://t.co/Ew1PI64rAf","positive","neutral",NA
"1254117745098133505","psoe","No debemos entrar en una carrera por el descenso.   Mañana lo abordaré en la Conferencia de Presidentes y Presidentas de las CCAA.   Y:   🚨 El próximo martes reuniré al Consejo de Ministros y aprobaremos el Plan de Desescalada.   🗣️ @sanchezcastejon  #AhoraTocaLucharJuntos  https://t.co/eDg1TXY274","neutral","neutral",NA
"1254116264089276417","psoe","La desescalada se abordará con un Cuadro de Mandos Integral para todo el país.   Lo haremos a distintas velocidades. Pero:   👉🏼 La máxima será una: entramos juntos y saldremos juntos como país. La desescalada será en equipo.   🗣️ @sanchezcastejon   #AhoraTocaLucharJuntos  https://t.co/gLNfrZLEW6","neutral","neutral",NA
"1254115322103238668","psoe","Si la evolución se mantiene, abordaremos la desescalada con PRUDENCIA por la falta de certezas.   La desescalada será:   Gradual Asimétrica Coordinada  🗣️ @sanchezcastejon   #AhoraTocaLucharJuntos  https://t.co/tALPIQlrYr","negative","neutral",NA
"1254115115298889728","psoe","Si actuamos con responsabilidad con la salida de los menores de 14 años, habrá más alivios:   A partir del 2 de mayo, se permitirá la salida para realizar actividad física individual y paseos con las personas con las que convivimos.   🗣️ @sanchezcastejon   #AhoraTocaLucharJuntos  https://t.co/jneL3x6Rsm","neutral","neutral",NA
"1254113006751006720","psoe","Hemos arrancado una victoria parcial al virus:   De un ritmo de contagio superior al 35% ya estamos en el 1,5%.   ➡️ Las personas curadas ya superan al de contagiadas.   🗣️ @sanchezcastejon   #AhoraTocaLucharJuntos  https://t.co/iblhYhzKvm","positive","neutral",NA
"1252853802211762176","psoe","🎙️@LuisPlanas en @MasDeUno: La caída del precio del aceite es algo concreto de ese sector. Antes del inicio de la crisis ya había problemas de estructuración, promoción y venta.   Estamos trabajando en ello para mejorar las condiciones de este sector.   #AhoraTocaLucharJuntos","positive","negative",NA
"1252853630027218948","psoe","📻@CarolinaDarias en @LasMananas_rne: La política exige la ejemplaridad de los ciudadanos. Acepto la critica política pero hay demasiada crispación.  Respetamos la libertad de expresión pero hay una interesada red para deslegitimar las instituciones.  #AhoraTocaLucharJuntos","positive","negative",NA
"1252853208789053440","psoe","🎙️@LuisPlanas en @MasDeUno: Lo importante en el campo viene en junio y en julio. Es el momento de más actividad y para ello tenemos que estar preparados.  Estamos valorando varias opciones como compatibilizar prestaciones sociales con trabajo agrario.  #AhoraTocaLucharJuntos","positive","neutral",NA
"1252852499003740162","psoe","📻 @CarolinaDarias en @LasMananas_rne: Esta pandemia confirma que hay que reforzar nuestra sanidad publica  El reparto competencial no está siendo un problema. Hay que reforzar la produccion nacional de productos sanitarios y la cooperación administrativa  #AhoraTocaLucharJuntos","neutral","neutral",NA
"1252851774219710465","psoe","📻 @CarolinaDarias en @LasMananas_rne: Somos conscientes de las necesidades de las CCAA y las entregas a cuenta son cantidades importantes.  Europa tiene que dar una respuesta conjunta a esta pandemia.  Nadie puede quedar atrás.  #AhoraTocaLucharJuntos","neutral","neutral",NA
"1252850598803763200","psoe","📻 @CarolinaDarias en @LasMananas_rne: Este Gobierno está para atender la emergencia sanitaria y las repercusiones economicas y sociales.   Tenemos un acuerdo programatico en un Gobierno cohesionado. Hay mucho ruido pero no pensamos en eso.  #AhoraTocaLucharJuntos","positive","neutral",NA
"1252850127892393985","psoe","📻 @CarolinaDarias en @LasMananas_rne: Hay mucha presión para tomar las decisiones, que muchas veces se hacen con mucha inmediatez.  La actuación del Gobierno es una, un Gobierno que escucha y actúa de manera coordinada.  #AhoraTocaLucharJuntos","neutral","neutral",NA
"1252849544120774657","psoe","📻 @CarolinaDarias en @LasMananas_rne: El Gobierno quiere ser sensible para ir permitiendo la salida de los niños y niñas y hacerlo de manera prudente.   Este Gobierno escucha y es sensible.  #AhoraTocaLucharJuntos","positive","neutral",NA
"1252845670223900674","psoe","🏛️ El presidente del gobierno @sanchezcastejon comparece por 4ª vez en el @Congreso_Es. Informará a la cámara del Consejo Europeo y solicitará la prórroga del estado de alarma.  Después, el gobierno se somete a una nueva sesión de control y se debate RDL.  #AhoraTocaLucharJuntos  https://t.co/pl4DHGYneu","positive","neutral",NA
"1252841374925258753","psoe","¡Buenos días! ☕️ 📻  Puedes escuchar a la ministra de Política Territorial y Función Pública y al ministro de Agricultura, Pesca y Alimentación:  🎙️ @CarolinaDarias  📻 @LasMananas_rne  ⏰  A las 8:30h  🎙️ @LuisPlanas  📻 @MasDeUno  ⏰ A las 8:45h  #AhoraTocaLucharJuntos  https://t.co/TSpzS3tZh9","positive","neutral",NA
"1252692331083567104","psoe","🌈Hoy se cumplen 15 años de la aprobación de un proyecto de ley que nos enorgullece como país.  👬""Un pequeño cambio en la letra pero un cambio inmenso en la vida de miles de compatriotas"", explicó el presidente Zapatero.  ❤️¡Gracias a quienes lucharon y luchan por la igualdad!  https://t.co/BsRLwaHQ6e","positive","positive",NA
"1252687387047665665","psoe","🗞 “Este es un gobierno que escucha y los niños y niñas menores de 14 años podrán salir a dar paseos”.  Toda la información de la comparecencia del ministro de @sanidadgob, @salvadorilla en nuestra web 👇🏽   https://t.co/S7Xzkf7MiY","neutral","neutral",NA
"1252673725654282240","psoe","🗣 @salvadorilla: Hemos fijado el precio máximo de venta al público de mascarillas quirúrgicas en 0,96 euros.   Agradecer al conjunto de la ciudadanía y a los profesionales sanitarios. Es una situación que significa un verdadero reto para todos.  #AhoraTocaLucharJuntos  https://t.co/FRZYpwmYFK","positive","neutral",NA
"1252672332126183430","psoe","🗣️ @salvadorilla: Todavía estamos en una situación complicada.  El Gobierno sabe el sacrificio que supone el cumplimiento ejemplar de estas medidas. Sabe especialmente lo que supone para los niños y niñas, y por eso hemos tomado esta decisión.  #AhoraTocaLucharJuntos  https://t.co/7cGO7HpwZU","positive","neutral",NA
"1252671344052969473","psoe","🗣️ @salvadorilla: Este es un Gobierno que escucha y el próximo fin de semana emitiré una orden para que los niños menores de 14 años puedan dar paseos. Estamos trabajando en ello.  Insistir en que el Gobierno ha actuado hasta la fecha con máxima prudencia.  #AhoraTocaLucharJuntos  https://t.co/4K9Plbq3Gn","neutral","neutral",NA
"1252670149691428864","psoe","🗣️ @salvadorilla: Desde que declaramos el estado de alarma hemos logrado alcanzar el pico de la curva, la primera etapa de las tres que fijamos.   Estamos en la segunda etapa, doblegar la curva.  👉🏻 Las medidas que se tomaron han dado resultados.  #AhoraTocaLucharJuntos  https://t.co/YIF115zn0I","neutral","neutral",NA
"1252668698961248256","psoe","📡 En directo, comparecencia @desdelamoncloa del ministro de @sanidadgob, @salvadorilla. 21/04/20   #AhoraTocaLucharJuntos    https://t.co/lW6SJUiA66","neutral","neutral",NA
"1252658316406292480","psoe","👏👏👏👏👏👏👏👏👏👏👏👏👏👏👏👏👏👏👏👏👏👏👏👏👏👏👏👏👏👏👏👏👏👏👏👏👏👏👏👏👏👏👏👏👏👏👏👏👏👏👏👏👏👏👏👏👏👏👏👏👏👏👏👏👏👏👏👏👏👏👏👏👏👏👏👏👏👏👏👏👏👏👏👏👏👏👏👏👏👏👏👏👏👏👏👏👏👏 MILLONES DE GRACIAS  #AhoraTocaLucharJuntos  https://t.co/2wvWCgVtEL","neutral","neutral",NA
"1252651049321725955","psoe","🗞 El Socialista  ¿Quieres recibirlo cada viernes en tu correo electrónico?   Suscríbete 👉  https://t.co/BttipRWVeq y no te pierdas nada de la actualidad socialista🌹🌹🌹   #AhoraTocaLucharJuntos  https://t.co/RV7je30ceR","negative","neutral",NA
"1252629661546405892","psoe","🗣️ ""Por nosotros no va a quedar. Vamos a trabajar con las reglas del Parlamento para luchar contra el virus""  📻 No te pierdas la entrevista en 'Hora 14' de @La_SER al secretario general del @gpscongreso, @SimancasRafael.  ▶️ ¡Dale al play para escucharla!  #AhoraTocaLucharJuntos  https://t.co/TCy4tQy2rJ","positive","neutral",NA
"1244681047129894914","psoe","🔴@abalosmeco @mitmagob: Hoy publicaremos una orden ministerial en la que se establece el derecho de los trabajadores a recibir una declaración responsable por parte de los empleadores para permitir la movilidad de quienes prestan servicios esenciales.  #EsteVirusLoParamosUnidos  https://t.co/EcXoqP6TiE","positive","neutral",NA
"1244679227821248513","psoe","🔴@abalosmeco @mitmagob: Estamos trabajando en un nuevo plan de transportes más restringido y ajustado a la situación actual.   Hoy hemos sacado una orden para que todas las AAPP ajusten su oferta de transporte público a la de un fin de semana.   #EsteVirusLoParamosUnidos  https://t.co/ZETLJKAffP","positive","neutral",NA
"1244679061126950912","psoe","🔴@abalosmeco @mitmagob: El RDL que ha entrado en vigor hoy pretende reducir más la movilidad.   Nuestro objetivo es que los días laborables de esta semana y la siguiente tengan unos datos de movilidad de un fin de semana para así contener al virus.   #EsteVirusLoParamosUnidos  https://t.co/C6lzrrZRzY","positive","neutral",NA
"1244677579325542401","psoe","🔴@abalosmeco @mitmagob: Durante el fin de semana hemos observado que la movilidad continúa bajando.  Reducciones por medios transporte:   Ferrocarril, un 97% Autobús interurbano, un 98% Transporte aéreo, un 93%  Cercanías, un 92%  Vehículos, un 84%  #EsteVirusLoParamosUnidos  https://t.co/XOmSwjs4aF","positive","neutral",NA
"1244669643333283842","psoe","📡 En directo, comparecencia @desdelamoncloa de la ministra de Defensa @Defensagob, Margarita Robles, y del ministro de Transportes, Movilidad y Agenda Urbana @mitmagob, @abalosmeco   #EsteVirusLoParamosUnidos    https://t.co/7ZAjGGv9FK","positive","neutral",NA
"1244656175481749504","psoe","Estamos combatiendo contra una pandemia que no han conocido los libros de historia.  Es momento de estar a la altura de la ejemplaridad de nuestra sociedad. De la templanza, de la altura de miras.  #EsteVirusLoParamosUnidos sin perder un minuto en cortoplacismos electorales.  https://t.co/EEwdgeC8E0","negative","negative",NA
"1244652467327025153","psoe","¿Entonces?  Si quienes afirman ahora que ya se sabía entonces el riesgo de expansión del virus, ¿por qué participaron PP o Ciudadanos en el #8M?  ¿Por qué Vox no suspendió el mitin de Vistalegre?  👉🏻 La respuesta es muy sencilla porque no lo sabían, como no lo sabía nadie.","negative","negative",NA
"1244652464621727750","psoe","¿El #8M solo tuvo lugar en España?  ¿Hubo gobiernos europeos que supieron ver la evolución de la pandemia y prohibieron estas manifestaciones?  NO. Las vimos en Berlín, en Viena o en Bruselas. Y en París, aquí puedes verla, en la Plaza de la Bastilla ▶️  https://t.co/uUaEXHsymC","negative","neutral",NA
"1244652462562250752","psoe","Ahora todos parecen capitanes a posteriori... ...Pero, ¿es que acaso había partidos políticos con información de expertos y científicos con la que no contaba el gobierno de España?  ✈️ No parece, a juicio de algunas escapadas...  https://t.co/fnzrE2FoLH","negative","negative",NA
"1244652459894677508","psoe","Dejado claro todo esto...  ¿Qué busca la derecha y la ultraderecha tratando de responsabilizar a las manifestaciones del #8M?  😡 Han hecho de su acción política la criminalización y el ataque al movimiento feminista.  No hay más que leerles en Redes...  https://t.co/GdsljnMfLR","negative","negative",NA
"1244652457311055877","psoe","Ese domingo 8 de marzo hubo también una feria en @feriademadrid.  El Salón Internacional del Estudiante y de la Oferta Educativa.   ➡️ 175.000 visitantes  https://t.co/jlTqs3Vxso","positive","neutral",NA
"1244652455167754241","psoe","El #PSOE estuvo el #8M porque somos un partido feminista y cree profundamente en la igualdad entre mujeres y hombres.  ¿Fuimos los únicos y las únicas?  NO. 😜 Algunos a regañanientes, pero estuvieron...  https://t.co/vIHeNKna1X","negative","neutral",NA
"1244652453125074945","psoe","¡Ah! Y la ultraderecha se juntó en Vistalegre.  🏟️ 9.000 personas.  📣📣📣 Y llamaron masivamente para asistir desde sus redes sociales...  https://t.co/BrrbsoyHvd","neutral","neutral",NA
"1244652450461765637","psoe","Y también en Madrid abrieron teatros, y cines, y museos, y centros comerciales, y bares...  ¡Domingo! Día deportivo por excelencia para todo tipo de competiciones.  ⚽️Hubo Liga, entre otras. En el Benito Villamarín se disputó un Betis-Real Madrid. 🏟️ 50.000 asistentes.  https://t.co/jRoYSQfEfG","positive","neutral",NA
"1244652448381317125","psoe","En #Madrid, por ejemplo, la gente cogió el @metro_madrid.  🚇 ¿Sabes cuántos viajeros usan el Metro de media al día?  Mira ➡️ Más de 2 millones de personas. En domingo se usa menos. Pero se usa.  ¿De quién es competencia el Metro? De la @ComunidadMadrid que preside @IdiazAyuso.£  https://t.co/Ul1RN48BCo","positive","neutral",NA
"1244652446170800128","psoe","Vale. Ya hemos comprobado cómo evolucionan los contagios y qué pasó del domingo 8 al lunes 9 de marzo.  Otra pregunta: ¿Es que solo hubo manifestaciones feministas ese domingo en Madrid y en otras ciudades de España?  Pues NO. 👇🏻 Sigue leyendo 🧵","positive","neutral",NA
"1244652442148618242","psoe","⏰ La crisis del coronavirus evoluciona hora a hora.   🗓️ El 8 de marzo a las 14h hubo informaciones que apuntaban a un posible aumento de casos en Madrid. 🧐  El cambio tuvo lugar la noche del domingo.    🔁 El lunes se pasó al escenario de contención reforzada.  https://t.co/oDPbMOYN0G","negative","neutral",NA
"1244652440101818370","psoe","🦠 La culpa la tienen las feminazis.  ¿Lo habéis visto en miles de perfiles y bots difundidos de forma viral por la ultraderecha y la derecha? ¿A que sí?  Pues NO. 🙋🏻‍♀️ Las manifestaciones feministas del 8M NO fueron culpables de la extensión de la pandemia.  👇🏻 HILO de por qué NO.  https://t.co/EF1ifeeoeJ","negative","negative",NA
"1244647254125957123","psoe","Prestación extraordinaria para autónomos. 👇  Cuyas actividades queden suspendidas o cuando su facturación del mes anterior se reduzca en, al menos, un 75%.  #EsteVirusLoParamosUnidos  https://t.co/x2qfEJWI4s","neutral","neutral",NA
"1244639101644611585","psoe","🗞 @salvadorilla: “Estamos en el pico de la curva epidémica o muy cerca de él”  Toda la información en nuestra web 👇🏽  #EsteVirusLoParamosUnidos    https://t.co/5McTIjJDkz","negative","neutral",NA
"1235159884376797184","psoe","📺 @G_Caballero_M en @DebatAlRojoVivo: Cuando preguntamos a los gallegos por los principales problemas responden:  🏥 Sanidad 🏡 Despoblación  👩‍💼 Empleo  3 fracasos de Feijóo tras 11 años de Gobiernos en la Xunta de Galicia.  #AHoraDoCambio  https://t.co/M9purIFTDT","positive","negative",NA
"1235150158159020034","psoe","📺 @G_Caballero_M en @DebatAlRojoVivo: Queremos que Vox no entre en el parlamento gallego porque sería terrible para Galicia.   Yo creo que habrá una mayoría de cambio en Galicia para poner fin a la etapa de Feijóo.  #AHoraDoCambio  https://t.co/Q66XEZceZU","neutral","negative",NA
"1235138057399083008","psoe","🙋‍♀️ 𝗡𝗼 𝗵𝗮𝘆 𝗺𝗶𝗻𝗶𝘀𝘁𝗿𝗼𝘀 𝗺𝗮𝗰𝗵𝗶𝘀𝘁𝗮𝘀, 𝗵𝗮𝘆 𝘂𝗻 𝗴𝗼𝗯𝗶𝗲𝗿𝗻𝗼 𝗳𝗲𝗺𝗶𝗻𝗶𝘀𝘁𝗮, 𝗱𝗲𝗹 𝗽𝗿𝗶𝗺𝗲𝗿𝗼 𝗮𝗹 𝘂́𝗹𝘁𝗶𝗺𝗼.  👉 @Adrilastra  https://t.co/3OSXeGYJuC","positive","neutral",NA
"1235121068806832128","psoe","📻 @CelaaIsabel Es posible superar el ruido y alcanzar un Pacto de Estado. El sistema educativo no puede quedarse al margen de los retos de futuro.  Era necesario el cambio de ley por el retroceso que trajo la LOMCE. No era una buena ley.  @HoyPorHoy  #LaEducaciónDelSigloXXI  https://t.co/ylDEiwXeF7","positive","negative",NA
"1235118898111905793","psoe","📻 @CelaaIsabel La coeducación es un elemento rector en la Ley de Educación.  No tiene sentido que en el siglo XXI haya escuelas que separen por sexos. En los centros sostenidos con fondos públicos habrá presencia equilibrada de niños y niñas.  @HoyPorHoy  #LaEducaciónDelSigloXXI  https://t.co/Qt6GGAD8f4","positive","neutral",NA
"1235117721634906112","psoe","📻 @CelaaIsabel Tenemos un texto encima de la mesa para poder llegar a un Pacto de Estado.  Es un buen texto, es una buena ley. Y pido que las fuerzas políticas seamos capaces de traspasar la barrera del sonido.  @HoyPorHoy  #LaEducaciónDelSigloXXI  https://t.co/7rKcTjJe0C","positive","positive",NA
"1235116437401817089","psoe","📻 @CelaaIsabel No hay nadie en el gabinete que sea machista.  El debate enriquecerá la #LeyLibertadSexual y los proyectos de ley se mejoran.  @HoyPorHoy  https://t.co/3OXAukArkE","positive","neutral",NA
"1234923993695694848","psoe","🙋‍♀️ @carmencalvo_: Este domingo #8M vamos a volver a salir a las CALLES.  💜 🙋‍♀️ La mejor imagen de España será la del #8M2020   Somos #MujeresIgualesYLibres 💜  https://t.co/fmOLqDE7bq","positive","neutral",NA
"1234921419215077381","psoe","🙋‍♀️ @carmencalvo_ Este domingo #8M vamos a volver a salir a las calles para que la mejor imagen de España no sea la de la Plaza de Colón.  Debemos demostrar que somos una sociedad madura con mujeres resistentes, iguales y libres.  #MujeresIgualesYLibres 💜  https://t.co/iGkxDQye87","positive","neutral",NA
"1234919614620033024","psoe","🙋‍♀️ @carmencalvo_  La ultraderecha nos ha puesto en su punto de mira.   Pero esta es una revolución pacífica e imparable. Y los hombres demócratas saben que la igualdad es el único paraguas bajo el que avanzar.  No nos van a poder parar 💪.  #MujeresIgualesYLibres  https://t.co/J3LJ11PVQZ","positive","neutral",NA
"1234918057476313092","psoe","🙋‍♀️ @carmencalvo_  Somos resistentes. Somos el único cuerpo extraño que llega para quedarse. Y aquí seguimos.  Estamos subiendo una escalera histórica. Y las mujeres jóvenes se han incorporado y han hecho suya también esta lucha.   #MujeresIgualesYLibres  https://t.co/fo7QPBddsK","negative","positive",NA
"1234917219139760130","psoe","🙋‍♀️ @carmencalvo_ Nosotras somos el único sujeto político del feminismo.   Somos la transversalidad.  No tenemos que pedir permiso, sino hacer política a lo grande.  #MujeresIgualdesYLibres  https://t.co/Vo4POx8WGX","positive","neutral",NA
"1234916468124508162","psoe","🙋‍♀️ @carmencalvo_  El feminismo es imparable 📣  Es imbatible y no tiene punto de retorno.  👉 Es la lógica del propio sistema democrático.   #MujeresIgualesYLibres  https://t.co/XRLQJgnPxq","positive","neutral",NA
"1234915767633825792","psoe","🙋‍♀️ @carmencalvo_  Seremos iguales si somos libres. Y si somos libres no estará nuestro cuerpo en venta.  Estamos en contra de la prostitución. Y eso tiene nombre: ABOLICIONISMO.  Reivindicamos ser dueñas de nuestros cuerpos.  #MujeresIgualesYLibres  https://t.co/YaTWCZppDl","positive","neutral",NA
"1234914993772081152","psoe","🙋‍♀️ @carmencalvo_ Nadie va modificar el significado ni el concepto de la #ViolenciaDeGénero.  Hemos ensanchado el castellano con nuevos conceptos como el género o el empoderamiento.  Es importante nombrar las cosas.   #MujeresIgualesYLibres  https://t.co/mA3d0KU3ht","positive","neutral",NA
"1234914905725296641","psoe","🙋‍♀️ @carmencalvo_  Queremos una democracia plena donde la mayoría social de la población no sufra injusticias.  Hemos reivindicado en la calle desde hace años nuestra agenda. Hemos dado todas las batallas y hemos mejorado los derechos civiles de todos.  #MujeresIgualesYLibres  https://t.co/hnOd4y4HLU","positive","neutral",NA
"1234914057368547329","psoe","🙋‍♀️ @carmencalvo_  Hay progreso o retroceso. Feminismo y futuro.  Lo otro es pasado.  Ahí está el #PSOE, en sinergia con las mujeres, que somos el único sujeto político del feminismo.  Nosotras no somos un colectivo. Somos más de la mitad de la sociedad.  #MujeresIgualesYLibres  https://t.co/4QHhgFv8Qg","positive","neutral",NA
"1234913489363312640","psoe","🙋‍♀️ @carmencalvo_  Para ser feminista no hace falta pedigrí, sino un corazón democrático.  Los socialistas tenemos 140 años de historia y sabemos interpretar España: Somos un partido feminista.   Socialismo + feminismo, sinergia imparable.  #MujeresIgualesYLibres  https://t.co/IdZNFdwGNz","negative","positive",NA
"1234911183527911425","psoe","🙋‍♀️@Lorenamp82 La lucha de las mujeres no es nueva. En nuestra hermandad está nuestra fuerza.   14 mujeres han sido asesinadas este año. Lo peligroso es que algunos han abrazado el negacionismo para alcanzar el poder.  El #8M no daremos #NiUnPasoAtrás  #MujeresIgualesYLibres  https://t.co/KPYWAReMVq","negative","negative",NA
"1234901987596152834","psoe","📣📣📣🙋‍♀️ ¡Atención!  No os perdáis nuestro acto 💜 #8M, que comienza a partir de las 19:00h.  🔝 Intervendrá @carmencalvo_  ¿Dónde puedes verlo? 👇 📲  https://t.co/521gZNpiJ6 💻 facebook-com/psoe  https://t.co/g1rRiL1HMW","positive","neutral",NA
"1234026880916951041","psoe","Las Islas Baleares son nuestra particular joya mediterránea.  “Entonces surgieron las islas luminosas, de un azul tan puro y tan violento, que excedía al fulgor del firmamento…” Sophia de Mello.  ¡Feliz #DiadelesIllesBalears!  https://t.co/nIpwd4Pyag","neutral","positive",NA
"1233477624787329024","psoe","🗣Nuestro secretario de Organización y ministro de Transportes, Movilidad y Agenda Urbana, José Luis @abalosmeco, interviene mañana sábado, en un acto en San Juan del Puerto (Huelva)  📡podréis seguirlo en directo a partir de las 11:30 horas.  https://t.co/2BuqfUSE2J","neutral","neutral",NA
"1233473960077074433","psoe","🗣Nuestra vicesecretaria general y portavoz del @gpscongreso, @Adrilastra, interviene mañana sábado, en un acto en Menasalbas, Toledo.   ⏰ 12:00h  https://t.co/de9zOZMN6e","positive","neutral",NA
"1233457302730084352","psoe","El 28 de febrero de 1986, el primer ministro sueco, Olof Palme, fue asesinado.   Socialdemócrata, pacifista y firme defensor del Estado de bienestar y de los Derecho Humanos.   Continúa siendo un ejemplo de lucha contra la desigualdad y una fuente de inspiración.  https://t.co/6li3th0hmh","negative","positive",NA
"1233423096490725378","psoe","¿Aún no tienes la APP de 'El Socialista'? 😱  🔊 ¿Quieres recibir toda la información del #PSOE? 😊  🌹Todas las noticias en un solo clic.   ¿A qué esperas para descargarla?  📲Android:  https://t.co/vzAZJZs36u  📲iOS:  https://t.co/ES3nlaDVhP  https://t.co/HVOTKOR3pi","negative","neutral",NA
"1233393444799877127","psoe","🗣¡Extra, extra‼️🗞  Ha salido ""El Socialista""  ¿Quieres ver todos los contenidos que hemos preparado para ti?  Aquí te dejamos el boletín completo👇🏽  ▶️ https://t.co/bPGsa86ngQ  https://t.co/El2k4H7vXI","positive","neutral",NA
"1233376113809928193","psoe","Los y las socialistas de Euskadi han defendido la libertad hasta sus últimas consecuencias. Siempre.  ¡Qué desalmados los que han atacado la Casa del Pueblo con el nombre del primer concejal del #PSOE asesinado por ETA!  Un abrazo, compañeros y compañeras del @PSEEELasarteOri","positive","negative",NA
"1233366594539212800","psoe","💚 Queremos reconocer el mérito de estas mujeres que luchan por terminar con el #RetoDemográfico y que tienen que hacer un esfuerzo extra para romper estereotipos y avanzar.  📽️ Escucha a Vicenta García, alcaldesa de Osa de la Vega, un pequeño pueblo de Cuenca.  https://t.co/gChv6m6irm","positive","neutral",NA
"1233348555588489217","psoe","💚🤍💚  Sabemos luchar por cambiar las cosas, y nunca retrocedemos.  Somos la esperanza, la unidad y la solidaridad de un pueblo.  💚🤍💚  #DíaDeAndalucía #AndalucíaVolvamosASoñar #28Febrero  https://t.co/lo8uTXv7oQ","positive","neutral",NA
"1233342349230690304","psoe","Tras la reunión institucional, la presidenta @ConchaAndreu ha anunciado los acuerdos que se han suscrito:  💻 Convertir La Rioja en la capital digital del español 🍷   Posicionar La Rioja como 'enorregión' a nivel mundial ♻   Crear la ciudad del envase y del embalaje  https://t.co/PLS44XixoQ","positive","positive",NA
"1233342346949005312","psoe","🤝 @sanchezcastejon inicia la agenda de diálogo territorial en #LaRioja, donde se reúne la Comisión Delegada para el #RetoDemográfico.   El Gobierno pone hoy en marcha un plan de choque contra la #despoblación con 30 medidas específicas para abordar el #RetoDemográfico.  ▶️ @rtve  https://t.co/2N027jjaqM","neutral","neutral",NA
"1233327555626897411","psoe","🌹 El presidente del Gobierno y secretario general del #PSOE, @sanchezcastejon, ya se encuentra reunido con la primera presidenta de la historia de La Rioja, @ConchaAndreu.  #EsTiempoDeMujeres #OrgulloSocialista  #CompromisosLaRioja  https://t.co/32V4oM4Hdn","positive","neutral",NA
"1233324575095652352","psoe","🗞️ ""Un cambio hacia una movilidad sostenible nos hace ganar a todos.  Se trata de medio ambiente, calidad del aire y reducción de emisiones de gases de efecto invernadero""  🌳 Entrevista de @Teresaribera en @eldiarioes    https://t.co/YnzUTo9liq","positive","neutral",NA
"1233308280975429632","psoe","📻 @mjmonteroc Subir el IVA está descartado. Como gobierno progresista preferimos una fiscalidad progresiva, por la que pague más quien más tiene. Eso es justicia fiscal.  📸 @HoyPorHoy  https://t.co/ntBHUKcW45","positive","negative",NA
"1233306898797154304","psoe","📻 @mjmonteroc En Cataluña hay un conflicto político innegable al que la ciudadanía nos pide que le demos una solución en la que se sienta cómoda en su encaje con España.  El resto de territorios deben tener tranquilidad:  Ninguna solución va a quebrar la igualdad.  📸@HoyPorHoy  https://t.co/6Ez2uT4avZ","positive","negative",NA
"1233305347005321216","psoe","📻 @mjmonteroc Llamamiento a todos los partidos a que pongan por delante los intereses de la ciudadanía por delante de los intereses electorales.  Tengo descartado mentalmente una prórroga de los #PGE. Pero es verdad que el #PP bloquea y se autodescarta.   📸 @HoyPorHoy  https://t.co/1yqQIvwsl5","positive","negative",NA
"1233303905959923712","psoe","📻 @mjmonteroc Queremos que antes del verano, los #PGE estén aprobados. Acompasados con los Presupuestos, pretendemos tramitar las diferentes medidas fiscales.  Se trata de apuntarlar empleo digno, haciéndolo compatible con nuestro compromiso con Europa.   📸 @HoyPorHoy  https://t.co/0ElKhKXgFE","positive","neutral",NA
"1233295654065262593","psoe","💚 ¡Felicidades, andaluces y andaluzas!  Hoy es día de fiesta en esta tierra que, además, celebra los 40 años de su Estatuto de Autonomía.   #DiaDeAndalucía  #28F #AndalucíaVolvamosASoñar  https://t.co/8pJLPDEzH3","positive","neutral",NA
"1233289463696105472","psoe","¡Buenos días! ¿☕️y 📻?  👉 Escucha a @mjmonteroc en @HoyPorHoy con @AngelsBarcelo.  A partir de las 9:00h.  ▶️ https://t.co/ifK5nAv5Y6  https://t.co/gcW5v0qVvG","positive","neutral",NA
"1233147433808474113","psoe","✌🏼🤞🏼👌🏼🤛🏻 Hacer política en lengua de signos.  Alberto Torres, un activista en favor de las personas sin audición, será concejal del ayuntamiento de #Santander.  ¡Bravo! 👏🏽   https://t.co/wCGdUgCz3b","positive","neutral",NA
"1233100005143085057","psoe","⚫ Se confirma el fallecimiento del Comandante Garvalena, de la #PatrullaÁguila, que iba a bordo del C-101 accidentado en La Manga, Murcia.   Desde el #PSOE queremos trasladar nuestro pésame a sus familiares y a todos sus compañeros y compañeras del @EjercitoAire.  https://t.co/BuHAiivUBE","neutral","negative",NA
"1227321934662295555","psoe","👏🏽 El @Congreso_Es aprueba que se empiece a tramitar la proposición de Ley de la #Eutanasia del @gpscongreso para que sea:  ✍ Libre  🤝 Consentida 🗣 Informada 👤 Voluntaria  España necesitaba dar este paso en la ampliación de derechos y libertades.  #VidaDignaMuerteDigna  https://t.co/x3n1gh4D8y","positive","neutral",NA
"1227301832692817920","psoe","🤔Dos expresidentes del Gobierno y del PP, Aznar y Rajoy, sentados en el banquillo como testigos de la caja B del @populares  Poco a poco los españoles vamos conociendo cómo se gestó y evolucionó uno de los episodios más vergonzosos de la historia del PP   https://t.co/nr0fphMgco","negative","negative",NA
"1227286875406262273","psoe","𝐋𝐞𝐠𝐚𝐥𝐢𝐳𝐚𝐦𝐨𝐬 𝐞𝐥 𝐝𝐞𝐫𝐞𝐜𝐡𝐨 𝐩𝐚𝐫𝐚 𝐩𝐨𝐧𝐞𝐫 𝐟𝐢𝐧 𝐚𝐥 𝐬𝐮𝐟𝐫𝐢𝐦𝐢𝐞𝐧𝐭𝐨 𝐢𝐧𝐜𝐮𝐫𝐚𝐛𝐥𝐞 𝐜𝐨𝐧 𝐥𝐢𝐛𝐞𝐫𝐭𝐚𝐝.  #VidaDignaMuerteDigna  https://t.co/72hfb7aLkP","neutral","neutral",NA
"1227280061176385536","psoe","𝐄𝐥 𝐝𝐞𝐫𝐞𝐜𝐡𝐨 𝐚 𝐦𝐨𝐫𝐢𝐫 𝐜𝐨𝐧 𝐝𝐢𝐠𝐧𝐢𝐝𝐚𝐝.  #VidaDignaMuerteDigna  https://t.co/ceqFC65kHA","neutral","neutral",NA
"1227277929186390018","psoe","𝐓𝐞𝐧𝐞𝐫 𝐮𝐧𝐚 𝐦𝐮𝐞𝐫𝐭𝐞 𝐥𝐞𝐠𝐚𝐥 𝐲 𝐞𝐥𝐞𝐠𝐢𝐝𝐚.  #VidaDignaMuerteDigna  https://t.co/daXaZD07Nw","neutral","neutral",NA
"1227275508112666626","psoe","𝐀𝐧𝐭𝐞 𝐞𝐥 𝐬𝐮𝐟𝐫𝐢𝐦𝐢𝐞𝐧𝐭𝐨 𝐢𝐧𝐭𝐨𝐥𝐞𝐫𝐚𝐛𝐥𝐞, 𝐞𝐥 𝐝𝐞𝐫𝐞𝐜𝐡𝐨 𝐚 𝐦𝐨𝐫𝐢𝐫 𝐜𝐨𝐧 𝐥𝐢𝐛𝐞𝐫𝐭𝐚𝐝.  #VidaDignaMuerteDigna  https://t.co/dAlSGALQal","neutral","negative",NA
"1227272073095065600","psoe","📽️ Ángel Hernández: ""He cuidado a mi mujer 30 años, y el último fue algo realmente terrible.  Decidimos que esto ya no podía seguir adelante.""  ¿Hace falta más sufrimiento?   #VidaDignaMuerteDigna  https://t.co/HOYYbGriR6","negative","negative",NA
"1227269316510396416","psoe","𝐄𝐥 𝐝𝐞𝐫𝐞𝐜𝐡𝐨 𝐚 𝐞𝐣𝐞𝐫𝐜𝐞𝐫 𝐥𝐚 𝐮́𝐥𝐭𝐢𝐦𝐚 𝐥𝐢𝐛𝐞𝐫𝐭𝐚𝐝.  #VidaDignaMuerteDigna  https://t.co/cWdCqJwKoY","neutral","neutral",NA
"1227264135433478151","psoe","🏛 @luisacarcedo: El dolor y el sufrimiento no entiende de ideologías.  Tengamos un nuevo derecho. Quien quiera que lo use y quien quiera que no lo use.  #VidaDignaMuerteDigna  https://t.co/4NzDEGLu8b","negative","neutral",NA
"1227263468308316160","psoe","🏛 @luisacarcedo: Es una Ley muy demandada por algunos colectivos; agradezco su perseverancia, especialmente al doctor Montes.  Es una ley de la que somos partidarios mayoritariamente los profesionales médicos.  #VidaDignaMuerteDigna  https://t.co/YMUlv6P9yW","negative","neutral",NA
"1227262604118315008","psoe","🏛️ @luisacarcedo: Estas personas deben de padecer una enfermedad grave, invalidante, que no tiene tratamiento efectivo; que se sabe como evoluciona, pero que no puede ser aliviada.  Durante ese tiempo las personas sufren. Hay que sacar esta Ley adelante.  #VidaDignaMuerteDigna  https://t.co/VJ3Errfe5N","negative","negative",NA
"1227261059213463552","psoe","🏛️ @luisacarcedo: Permítanme recordar que en este tiempo, con idas y venidas sin poder aprobarse la Ley, muchas personas en nuestro país sufrieron, sufren y seguirán sufriendo sin comprender por qué los políticos no abordamos de una vez este asunto.  #VidaDignaMuerteDigna  https://t.co/iPro4dbG3h","positive","negative",NA
"1227260567158693889","psoe","📽️ @luisacarcedo: El dolor humano no tiene ideología. El dolor y el sufrimiento es para todas las personas.  #VidaDignaMuerteDigna  https://t.co/tv89PxI70I","negative","neutral",NA
"1227259673352589312","psoe","📽️ @luisacarcedo: “Lo hice yo, pero estoy tranquilo. Ella ha dejado de sufrir” Así cumplió Ángel Hernández.   Su mujer, Maria José, le rogaba que la ayudara a morir. Su decisión le costó la paradójica acusación de VdG.  Sufrió hasta cárcel.  #VidaDignaMuerteDigna  https://t.co/01C4cUHt8T","positive","negative",NA
"1227254781703487489","psoe","📽️ @luisacarcedo: La Ley de #Eutanasia aporta un nuevo derecho para todas aquellas personas con una enfermedad grave, irreversible o invalidante.  La Ley establece un procedimiento garantista y con seguridad jurídica.  #VidaDignaMuerteDigna  https://t.co/n90doF5bP3","negative","neutral",NA
"1227247328181932032","psoe","📽️ @salvadorilla: Hoy se toma en consideración y arranca el proceso de regulación de la Ley Orgánica de la #eutanasia.  Defendemos un derecho sobre el que hay un amplísimo consenso social y una alta demanda de que sea reconocido.  #VidaDignaMuerteDigna  https://t.co/HU7qyVDTqW","negative","neutral",NA
"1227244914641117185","psoe","🗞️ Dice el PP: “Para el PSOE la eutanasia es una política de recortes. Quieren ahorrar costes”  No se puede jugar de manera más ruin con la vida de las personas.  Se lo debemos a la sociedad española.  #VidaDignaMuerteDigna   https://t.co/L30HEL0mjT","negative","negative",NA
"1227239694515048450","psoe","L@s españoles somos libres para decidir sobre nuestra vida, pero no sobre nuestra muerte. Ha llegado el momento de que esa realidad cambie.  Presentamos la proposición de Ley para que la Eutanasia sea:  ✍ Libre 🤝 Consentida 🗣 Informada 👤 Voluntaria  #VidaDignaMuerteDigna  https://t.co/WPzUbd76oa","neutral","neutral",NA
"1227218838489649153","psoe","🏛️ @mjmonteroc: La senda de estabilidad es la garantía de que España sigue alineada en el respeto a las reglas fiscales de la UE.  Se presenta una senda de estabilidad realista y creíble.  #CMin  https://t.co/FXjCApq3q3","positive","neutral",NA
"1227217847811821574","psoe","🏛️ @mjmonteroc: La Ley de Presupuestos es en la que el ejecutivo plasma la identidad de este Gobierno de progreso:   ⚖️ Reducción de desigualdades 👩‍🏭 Defensa clase media 🏥 Defender el Estado del bienestar 🌳 Apuesta por una transición ecológica  #CMin  https://t.co/3HfifTvrXF","positive","neutral",NA
"1212806009892327426","psoe","Iniciamos una década cargada de desafíos y oportunidades.  🇪🇺 Fortalecer el proyecto europeo.  🌎 Reforzar las relaciones con América Latina y África.  España debe jugar un papel fundamental en el multilateralismo, @Hectorgomezh.  https://t.co/Sj6fi51KJE","positive","neutral",NA
"1212783863845380096","psoe","Nuestro compromiso es seguir trabajando por la igualdad de oportunidades para todas y todos, la cohesión social, y la lucha contra la desigualdad.  @nuriamarinlh: Queremos construir una sociedad más solidaria e inclusiva.  https://t.co/R3HstPRb2j","negative","positive",NA
"1212756936304648193","psoe","🌹@FmartineL: La sociedad tiene deber de memoria. Nuestro reto es actualizar la Ley de Memoria histórica y sacar a las víctimas del olvido.  En esta década la Memoria tiene que convertirse en política de Estado.  https://t.co/EqMs0IYCFC","positive","neutral",NA
"1212734230083645440","psoe","Trece días en silencio.  Son los días que Olalla lleva sin poder escuchar.  Ayudemos a su familia a encontrar sus implantes cocleares para que Olalla vuelva a oír el mundo que les rodea.","positive","negative",NA
"1212709152964911104","psoe","Los grandes retos de la década son:  👩‍🔬La igualdad. ♀ El feminismo. 🌍 El planeta.  @susana_ros: Desde el #PSOE seguiremos trabajando para que las mujeres se sientan protegidas, acompañadas y seguras.  https://t.co/JFYeV9pOHh","positive","neutral",NA
"1212671714506821632","psoe","Hoy se cumplen 100 años del nacimiento de Isaac Asimov. Uno de los más prolíficos escritores de ciencia-ficción y divulgación científica.  “Si el conocimiento crea problemas, no es a través de la ignorancia que podamos resolverlos.”   https://t.co/bt4MWUcWUx","positive","neutral",NA
"1212648452095709184","psoe","✅Plan de Salud bucodental.  ✅Eliminación del copago farmacéutico.   ✅Desarrollo de la Ley de Dependencia.  ✅Ingreso Mínimo Vital para evitar la exclusión social, especialmente en la infancia.  @luisacarcedo nos adelanta algunas de las medidas en materia de salud.  https://t.co/uhni8q1od7","negative","neutral",NA
"1212378263672303617","psoe","El cambio climático, la contaminación, el acceso al agua, desafíos ambientales que van muy unidos también a los desafíos de carácter social. ♻️🌍  El #PSOE está plenamente comprometido con los #ODS y la @Agenda2030Esp. 🌱@CristinaNarbona  https://t.co/nG0DaJjYGP","positive","neutral",NA
"1212297426016645122","psoe","Más trabajo y menos desempleo. Trabajo digno, de calidad y bien retribuido. Luchar contra el fraude laboral y construir un nuevo Estatuto de las personas trabajadoras a la altura del siglo XXI.  👩🏻‍🏫👨🏻‍🔧👩🏾‍🍳👷🏽‍♂️  @mvalerio_gu desgrana los principales retos para la próxima década.  https://t.co/IyMRLmVned","positive","neutral",NA
"1344724320761901057","vox","En 2021, VOX seguirá luchando #PorEspaña para que se celebren elecciones libres para que los españoles derroten en las urnas al pero Gobierno 💪🇪🇦","negative","neutral",NA
"1344724319755247616","vox","12. VOX propone en el Senado un plan de rescate a la hostelería y al ocio nocturno que incluya un IVA del 4%.","positive","neutral",NA
"1344724318559883264","vox","11. VOX propone un IVA al 4% para el turismo y créditos sin interés. También propone que se baje el IVA de los gimnasios y productos deportivos al 10%.","neutral","negative",NA
"1344723642089938946","vox","10. VOX lanza la campaña ""Lo nuestro primero"" para promover el consumo de productos nacionales de todos los sectores.","negative","positive",NA
"1344723640806486022","vox","9. VOX presenta en junio en el Congreso una iniciativa para que el Estado distribuya mascarillas gratuitas.","positive","neutral",NA
"1344723639581736963","vox","8. VOX presenta en el Congreso una iniciativa para suprimir el impuesto de Sucesiones y Donaciones.","negative","neutral",NA
"1344723638273134594","vox","7. VOX propone en el Congreso eliminar la mitad de los ministerios como una medida ante la crisis.","negative","negative",NA
"1344723637199396865","vox","6. VOX propone en mayo la suspensión del pago de todos los impuestos y cuotas de la Seguridad Social para las pymes.","negative","neutral",NA
"1344723636033363970","vox","5. VOX presenta en el Congreso un plan para garantizar el recuento real de los fallecidos por COVID-19.","positive","neutral",NA
"1344723197757939717","vox","4. El Grupo Parlamentario de VOX anuncia que donará las subvenciones que recibirá durante los meses de marzo y abril a las asociaciones de víctimas por el COVID-19.","negative","neutral",NA
"1344723196713512964","vox","3. VOX presenta en marzo su plan ""Protejamos España"" para que el Estado asuma las nóminas de los trabajadores y autónomos que no pueden trabajar durante el confinamiento.","neutral","neutral",NA
"1334621551371689990","vox","¿Seguro? 🤔  https://t.co/kI6Kek6eju","positive","neutral",NA
"1334620985258086402","vox","Y este es José Creuheras, jefe de la mafia de Atresmedia.  Muchos españoles empezarán a exigirle responsabilidades cuando le vean salir de los mejores restaurantes de Madrid que tanto frecuenta por blanquear a ETA y a los separatistas y por apoyar al Gobierno de Iglesias y Otegi.  https://t.co/nQ0gD0J8pv","negative","negative",NA
"1334615789425602561","vox","Las élites progres necesitan su ración diaria de odio a España, de desprecio a los trabajadores y de manipulación hacia todo aquello que les haga frente.  Por eso hacen millonario al bufón que pisotea la bandera, apoya al Gobierno del paro y la miseria y miente sobre VOX.  https://t.co/u5EnHuOps9","negative","negative",NA
"1334603493458530306","vox","🔴 @Santi_ABASCAL habla en DIRECTO sobre la crisis migratoria en Canal 4 Tenerife.  ¡No te lo pierdas!   ⬇⬇⬇   https://t.co/skM1Fv9pqL","negative","neutral",NA
"1334597058095951884","vox","‼ @Santi_ABASCAL llega a Canarias.  Así le han recibido los vecinos de Santa Cruz de Tenerife al llegar al hotel.  Mañana participará en la manifestación de vecinos y empresarios de Puerto Rico de Gran Canaria 💪🇪🇸  https://t.co/iy1Q3n0EoE","positive","neutral",NA
"1334571995472781313","vox","⚠️ Motín en el centro de menas de la Casa Campo acaba con cuatro agentes de Policía heridos.  Por mucho que el buenismo progre trate de encubrirlo, la inmigración ilegal representa un grave problema para nuestros barrios.  📢 #FueraMenas   https://t.co/cC18vHFP9T","negative","negative",NA
"1334508259609366533","vox","Aplausos que salpican sangre y miseria.   Son los presupuestos de la ETA y de la ruina de los españoles.","negative","negative",NA
"1334488139767943172","vox","Los okupas siguen campando a sus anchas, amenazando y agrediendo brutalmente a quienes se ponen en su camino.  Y el Gobierno está con ellos.  https://t.co/fvHX2eOGz6","negative","negative",NA
"1334466696636198913","vox","Señor Maroto, hay comparaciones que son perversas. ¿Qué partido o banda pide matar a las mujeres? Si existiese, VOX pediría su ilegalización.  ETA ha asesinado premeditadamente a hombres y mujeres por ser españoles. Usar los argumentos de la izquierda, os convierte en lo mismo.  https://t.co/nTawXBbgJv","negative","negative",NA
"1334446310095794176","vox","‼ Declaración de @Santi_ABASCAL   ""Nunca apoyaremos, bajo ninguna presión o chantaje, las cuentas de un gobierno entregado a todos los enemigos de España"".  ¡Distancia infinita con la banda de Pedro Sánchez y Arnaldo Otegi!  💸 Son los #PresupuestosDeLaRuina  https://t.co/OyaDkxi8uc","positive","negative",NA
"1334429584796884994","vox","Este es José Creuheras, jefe de la banda de manipuladores de Atresmedia.  Con La Sexta blanquea a ETA y a separatistas y apoya al Gobierno de la miseria mientras señala a dirigentes de VOX para que se les odie y se les agreda.  Asumirá sus responsabilidades ante los españoles.  https://t.co/nTyVJdxHEq","negative","negative",NA
"1334275422171893760","vox","Y sus tertulianos, pagados para alimentar ese odio contra VOX, han dado un paso más: han justificando la ilegalización de VOX con mentiras y utilizando el discurso de la equidistancia entre el partido de la ETA y el partido de Ortega Lara.  https://t.co/GmNmry710N","neutral","negative",NA
"1334275327896530944","vox","⚠️ La Sexta hoy ha incitado al odio y a la violencia contra el tercer partido de España utilizando la mentira para ello.  Os haremos responsables de todas las consecuencias de vuestras #FakeNews  https://t.co/acqmlWUOd5","negative","negative",NA
"1334270919011946498","vox","El trapo te lo pones tú solito. Y entras tú solito.  Para muestra un botón. Otra vez. Déjanos en paz, ""pesao"".","positive","negative",NA
"1334211246539886596","vox","📺 @Ortega_Smith ""Tenemos 72 causas abiertas. Contra esta gente hay que combatirles en todos los terrenos sin bajar la guardia. Están en un cambio de régimen"".  https://t.co/xleaXarQsU","neutral","neutral",NA
"1334211212196913156","vox","📺 @Ortega_Smith sobre la sentencia del golpe independentista:  ""Fue una gran decepción. Están cumpliendo unas penas irrisorias para quienes han dado un golpe de Estado"".  https://t.co/bHjQjNVb2x","negative","negative",NA
"1334211172904677379","vox","📺 @Ortega_Smith ""Inés Arrimadas salió corriendo y vino a Madrid al regazo del Congreso, huyendo del problema en Cataluña. Cuando no se planta cara, las cosas van empeorando"".  https://t.co/1YKc4N4ouv","negative","negative",NA
"1334211138586861570","vox","📺 @Ortega_Smith ""Están poniendo España en manos de mafias internacionales, permitiendo una invasión como está ocurriendo en Canarias, donde nuestro Presidente @santi_Abascal estará en los próximos días"".  https://t.co/H9WC1Fypnt","positive","negative",NA
"1334211104050978819","vox","📺 @Ortega_Smith sobre los Presupuestos:  ""En vez de elevar porcentajes de partidas, hay que eliminarlas, acabar con el gasto político innecesario"".  https://t.co/ljuvXUoaxj","negative","negative",NA
"1334211029950214146","vox","📺 @Ortega_Smith en @eslamananadeFJL:  ""Queremos llegar al gobierno y transformar España"".  ⬇️ Hilo con sus intervenciones ⬇️  https://t.co/2Nb91PtfmZ","negative","neutral",NA
"1328984241275854849","vox","🤝 Políticas sociales:  ✅ Asegurar el equilibrio interprovincial para garantizar la igualdad de oportunidades de todos los andaluces.  ✅ Auditar los inútiles informes de impacto de género que se incorporan a cualquier proyecto y constituyen un gasto político ineficiente.","positive","negative",NA
"1328984239862403077","vox","✅ Ayudas a la ganadería del toro bravo y fomento de las escuelas taurinas.  ✅ Impulso del plan de conocimiento y promoción actividad cinegética e implantar la licencia interautonómica de caza.","positive","neutral",NA
"1328984238188863490","vox","🚜 Mundo Rural y Sector Agrario:  ✅ Ampliación y mejora del plan de infraestructuras hidráulicas. Agua para todos.  ✅ Programa de ayudas a jóvenes agricultores.   ✅ Lucha contra la competencia desleal a nuestros agricultores y control de productos extracomunitarios.","negative","neutral",NA
"1328984236494376960","vox","📺 Canal Sur:  ✅ Reducción de 14 millones de euros en el presupuesto de la televisión autonómica.  ✅ Liquidación de la Fundación Audiovisual de Andalucía.  ✅ Eliminación de uno de los tres canales de TV.  ✅ Potenciación de la emisión de contenidos dirigidos a la Iberosfera.","neutral","negative",NA
"1328984234384629760","vox","‼️ #ÚLTIMAHORA  📝 VOX firma un acuerdo de Presupuestos con 6️⃣5️⃣ medidas con el gobierno de PP y C's en Andalucía.  Volvemos a demostrar nuestra utilidad con los españoles y estaremos vigilantes para que el pacto se cumpla #VOXÚtil 💪🇪🇸  ⬇ HILO ⬇  https://t.co/BKRXXXPC98","positive","neutral",NA
"1328822209373200391","vox","En VOX estamos con la España que trabaja y a la que nadie ayuda.  ¡Fuera paguitas a los que vienen a vivir del cuento y a delinquir!  https://t.co/QEpPXCCXXX","positive","negative",NA
"1328780415918858248","vox","Los médicos denuncian que la falta de transparencia del Gobierno socialcomunista dificulta la gestión sanitaria.  👉 El Ministerio de Sanidad se sirve de la complejidad del sistema autonómico para ocultar los datos a los centros hospitalarios.   https://t.co/G8IZvp7F2O","negative","negative",NA
"1328766581929807874","vox","Patriotismo es que el dinero de los Fondos Europeos vaya destinado a los españoles de a pie, a poner fin a la emergencia social y económica.  Pero los gobiernos de Hungría y Polonia saben, como nosotros, que acabará en manos de la casta política progre y su agenda ideológica.  https://t.co/UwNQyBSyRr","negative","negative",NA
"1328730099269718017","vox","🔎🕵️‍♂️ El PSOE subvenciona a los espías de la inmersión lingüística en los colegios de Cataluña.  La connivencia del Gobierno con el separatismo se acentúa conforme crece la necesidad de Sánchez por aprobar los Presupuestos.  📢 #ProtejamosCataluña   https://t.co/LYAH4pdvON","positive","negative",NA
"1328720887948992512","vox","El Gobierno deniega cerca del 60% de las peticiones del ingreso mínimo vital.  Una mentira más del Gobierno del paro y la miseria que crea indignación a miles de españoles que necesitan ayuda.  📢 #ProtejamosEspaña   https://t.co/mqXfX47Fuw","negative","negative",NA
"1328683305051549702","vox","Son los #PresupuestosDeLaRuina.  ⬇ Aquí te explicamos por qué ⬇  https://t.co/rRdTSPeIXA","neutral","negative",NA
"1328647017552293894","vox","Twitter @NathaliePicquot vuelve a censurar la voz de nuestro compañero @rubnpulido. Su lucha constante frente a la inmigración ilegal le está pasando factura.  Todo nuestro apoyo. Seguiremos luchando frontalmente contra esta invasión sin precedentes.  ¡No estáis solos!  https://t.co/2yx7vFpLB8","negative","negative",NA
"1328455109194493952","vox","‼️ El Gobierno enchufa a más de 1.200 asesores a dedo por un coste de 64 millones de euros.  Más asesores que nunca, más ministerios que nunca, más directores que nunca. El mayor derroche de dinero público en el peor momento.   https://t.co/qPz6XwnNWO","positive","negative",NA
"1328388606264795138","vox","✅ En VOX exigimos que se cumpla con el acuerdo de investidura alcanzado con PP y C's en Andalucía.  Los recursos de los presupuestos andaluces tienen que ir destinados a la emergencia social, sanitaria y económica, esa es nuestra prioridad.  https://t.co/GMcSL6vFGC","positive","neutral",NA
"1328382463098413057","vox","El Gobierno del PSOE se coloca directamente contra los españoles al pactar con los golpistas y con el brazo político de ETA.  Nosotros, con el pueblo español. VOX es la única alternativa al régimen progre y globalista 💪🇪🇸  https://t.co/38JId2JvVC","negative","negative",NA
"1328275253106237440","vox","🔊 A las 12:00, comenzará la rueda de prensa de @Jorgebuxade para analizar la actualidad política.  Puedes seguirla en DIRECTO en este enlace:   https://t.co/dy9l6aEpZu","negative","neutral",NA
"1328079015723339777","vox","📺 En unos minutos, comienza un nuevo programa de La España Viva en @eltorotv.  ➡ Síguelo aquí en directo:  https://t.co/REkvlnd4P0  ¡No te lo pierdas!  https://t.co/xyMQ5HlFY6","neutral","neutral",NA
"1328064656976588800","vox","Por primera vez tenemos 120 diputados del PSOE orgullosos de la banda terrorista ETA. 829 personas asesinadas, décadas de terrorismo, de barbarie, de coches bomba, de terrorismo, de secuestros, de dolor...  👉 Blanquean el terrorismo sin complejos.","negative","negative",NA
"1328036054377635840","vox","""ETA no existe""; por eso cuando se suicida un etarra le dais el pésame a Bildu y cuando negociáis los presupuestos con ellos acercáis etarras al País Vasco.  Con tu cinismo provocador ya no engañas a nadie, Echenique.","negative","negative",NA
"1327954111170547712","vox","La extrema izquierda y su mafia mediática pretenden blanquear el apoyo del brazo político de ETA a los Presupuestos y a este Gobierno.  Y lo hacen atacando al partido de Ortega Lara, de Alcaraz, de Antonio Salvá...  Sois miserables.","negative","negative",NA
"1324311467890495490","vox","‼️ El Gobierno crea un Ministerio de la Verdad para controlar las opiniones de los españoles en las redes sociales y censurar a los medios que no le aplauden.   Estamos ante un Gobierno que antepone su poder al bienestar y a la libertad de los ciudadanos.   https://t.co/c1hwbqW9sh","positive","negative",NA
"1324022078354444292","vox","📈 Con más de 600.000 españoles metidos en ERTE, el paro sube hasta los 3,8 millones.  🛠️ Solidaridad con nuestros trabajadores que ven cómo el Gobierno les condena a la precariedad y la miseria.  📢 #ProtejamosEspaña   https://t.co/ikloope2be","negative","negative",NA
"1323717652163035139","vox","Hace dos años el PP quería ""ser de derechas y atreverse a decirlo"".  Hoy ha pasado a ser de ""centro"".  Nos imaginamos a Pablo Casado dentro de unos meses de rodillas ante Sánchez e Iglesias reconociendo ser de izquierdas para repartirse con el PSOE y Podemos los jueces  🤦‍♂️  https://t.co/h4FGWljqpV","neutral","negative",NA
"1323688556611719170","vox","✈📉 España pierde 31,5 millones de turistas extranjeros y un 86% de ingresos en verano.  El sector más importante del país, arruinado. Este Gobierno enarbola la bandera de la justicia social pero nos condena al paro y la miseria.  📢 #ProtejamosEspaña    https://t.co/5fG0IQdNaH","negative","negative",NA
"1323665338245042176","vox","‼️ Otro récord del PSOE: líderes en paro juvenil.  El desempleo afecta al 40% de los jóvenes españoles. Y muchos de los que trabajan, tienen empleos precarios que les imposibilita independizarse.  Solidaridad con nuestros jóvenes trabajadores.","negative","negative",NA
"1323600491570466816","vox","El que te compara a VOX con Batasuna te dice ahora que bajamos en las encuestas.  Encuestas que hace él mismo previo pago a medias entre el Ministerio de la Oposición, antes llamada derechita cobarde, y Vozpopuli  😂","negative","negative",NA
"1323600262607654918","vox","🚘 El Gobierno de Sánchez agudiza la crisis en el sector automovilístico: caen un 37% las matriculaciones en 2020.  ✅ Exigimos reforzar la industria del automóvil y alejarse de las transiciones ecológicas forzadas y coactivas.  📢 #ProtejamosEspaña   https://t.co/e7otmapQBh","negative","negative",NA
"1323589220087287810","vox","El PP, con 88 escaños, puede preguntar todos los miércoles.  VOX, con 52 escaños, solo puede preguntar 1 de cada 5 miércoles.  El ABC, con miles de lectores de VOX (aunque cada vez menos), manipula contra VOX de lunes a domingo 🤦‍♂️  https://t.co/x0KQkraHuX","negative","negative",NA
"1323557718662254593","vox","📺 @Jorgebuxade ""Hay dos opciones de Europa: la Unión Europea federal o la idea original de la Comunidad Económica Europea de naciones libres y soberanas"".  https://t.co/EvhF88xd1o","positive","neutral",NA
"1323557619785699331","vox","📺 @Jorgebuxade habla sobre censura de la izquierda en las redes sociales 👇  https://t.co/Df5VZM4CcG","negative","negative",NA
"1323557546993528832","vox","📺 @Jorgebuxade ""La oposición está muy unida en #Los52deVOX porque otros partidos han decidido convertirse en un nuevo ministerio del Gobierno"".  https://t.co/coraZeK6aA","negative","neutral",NA
"1323557473484181507","vox","📺 @Jorgebuxade ""VOX siempre ha estado en la intemperie, en cambio el PP necesita estar bajo el paraguas del consenso progre"".  https://t.co/COxnNRwU64","positive","negative",NA
"1323556674905481216","vox","📺 @Jorgebuxade ""Proponemos test masivos, el aislamiento de los contagios y desarrollar la actividad económica con prudencia"".  https://t.co/N0Blp88XsC","positive","neutral",NA
"1323556611047251968","vox","📺 @Jorgebuxade ""El toque de queda esconde la falta de medidas reales del Gobierno y es, a su vez, un nuevo experimento totalitario"".  https://t.co/d2P55W1T69","negative","negative",NA
"1323556032254279680","vox","📺 @Jorgebuxade en @eltorotv ""La Agenda 2030 no se ha votado en el Congreso, de repente fue impuesta por los que quieren la gobernanza mundial"".  ⬇ Hilo con sus intervenciones ⬇  https://t.co/YcV48zVfxG","neutral","neutral",NA
"1323423255919759360","vox","Hola @NathaliePicquot  Censuráis a VOX por utilizar un vídeo de los atentados de Viena porque ""muestra personas muertas o en el momento de su muerte"".  ¿Por qué tenéis doble vara de medir?, ¿hay víctimas de primera y de segunda?, ¿pretendéis ocultar los atentados islamistas?  https://t.co/FhunFEcJuL","negative","negative",NA
"1323231588952526851","vox","Hola La Sexta, Lo País y ABC, esta imagen es falsa.   Que ya os vemos utilizándola como pollos sin cabeza para atacar a VOX 😂  https://t.co/SnDku5Xb2v","negative","negative",NA
"1323227558511550464","vox","Podéis atacarnos todos a la vez, tenemos respuestas para todos 💪🇪🇸  https://t.co/KgOXb1EiRc","neutral","neutral",NA
"1323035416811999241","vox","Los traficantes de personas matan.  Y los terroristas que traen en sus barcos, como el último de Niza, también.","neutral","negative",NA
"1323007003774590976","vox","Mientras millones de españoles pierden su trabajo, la izquierda se manifiesta para que cierren los CIEs y los menas y los inmigrantes ilegales campen a sus anchas.  En VOX, primero con nuestros refugiados: mileuristas, parados, jóvenes expatriados, autónomos, comerciantes...  https://t.co/VBWg3Bgotc","positive","negative",NA
"1289127512967122944","vox","La izquierda y las élites globalistas comparten objetivos y estrategias, por eso camuflan la inmigración ilegal con expresiones como ""temporeros"" o ""migrantes"".  Son culpables de prometerles un paraíso que no existe y después son los españoles los que sufren las consecuencias.","negative","negative",NA
"1266366486525800455","vox","Su escudo social es una coraza que perpetúa los privilegios de sus protegidos a cuenta de la prosperidad de millones de familias españoles.   https://t.co/L6iCENNjgK","positive","positive",NA
"1266340111890989058","vox","El respeto del PSOE por las instituciones es nulo: propaganda institucional, inexistencia de la separación de poderes y despidos y ceses arbitrarios.  ⬇️ Esto es el PSOE y en esto han convertido España ⬇️  https://t.co/90947ZV5Dv","neutral","negative",NA
"1266326770409713664","vox","📺 @Macarena_Olona sobre el cierre de Nissan y Alcoa en España: ""Nuestro tejido industrial se nos está deslizando por los dedos; y las medidas que se adoptan desde este Gobierno no son responsables"".  #GobiernoDimisión  https://t.co/R4XmfGFZ8g","neutral","negative",NA
"1266326767599484936","vox","📺 @Macarena_Olona ""La Guardia Civil únicamente apoya a la Patria, defenderán a España en todas sus manifestaciones"".  https://t.co/mccb36rLku","positive","neutral",NA
"1266326764671901696","vox","📺 @Macarena_Olona sobre el #IngresoMinimoVital: ""Los españoles no quieren tener que depender del Estado, quieren un trabajo digno y eso es lo que apoyamos desde VOX"".  https://t.co/mWchMapDcL","positive","neutral",NA
"1266326762033725440","vox","📺 @Macarena_Olona ""Nosotros acudimos a los tribunales para depurar responsabilidades"".  https://t.co/jCnVsQ2qm2","neutral","neutral",NA
"1266326759286493184","vox","📺 @Macarena_Olona ""Se nos ocultó la información a todos los españoles"".  https://t.co/5OPfskpw5m","neutral","negative",NA
"1266326755889029122","vox","📺 @Macarena_Olona ""Queremos volver a la normalidad de los españoles que con tanto esfuerzo nos ha costado construir y que este Gobierno socialcomunista pretende destruir"".  https://t.co/62LQnVakk0","positive","negative",NA
"1266326753087295493","vox","📺 @Macarena_Olona ""Agradezco a @ivanedlm ese ejercicio de dignidad levantándose y abandonando la sala con esa respuesta chulesca del vicepresidente del Gobierno"".  https://t.co/24zuJ6X2iU","neutral","negative",NA
"1266326749727555584","vox","📺 @Macarena_Olona ""Desde la tribuna de oradores se llama a liquidar a la tercera fuerza política con la permisividad de la presidenta del Congreso y del presidente de una mal llamada Comisión de Reconstrucción"".  https://t.co/OPKIJ4K2Ut","negative","negative",NA
"1266326746372202498","vox","📺 @Macarena_Olona barre a los tertulianos progres de una TVE que desconoce la neutralidad política.  Una vez más, VOX gana la batalla. La verdad siempre triunfa 💪🇪🇸  ⬇ Hilo con sus intervenciones ⬇  https://t.co/rKx0iOYxVg","neutral","negative",NA
"1266288747714236416","vox","⚠ Facebook contrata a la agencia de noticias controlada por Pedro Sánchez para censurar y señalar las noticias de medios críticos con el Gobierno y las opiniones de los ciudadanos.  El #GobiernoGranHermano avanza. VOX se compromete a frenarlo en el Congreso y en los Tribunales.","negative","negative",NA
"1266279225700450307","vox","🚨 Apoyamos a Trump en su defensa de la libertad de expresión en las redes sociales.  En VOX sentimos una gran preocupación por el hecho de que en España se está retrocediendo en un derecho fundamental como es el de la libertad de expresión.  📰 Comunicado  https://t.co/Kq1pLSEaZF  https://t.co/TJITSSnHQs","positive","negative",NA
"1266062610039963648","vox","📲💻  @Santi_ABASCAL ya en directo en la VII edición de 🍻 cañas solidarias @canasporespana online   ⭕ Síguelo en DIRECTO aquí:   https://t.co/iVbixcm4g8  https://t.co/CTYZKebESH","positive","neutral",NA
"1266041441295511553","vox","⏰ Cada segundo de este vídeo retrata a la perfección al PSOE: fraude y traición.","negative","negative",NA
"1265954356878348288","vox","El Gobierno ha impedido durante meses el luto para protegerse de los españoles mientras atacaba los cimientos del Estado de Derecho.  No olvidemos nunca lo que nos han hecho. No puede quedar impune su crimen contra la salud, la prosperidad y la libertad.   https://t.co/7GXBMHy3nS","neutral","negative",NA
"1265946963830243328","vox","📺 @ivanedlm ""Estamos analizando la moción de censura, hay motivos de sobra"".  https://t.co/SXfLvGfwcE","negative","neutral",NA
"1265946961385082880","vox","📺 @ivanedlm ""Las agresiones físicas siempre vienen del mismo lado. La izquierda es la que genera la crispación"".  https://t.co/Qgslld5HpP","neutral","negative",NA
"1265946958742654982","vox","📺 @ivanedlm ""En cuanto lleguemos al poder derogaremos inmediatamente la ley de memoria histórica"".  https://t.co/Gpl7cWWMzS","neutral","neutral",NA
"1265946956427395073","vox","📺 @ivanedlm ""Iglesias no sabe gobernar. Está diseñado para los escraches, quemar contenedores y alertas antifascistas. Este Gobierno está deteriorando la democracia"".  https://t.co/7JQtmS3PdZ","positive","negative",NA
"1252667103603294209","vox","🔍 @Jorgebuxade destapa como las verificadoras Newtral y Maldita cobran dinero de todos.  👁 Los burócratas de Bruselas y el #GobiernoGranHermano te quitan tu dinero para que luego Ana Pastón &amp; Company te censuren 🤦‍♂️","neutral","negative",NA
"1252666507018014722","vox","🤔 ¿Qué hay detrás de Newtral y Maldita y como las utiliza el #GobiernoGranHermano?   ➡ @Jorgebuxade nos lo explica  https://t.co/Fh89kI9vkn","negative","neutral",NA
"1250505111706710025","vox","La maquinaria propagandística subvencionada se pone nerviosa con las verdades que dicen los ""fachas"" a los que no les ""llega bien el riego"".  Nada nuevo 🤷‍♂️  https://t.co/q5z564JXyV","negative","negative",NA
"1250497963048271872","vox","👁 Haz caso únicamente a lo que diga el Gobierno.  👁 Nos apoyan el 97% de los españoles.  👁 Las televisiones que subvencionamos dicen la verdad, evita cualquier otra información.  👁 Monitorizamos las redes sociales por tu bien.  #GobiernoDelBulo  https://t.co/I1zcGAxmdn","neutral","neutral",NA
"1250475940356009985","vox","En VOX seguiremos defendiendo el periodismo independiente y honesto frente a la cloaca subvencionada de la que formáis parte.  Si queréis defender al periodismo, empezad por perseguir las mentiras de quienes prostituyen el periodismo dedicándose al activismo y a la manipulación.","positive","negative",NA
"1250462001425498113","vox","🙅‍♂️ No puede ser que una persona conocida por su sectarismo y su perfil ideológico sea la encargada de dictaminar qué puede o no puede publicarse y además se llene los bolsillos haciéndolo.  Atenta contra la libertad, el pluralismo y el sentido común. ¡Por unas redes sin censuras!  https://t.co/byQAwTeTsS","positive","negative",NA
"1250455371044524032","vox","Ojalá te pareciera tan bonita la imparcialidad. Claro que de ser así no estarías en la televisión del Gobierno 🤷‍♂️  Ahora se entienden las interrupciones a @Macarena_Olona.","negative","negative",NA
"1250408317815570438","vox","📝 Las cartas de @Santi_ABASCAL que VOX ha enviado al PSOE y PP.  ""El Programa #ProtejamosEspaña 🇪🇸 constituye una alternativa razonada y razonable a unos nuevos Pactos de la Moncloa, carentes de contenido y de sentido"".  📢 #TrampaDeLaMoncloa  https://t.co/LX5b4BYB9u","positive","negative",NA
"1250401221632024578","vox","⭕ @Santi_ABASCAL no cae en la #TrampaDeLaMoncloa  ➡ ""Mientras el señor Sánchez no cese a Pablo Iglesias y no pague a los españoles a los que impide trabajar, sólo nos dirigiremos a este Gobierno a través de la tribuna del Congreso y lo haremos para exigir su dimisión"".  ⬇⬇⬇  https://t.co/rfTGlivOaw","negative","negative",NA
"1250351796876242945","vox","En la XII Legislatura, tras la moción de censura, Sánchez respondió a Rivera, con 32 diputados, en 7 de 15 sesiones de control.   Ahora, solo acepta responder a @Santi_ABASCAL, con 52 diputados, 1 vez cada 4 sesiones.  Su manual de resistencia se basa en amordazar a la oposición.  https://t.co/wFAgWCIAVO","negative","negative",NA
"1250144013652459526","vox","18.000 muertos y se ríen a carcajadas.   Son unos psicópatas.  https://t.co/jTXTzTRmFr","neutral","negative",NA
"1250123466591940608","vox","⭕ En DIRECTO @Macarena_Olona en @EstadoDAlarmaTV.  ➡ Analizará la censura y el acoso a periodistas, youtubers y políticos en redes por criticar al Gobierno y decir la verdad.  📪 ¡No te lo pierdas!   https://t.co/stIjWEZGNj","negative","neutral",NA
"1250066968247484416","vox","Ocultaron a los trabajadores el riesgo, a pesar de que conocían el foco en Moncloa y en el Ministerio de Igualdad.  Mientras los trabajadores acudían, ellos se saltaban alegremente las cuarentenas.  ⬇️⬇️⬇️  https://t.co/OxDKJbcFps","positive","negative",NA
"1250063713018818561","vox","📺 @Santi_ABASCAL ""Los partidos separatistas seguirán sosteniendo en el poder al presidente más débil e incompetente de nuestra democracia"".  https://t.co/qJEIUNVJMe","positive","negative",NA
"1250063707507494912","vox","📺 @Santi_ABASCAL ""Sánchez me ha dicho datos completamente erróneos de forma deliberada o porque  carece de información suficiente"".  https://t.co/JgLh4kkGZ2","positive","negative",NA
"1250063704042942466","vox","📺 @Santi_ABASCAL ""Que el Gobierno recupere la interlocución con VOX con motivo de la crisis del coronavirus no se ha hecho con una intención patriótica sino por intereses espurios"".  https://t.co/hCYzELjKVr","negative","negative",NA
"1250063700750450695","vox","📺 @Santi_ABASCAL ""No le cogí el teléfono a Sánchez porque entendemos que el lugar para hablar con el presidente es la tribuna del Congreso y es algo que se nos estaba hurtando"".  https://t.co/qa3pQUFPu1","positive","negative",NA
"1250063697214672902","vox","📺 @Santi_ABASCAL ""El Gobierno ha comprado las televisiones con el dinero que confisca a los autónomos y las Pymes"".  📢 #AutónomosAbandonados  https://t.co/o69BXNyvmH","neutral","negative",NA
"1250063692311429127","vox","📺 @Santi_ABASCAL en @eltorotv: ""VOX está estudiando las responsabilidades penales que podría tener el Gobierno. La ocultación de información sobre los focos de contagio el 8-M supone una brutal negligencia"".  📢 #GobiernoDimisión  ⬇ Hilo con sus intervenciones ⬇  https://t.co/MDFX6zAjiD","negative","negative",NA
"1249990901411262465","vox","💪 Gran trabajo de nuestros diputados de Castilla y León al conseguir que el TSJ ordene el recuento de fallecimientos.  Los familiares tienen derecho a conocer la causa de la muerte de sus seres queridos. Y el #GobiernoDelBulo no puede ocultar la verdad a todos los españoles.","positive","negative",NA
"1249697172184010752","vox","📹 Rueda de prensa completa de @Jorgebuxade en nuestro canal de Youtube.  ⬇️⬇️⬇️   https://t.co/apP6GwE9pk","neutral","neutral",NA
"1249692750905303041","vox","📢 @Jorgebuxade sobre la llamada telefónica de Sánchez:   ""Sánchez deberá llamar a @Santi_ABASCAL con apertura de miras para que se constituya un Gobierno de Emergencia Nacional formado por técnicos, sin la intromisión chavista ni separatista"".  https://t.co/8vLbNX6dmV","negative","neutral",NA
